Symbol,Date,Open,High,Low,Close,Adj Close,Volume
ABMD,6/20/2018,441.100006,450.929993,441.100006,446.209991,446.209991,583000
ABMD,6/21/2018,450.059998,450.649994,433.51001,438.269989,438.269989,603200
ABMD,6/22/2018,443.149994,444.070007,426.98999,427.290009,427.290009,1043000
ABMD,6/25/2018,420.73999,421.98999,402.179993,416.200012,416.200012,1083000
ABMD,6/26/2018,419.230011,430.769989,413.019989,428.369995,428.369995,846300
ABMD,6/27/2018,429.200012,432.619995,409.579987,410.640015,410.640015,635300
ABMD,6/28/2018,409.089996,417.5,398,413.940002,413.940002,743200
ABMD,6/29/2018,419.140015,422.959991,408.850006,409.049988,409.049988,577200
ABMD,7/2/2018,407,415.309998,400.519989,412.51001,412.51001,422600
ABMD,7/3/2018,414.910004,414.970001,408.929993,409.529999,409.529999,314200
ABMD,7/5/2018,410.200012,411.399994,392.200012,400.579987,400.579987,882300
ABMD,7/6/2018,400.720001,409.51001,399,405.98999,405.98999,622900
ABMD,7/9/2018,407.880005,413.859985,403.160004,408.459991,408.459991,608700
ABMD,7/10/2018,413.089996,413.5,399.730011,405.149994,405.149994,644800
ABMD,7/11/2018,402.670013,408,399.179993,403.790009,403.790009,398900
ABMD,7/12/2018,408.190002,415.019989,408.160004,414.609985,414.609985,1290500
ABMD,7/13/2018,416.230011,421.109985,413.869995,418.76001,418.76001,530000
ABMD,7/16/2018,419.329987,421.76001,417.059998,419.380005,419.380005,610800
ABMD,7/17/2018,417.609985,428.609985,417.609985,427.369995,427.369995,1019700
ABMD,7/18/2018,430.190002,432.700012,426.769989,431.549988,431.549988,699700
ABMD,7/19/2018,431.940002,433.559998,425.329987,425.98999,425.98999,536600
ADBE,6/20/2018,253.5,254.800003,250.979996,251.240005,251.240005,2577500
ADBE,6/21/2018,252,252.720001,247.570007,248.830002,248.830002,2639700
ADBE,6/22/2018,248.110001,248.800003,243.259995,243.630005,243.630005,4124500
ADBE,6/25/2018,240.149994,241.960007,235.869995,239.679993,239.679993,4575400
ADBE,6/26/2018,240.669998,244.229996,239.660004,242.25,242.25,2998300
ADBE,6/27/2018,243.460007,244.979996,237.509995,237.679993,237.679993,3499500
ADBE,6/28/2018,236.589996,241.820007,236.440002,239.809998,239.809998,2217200
ADBE,6/29/2018,241.880005,245.490005,241.5,243.809998,243.809998,3774700
ADBE,7/2/2018,241.050003,243.330002,239.600006,243.259995,243.259995,4127400
ADBE,7/3/2018,244.720001,245.940002,241.669998,242.009995,242.009995,1307700
ADBE,7/5/2018,243.039993,244.619995,242.139999,244.179993,244.179993,1863400
ADBE,7/6/2018,244.479996,248.720001,243.220001,248.190002,248.190002,1889700
ADBE,7/9/2018,249.899994,250.660004,246.369995,249.770004,249.770004,2170700
ADBE,7/10/2018,250.470001,250.850006,248.210007,248.630005,248.630005,2012400
ADBE,7/11/2018,246.649994,249.740005,245.850006,248.119995,248.119995,1730600
ADBE,7/12/2018,249.940002,255.050003,249.380005,254.869995,254.869995,2761600
ADBE,7/13/2018,254.639999,259.51001,253.490005,258.589996,258.589996,3934100
ADBE,7/16/2018,258.630005,259.040009,253.830002,254.679993,254.679993,2165100
ADBE,7/17/2018,252.679993,258.679993,250.710007,258.309998,258.309998,2552000
ADBE,7/18/2018,257.859985,260.940002,256.540009,259.779999,259.779999,2637000
ADBE,7/19/2018,258,259.600006,256.359985,257.679993,257.679993,1941000
ALGN,6/20/2018,368.01001,369.200012,362.690002,364.700012,364.700012,794200
ALGN,6/21/2018,365.660004,369,359.149994,359.600006,359.600006,1019500
ALGN,6/22/2018,361.570007,363.959991,347.149994,353.269989,353.269989,1296500
ALGN,6/25/2018,350,350.470001,341.279999,346.299988,346.299988,1174100
ALGN,6/26/2018,349.269989,357.690002,348.299988,352.420013,352.420013,939900
ALGN,6/27/2018,352.420013,356.470001,342.26001,342.779999,342.779999,1009800
ALGN,6/28/2018,340.570007,345.899994,334.440002,343.799988,343.799988,1262200
ALGN,6/29/2018,345.709991,346.130005,341.700012,342.140015,342.140015,937600
ALGN,7/2/2018,334.899994,341.049988,332.01001,340.279999,340.279999,1047100
ALGN,7/3/2018,341.100006,344.519989,337.109985,338.679993,338.679993,475400
ALGN,7/5/2018,342.179993,343.230011,333.570007,341.380005,341.380005,737500
ALGN,7/6/2018,341.390015,349.700012,338.799988,347.470001,347.470001,641600
ALGN,7/9/2018,350.579987,354.119995,345.440002,348.970001,348.970001,784900
ALGN,7/10/2018,350,352.829987,347.25,351.450012,351.450012,594600
ALGN,7/11/2018,346.980011,352.399994,345.5,348.869995,348.869995,433400
ALGN,7/12/2018,350.309998,363.040009,350.309998,362.820007,362.820007,810200
ALGN,7/13/2018,364,368.970001,361.290009,363.450012,363.450012,734000
ALGN,7/16/2018,365,366.320007,358.019989,362.279999,362.279999,400600
ALGN,7/17/2018,359.589996,371.049988,357.459991,370.529999,370.529999,558900
ALGN,7/18/2018,373.859985,375.329987,367.809998,372.309998,372.309998,452100
ALGN,7/19/2018,369.880005,373.48999,365,370.320007,370.320007,560000
AMD,6/20/2018,16.83,17.129999,16.370001,16.52,16.52,76280600
AMD,6/21/2018,16.65,16.870001,15.46,15.65,15.65,95638400
AMD,6/22/2018,15.78,15.91,15.56,15.8,15.8,59257100
AMD,6/25/2018,15.64,15.74,14.54,15.11,15.11,94418400
AMD,6/26/2018,15.32,15.6,15.1,15.5,15.5,54213500
AMD,6/27/2018,15.65,15.76,14.96,14.97,14.97,56014300
AMD,6/28/2018,14.85,15.36,14.75,15.31,15.31,48716800
AMD,6/29/2018,15.41,15.49,14.98,14.99,14.99,41527800
AMD,7/2/2018,14.8,15.18,14.74,15.16,15.16,43398800
AMD,7/3/2018,15.21,15.34,14.96,15,15,32094000
AMD,7/5/2018,15.13,15.5,15.02,15.5,15.5,40703300
AMD,7/6/2018,15.52,16.389999,15.48,16.360001,16.360001,65101700
AMD,7/9/2018,16.73,16.84,16.17,16.610001,16.610001,58525500
AMD,7/10/2018,16.59,16.65,16.309999,16.549999,16.549999,37093000
AMD,7/11/2018,16.15,16.530001,16.02,16.27,16.27,42544100
AMD,7/12/2018,16.41,16.790001,16.379999,16.559999,16.559999,44188100
AMD,7/13/2018,16.68,16.690001,16.219999,16.27,16.27,40614100
AMD,7/16/2018,16.42,17,16.41,16.58,16.58,65275300
AMD,7/17/2018,16.5,16.879999,16.48,16.870001,16.870001,42313500
AMD,7/18/2018,16.940001,16.99,16.549999,16.85,16.85,40881500
AMD,7/19/2018,16.709999,16.879999,16.549999,16.709999,16.709999,41196900
AMZN,6/20/2018,1742.5,1762.930054,1741.359985,1750.079956,1750.079956,4332600
AMZN,6/21/2018,1760,1763.099976,1717.560059,1730.219971,1730.219971,4941100
AMZN,6/22/2018,1742.619995,1743,1711.900024,1715.670044,1715.670044,4075100
AMZN,6/25/2018,1702.51001,1705,1646.310059,1663.150024,1663.150024,7511200
AMZN,6/26/2018,1672.369995,1701.569946,1663.339966,1691.089966,1691.089966,4386600
AMZN,6/27/2018,1708.109985,1711.949951,1660,1660.51001,1660.51001,4872200
AMZN,6/28/2018,1672.540039,1705.5,1661.170044,1701.449951,1701.449951,4529700
AMZN,6/29/2018,1717,1723.410034,1694.319946,1699.800049,1699.800049,4543500
AMZN,7/2/2018,1682.699951,1713.890015,1678.060059,1713.780029,1713.780029,3185700
AMZN,7/3/2018,1723.959961,1725,1692.47998,1693.959961,1693.959961,2177300
AMZN,7/5/2018,1705.380005,1710.689941,1682.150024,1699.72998,1699.72998,2983100
AMZN,7/6/2018,1696,1715.27002,1691.670044,1710.630005,1710.630005,2650300
AMZN,7/9/2018,1724.050049,1739.560059,1716.22998,1739.02002,1739.02002,3012000
AMZN,7/10/2018,1738.530029,1750,1731,1743.069946,1743.069946,3002900
AMZN,7/11/2018,1737.98999,1756.959961,1734,1755,1755,3209800
AMZN,7/12/2018,1764.51001,1798,1762.180054,1796.619995,1796.619995,4532700
AMZN,7/13/2018,1803.930054,1815.300049,1795.22998,1813.030029,1813.030029,4383200
AMZN,7/16/2018,1821.949951,1841.949951,1814.449951,1822.48999,1822.48999,5466200
AMZN,7/17/2018,1811.560059,1851.689941,1797.380005,1843.930054,1843.930054,5682900
AMZN,7/18/2018,1848,1858.880005,1831.27002,1842.920044,1842.920044,4861900
AMZN,7/19/2018,1829.459961,1841,1811.27002,1812.969971,1812.969971,4624200
APC,6/20/2018,69.769997,70.389999,68.739998,70.099998,70.099998,4941400
APC,6/21/2018,69.75,70.080002,68.879997,69.459999,69.459999,4884400
APC,6/22/2018,72.239998,74.720001,71.959999,74.110001,74.110001,11491200
APC,6/25/2018,73.830002,74.349998,71.370003,71.889999,71.889999,4605600
APC,6/26/2018,72.190002,73.370003,71.370003,73.07,73.07,5008400
APC,6/27/2018,73.949997,75.5,73.879997,74.330002,74.330002,5773000
APC,6/28/2018,74.769997,75.099998,73.190002,73.580002,73.580002,4125500
APC,6/29/2018,73.529999,74.889999,73.220001,73.25,73.25,4443800
APC,7/2/2018,72.699997,72.760002,71.629997,72.440002,72.440002,3623900
APC,7/3/2018,73.589996,74.739998,72.980003,73.459999,73.459999,2185400
APC,7/5/2018,73.940002,74.239998,72.309998,72.580002,72.580002,2853800
APC,7/6/2018,71.889999,74,71.800003,73.660004,73.660004,2880400
APC,7/9/2018,74.230003,75.190002,74.230003,75.18,75.18,5557400
APC,7/10/2018,75.800003,76.699997,74.779999,75.470001,75.470001,4230200
APC,7/11/2018,74.5,75.220001,72.400002,73.349998,73.349998,3778000
APC,7/12/2018,73.589996,74.050003,72.610001,73.690002,73.690002,2887500
APC,7/13/2018,73.610001,75.269997,73.43,74.589996,74.589996,2825300
APC,7/16/2018,73.300003,73.900002,71.580002,72.839996,72.839996,3239700
APC,7/17/2018,72.150002,72.230003,70.940002,71.43,71.43,3855900
APC,7/18/2018,71.010002,71.730003,70.120003,71.5,71.5,3018400
APC,7/19/2018,71.150002,71.629997,70.470001,71.080002,71.080002,3377500
CMG,6/20/2018,469.299988,470.76001,462.160004,465.5,465.5,372800
CMG,6/21/2018,468.600006,473.959991,462.73999,463.160004,463.160004,507100
CMG,6/22/2018,469.190002,474.459991,464.079987,469.940002,469.940002,662000
CMG,6/25/2018,467,467.649994,450.589996,454.170013,454.170013,794100
CMG,6/26/2018,455.459991,465.149994,455,461.700012,461.700012,907700
CMG,6/27/2018,460,467.51001,455.200012,457.23999,457.23999,628600
CMG,6/28/2018,434.549988,440.440002,415.059998,428.359985,428.359985,2254100
CMG,6/29/2018,433,437.600006,429.279999,431.369995,431.369995,1022000
CMG,7/2/2018,427.980011,442.98999,424.359985,442.820007,442.820007,701300
CMG,7/3/2018,443.5,450.470001,441.019989,448.950012,448.950012,457000
CMG,7/5/2018,450,450,444.630005,448.019989,448.019989,472500
CMG,7/6/2018,449.850006,451.820007,445.619995,451.040009,451.040009,573500
CMG,7/9/2018,454.380005,464.570007,452.76001,463.890015,463.890015,729900
CMG,7/10/2018,455.720001,461.140015,452.559998,454.209991,454.209991,671300
CMG,7/11/2018,452.73999,459.790009,452.170013,457.179993,457.179993,580600
CMG,7/12/2018,459.890015,464.390015,458.399994,459.049988,459.049988,405100
CMG,7/13/2018,458.600006,461,456.670013,457.209991,457.209991,349400
CMG,7/16/2018,455.160004,458.220001,448.950012,452.059998,452.059998,531900
CMG,7/17/2018,451.290009,459.779999,448.529999,452.540009,452.540009,531500
CMG,7/18/2018,453.769989,454.73999,448.200012,453.579987,453.579987,308300
CMG,7/19/2018,453,458.309998,452,454.829987,454.829987,291500
FOXA,6/20/2018,47.59,48.52,47.259998,48.080002,48.080002,66699000
FOXA,6/21/2018,48.689999,49.240002,48.18,48.349998,48.349998,37866000
FOXA,6/22/2018,48.599998,49.189999,48.52,48.610001,48.610001,15500800
FOXA,6/25/2018,48.5,48.650002,47.849998,48.139999,48.139999,14087500
FOXA,6/26/2018,48.220001,48.66,47.5,47.68,47.68,23826000
FOXA,6/27/2018,48.48,49.049999,47.889999,48.799999,48.799999,29347100
FOXA,6/28/2018,49.130001,49.830002,49.060001,49.790001,49.790001,16554100
FOXA,6/29/2018,49.610001,50.150002,49.48,49.689999,49.689999,13211400
FOXA,7/2/2018,49.560001,49.880001,48.93,49.200001,49.200001,11455000
FOXA,7/3/2018,49.400002,49.5,48.389999,48.599998,48.599998,7087700
FOXA,7/5/2018,49.040001,49.080002,48.290001,48.740002,48.740002,13220900
FOXA,7/6/2018,48.860001,49.150002,48.59,48.93,48.93,14853100
FOXA,7/9/2018,48.919998,49.59,48.48,49.560001,49.560001,12522000
FOXA,7/10/2018,49.560001,50.060001,49.549999,49.77,49.77,12638500
FOXA,7/11/2018,49.299999,49.32,47.240002,47.790001,47.790001,37977100
FOXA,7/12/2018,47.970001,48.060001,47.25,47.380001,47.380001,21256000
FOXA,7/13/2018,47.110001,47.630001,46.98,47.560001,47.560001,21135000
FOXA,7/16/2018,47.48,47.509998,46.279999,46.709999,46.709999,18565900
FOXA,7/17/2018,46.450001,46.889999,46.380001,46.470001,46.470001,13024100
FOXA,7/18/2018,46.360001,46.830002,46.360001,46.68,46.68,7698200
FOXA,7/19/2018,46,46.650002,45.709999,46.650002,46.650002,41717100
HES,6/20/2018,62.299999,63.16,61.720001,62.639999,62.639999,5572100
HES,6/21/2018,62.209999,62.310001,61.360001,61.709999,61.709999,3545600
HES,6/22/2018,63.599998,65.220001,63.290001,64.57,64.57,6791900
HES,6/25/2018,64.169998,64.580002,62.139999,62.290001,62.290001,4374900
HES,6/26/2018,62.720001,63.959999,61.91,63.77,63.77,2553800
HES,6/27/2018,64.889999,67.150002,64.849998,65.57,65.57,5399900
HES,6/28/2018,65.93,66.330002,64.879997,65.559998,65.559998,3294400
HES,6/29/2018,66.269997,68.400002,66.089996,66.889999,66.889999,5443100
HES,7/2/2018,65.870003,66.230003,64.440002,64.889999,64.889999,3023800
HES,7/3/2018,65.910004,67.68,65.559998,65.959999,65.959999,1713400
HES,7/5/2018,66.620003,66.919998,65.82,66.379997,66.379997,2664300
HES,7/6/2018,65.709999,67.889999,65.629997,67.550003,67.550003,2138700
HES,7/9/2018,68.150002,69.25,67.779999,69.209999,69.209999,2639300
HES,7/10/2018,69.900002,71.139999,69,69.599998,69.599998,2530800
HES,7/11/2018,68.480003,69.019997,66.019997,66.82,66.82,3845100
HES,7/12/2018,67.419998,67.779999,65.650002,66.739998,66.739998,3117500
HES,7/13/2018,66.809998,67.459999,66.400002,66.540001,66.540001,3040900
HES,7/16/2018,65.129997,65.809998,63.369999,63.880001,63.880001,3649000
HES,7/17/2018,63.220001,63.84,62.619999,63.459999,63.459999,3666400
HES,7/18/2018,63.080002,64.440002,62.02,64.139999,64.139999,2801100
HES,7/19/2018,64.139999,65,64.089996,64.5,64.5,2442700
IDXX,6/20/2018,225.550003,227.389999,224.5,224.979996,224.979996,245500
IDXX,6/21/2018,225.110001,226.539993,220.710007,221.910004,221.910004,255800
IDXX,6/22/2018,222.479996,224.169998,220.639999,222.899994,222.899994,520100
IDXX,6/25/2018,222.029999,223.75,216.110001,217.490005,217.490005,401800
IDXX,6/26/2018,217.779999,219.779999,216.759995,217.339996,217.339996,428700
IDXX,6/27/2018,218.309998,219.429993,211.660004,212.740005,212.740005,416300
IDXX,6/28/2018,212.330002,218.699997,212.330002,217.470001,217.470001,314400
IDXX,6/29/2018,217.940002,220.860001,217.330002,217.940002,217.940002,475400
IDXX,7/2/2018,216.830002,221.5,215.279999,221.279999,221.279999,325500
IDXX,7/3/2018,222.089996,222.729996,218.029999,218.820007,218.820007,234000
IDXX,7/5/2018,220.259995,222.360001,217.25,221.839996,221.839996,407300
IDXX,7/6/2018,222.179993,225.940002,222.179993,225.529999,225.529999,346300
IDXX,7/9/2018,226.429993,229.979996,226.429993,229.509995,229.509995,540200
IDXX,7/10/2018,236.880005,237.940002,230.350006,234.100006,234.100006,684400
IDXX,7/11/2018,232.949997,235.929993,231.559998,234.160004,234.160004,416500
IDXX,7/12/2018,235.309998,237.520004,234.589996,237.460007,237.460007,329600
IDXX,7/13/2018,237.460007,238.720001,236.110001,238.149994,238.149994,198700
IDXX,7/16/2018,238.979996,239.669998,236.539993,237.919998,237.919998,253700
IDXX,7/17/2018,236.630005,240.5,236.630005,239.789993,239.789993,340800
IDXX,7/18/2018,239.809998,241.610001,238.410004,239.100006,239.100006,300800
IDXX,7/19/2018,239.149994,243.740005,238.149994,242.820007,242.820007,344700
KSS,6/20/2018,75.910004,76.720001,74.779999,76.459999,76.459999,2488600
KSS,6/21/2018,76.199997,77.919998,76.169998,77.330002,77.330002,2594500
KSS,6/22/2018,77.550003,77.550003,73.529999,73.839996,73.839996,3754500
KSS,6/25/2018,73.860001,74.269997,72.32,72.93,72.93,3147500
KSS,6/26/2018,73.269997,74.800003,73.010002,74.32,74.32,2596000
KSS,6/27/2018,74.550003,75.75,73.599998,73.75,73.75,2392200
KSS,6/28/2018,73.330002,74.480003,72.519997,73.709999,73.709999,2549800
KSS,6/29/2018,74.629997,75.040001,72.839996,72.900002,72.900002,2712700
KSS,7/2/2018,72.300003,72.370003,70.419998,71.330002,71.330002,3350800
KSS,7/3/2018,71.830002,73.129997,71.75,72.199997,72.199997,1279900
KSS,7/5/2018,72.510002,72.610001,71.5,72.059998,72.059998,2009500
KSS,7/6/2018,71.510002,72.150002,70.709999,71.379997,71.379997,1813000
KSS,7/9/2018,72.040001,72.220001,70.419998,71.059998,71.059998,2612700
KSS,7/10/2018,70.860001,71.760002,70.5,71.220001,71.220001,1704600
KSS,7/11/2018,70.800003,71.050003,69.480003,70.199997,70.199997,2053200
KSS,7/12/2018,70.349998,70.349998,68.209999,69.379997,69.379997,3692100
KSS,7/13/2018,69.449997,70.790001,68.959999,69.129997,69.129997,2707800
KSS,7/16/2018,69.389999,70.919998,68.379997,70.650002,70.650002,3471100
KSS,7/17/2018,70.339996,71.349998,69.690002,70.93,70.93,2692800
KSS,7/18/2018,71.120003,72.419998,70.550003,72.330002,72.330002,2440100
KSS,7/19/2018,72.57,74.839996,72.519997,74.43,74.43,4983400
M,6/20/2018,38.950001,39.630001,38.650002,39.619999,39.619999,5136200
M,6/21/2018,39.25,39.77,39.110001,39.32,39.32,4897200
M,6/22/2018,39.68,39.709999,37.200001,37.43,37.43,7737700
M,6/25/2018,37.5,37.68,36.709999,36.970001,36.970001,7588900
M,6/26/2018,37,37.91,36.700001,37.860001,37.860001,6398100
M,6/27/2018,38.209999,38.919998,37.790001,37.880001,37.880001,6102200
M,6/28/2018,37.669998,38.619999,37.509998,38.48,38.48,4930500
M,6/29/2018,38.880001,38.950001,37.400002,37.43,37.43,4854400
M,7/2/2018,36.950001,37.110001,36.009998,36.540001,36.540001,7543000
M,7/3/2018,36.959999,37.52,36.740002,37.130001,37.130001,2981800
M,7/5/2018,37.48,37.48,36.470001,36.889999,36.889999,4213400
M,7/6/2018,36.700001,37.360001,36.380001,36.889999,36.889999,4197500
M,7/9/2018,37.189999,37.470001,36.209999,36.459999,36.459999,5836500
M,7/10/2018,36.310001,37.25,36.299999,36.720001,36.720001,6810800
M,7/11/2018,36.52,36.580002,35.799999,36.439999,36.439999,4536700
M,7/12/2018,36.389999,36.450001,35.310001,36.119999,36.119999,8728100
M,7/13/2018,36.049999,36.869999,35.950001,36.389999,36.389999,6018400
M,7/16/2018,36.57,37.290001,35.93,36.990002,36.990002,7190300
M,7/17/2018,36.779999,37.360001,36.639999,37.07,37.07,5874000
M,7/18/2018,37.169998,37.709999,36.849998,37.700001,37.700001,4491600
M,7/19/2018,37.790001,39.07,37.77,38.959999,38.959999,8734400
NFLX,6/20/2018,415.149994,419.470001,409.600006,416.76001,416.76001,16494600
NFLX,6/21/2018,421.380005,423.209991,406.369995,415.440002,415.440002,18389900
NFLX,6/22/2018,419.980011,420.5,409.649994,411.089996,411.089996,10428600
NFLX,6/25/2018,404.690002,405.98999,378.75,384.480011,384.480011,22490900
NFLX,6/26/2018,393.279999,404.779999,389.049988,399.390015,399.390015,15191200
NFLX,6/27/2018,407.559998,411.589996,390,390.390015,390.390015,16541400
NFLX,6/28/2018,395,396.899994,387.100006,395.420013,395.420013,12219900
NFLX,6/29/2018,399.190002,401.329987,390.549988,391.429993,391.429993,9252500
NFLX,7/2/2018,385.450012,398.380005,380,398.179993,398.179993,8142500
NFLX,7/3/2018,399.48999,399.980011,389.5,390.519989,390.519989,5280300
NFLX,7/5/2018,393.799988,399.23999,390.859985,398.390015,398.390015,8448900
NFLX,7/6/2018,397.450012,408.649994,395.519989,408.25,408.25,8629600
NFLX,7/9/2018,415.950012,419.119995,411.100006,418.970001,418.970001,11127500
NFLX,7/10/2018,417.23999,419.440002,413.079987,415.630005,415.630005,9382900
NFLX,7/11/2018,411.339996,419.769989,410.600006,418.649994,418.649994,9713900
NFLX,7/12/2018,415.160004,416.790009,407.799988,413.5,413.5,12743300
NFLX,7/13/2018,409.190002,410,395.079987,395.799988,395.799988,15719000
NFLX,7/16/2018,398.980011,403.359985,391.75,400.480011,400.480011,22960000
NFLX,7/17/2018,346.950012,385,344,379.480011,379.480011,58410400
NFLX,7/18/2018,381.23999,383.130005,372.359985,375.130005,375.130005,21746300
NFLX,7/19/2018,371.059998,375.75,363,364.230011,364.230011,16843700
NTAP,6/20/2018,78.309998,78.709999,77.860001,78.160004,77.755501,2246500
NTAP,6/21/2018,78.489998,79.150002,77.690002,77.75,77.347618,2457400
NTAP,6/22/2018,78.339996,78.699997,76.839996,76.959999,76.561707,4008000
NTAP,6/25/2018,76.370003,77.080002,75.339996,76.940002,76.541817,3292800
NTAP,6/26/2018,77.309998,78.25,77.080002,77.93,77.526688,2769700
NTAP,6/27/2018,78.32,79.059998,76.110001,76.339996,75.944916,2640500
NTAP,6/28/2018,76.510002,77.610001,76.209999,77.309998,76.909897,3485400
NTAP,6/29/2018,78.07,79.75,77.739998,78.529999,78.123581,3296500
NTAP,7/2/2018,77.940002,79.57,77.559998,79.18,78.770218,2108000
NTAP,7/3/2018,79.809998,79.900002,77.269997,77.290001,76.889999,1911600
NTAP,7/5/2018,77.849998,77.989998,76.610001,77.779999,77.779999,2929100
NTAP,7/6/2018,77.82,79.019997,77.330002,78.769997,78.769997,1387000
NTAP,7/9/2018,79.300003,79.650002,78.339996,79.389999,79.389999,2436300
NTAP,7/10/2018,79.779999,80.029999,78.449997,79.239998,79.239998,2572500
NTAP,7/11/2018,78.75,80.029999,78.75,79.589996,79.589996,2265200
NTAP,7/12/2018,80.309998,82.129997,80,81.849998,81.849998,2853800
NTAP,7/13/2018,81.650002,82.870003,81.650002,82.699997,82.699997,1470700
NTAP,7/16/2018,82.580002,83.110001,81.5,81.849998,81.849998,2402900
NTAP,7/17/2018,81.459999,83.139999,81.25,82.43,82.43,2665700
NTAP,7/18/2018,82.410004,82.730003,81.389999,82.230003,82.230003,2161200
NTAP,7/19/2018,82.260002,82.879997,81.980003,82.32,82.32,1931500
STX,6/20/2018,58.139999,58.470001,57.799999,58.080002,58.080002,2033600
STX,6/21/2018,58.169998,59.93,57.830002,58.439999,58.439999,2705200
STX,6/22/2018,58.849998,59.16,58.150002,58.220001,58.220001,1959000
STX,6/25/2018,57.75,57.900002,55.459999,55.830002,55.830002,2460000
STX,6/26/2018,56.330002,56.799999,55.900002,56.509998,56.509998,2896600
STX,6/27/2018,56.880001,57.200001,55.650002,55.689999,55.689999,1690600
STX,6/28/2018,55.57,56.720001,55.029999,56.360001,56.360001,1696500
STX,6/29/2018,56.869999,57.41,56.459999,56.470001,56.470001,2091300
STX,7/2/2018,55.419998,57.68,55.34,57.610001,57.610001,2368700
STX,7/3/2018,57.790001,58.119999,56.619999,56.900002,56.900002,1637300
STX,7/5/2018,57.43,58.610001,56.93,58.610001,58.610001,2123300
STX,7/6/2018,58.630001,58.82,57.919998,58.59,58.59,1877200
STX,7/9/2018,58.990002,59.25,58.119999,58.75,58.75,2200400
STX,7/10/2018,58.810001,59.43,58.639999,58.889999,58.889999,1565300
STX,7/11/2018,58.18,58.189999,56.82,57.240002,57.240002,1642100
STX,7/12/2018,57.799999,59.139999,57.799999,59.02,59.02,1653900
STX,7/13/2018,58.709999,59.66,58.5,59.02,59.02,1579900
STX,7/16/2018,58.91,58.91,58.139999,58.450001,58.450001,1240500
STX,7/17/2018,58.189999,58.349998,57.66,58.099998,58.099998,2054000
STX,7/18/2018,58.23,58.91,57.919998,58.099998,58.099998,1565400
STX,7/19/2018,58.09,58.43,56.919998,57.18,57.18,1539400
TRIP,6/20/2018,59.32,59.720001,58.389999,58.549999,58.549999,1679600
TRIP,6/21/2018,58.84,59.380001,56.790001,57.029999,57.029999,1759900
TRIP,6/22/2018,57.029999,57.869999,56.310001,56.66,56.66,3220800
TRIP,6/25/2018,56.650002,56.689999,54.84,55.709999,55.709999,2236600
TRIP,6/26/2018,55.779999,56.830002,55.150002,56.529999,56.529999,2102800
TRIP,6/27/2018,56.75,57.43,55.970001,55.98,55.98,1766100
TRIP,6/28/2018,56.439999,56.990002,55.580002,56.650002,56.650002,1848000
TRIP,6/29/2018,56.799999,57.27,55.689999,55.709999,55.709999,1521300
TRIP,7/2/2018,55.310001,56.880001,54.5,56.110001,56.110001,1812400
TRIP,7/3/2018,56.669998,56.860001,56.119999,56.240002,56.240002,920600
TRIP,7/5/2018,56.66,56.950001,56.049999,56.91,56.91,1640900
TRIP,7/6/2018,56.91,57.779999,55.790001,57.560001,57.560001,1292800
TRIP,7/9/2018,57.689999,57.810001,57.200001,57.700001,57.700001,1356200
TRIP,7/10/2018,57.93,58.240002,57.259998,57.59,57.59,1531500
TRIP,7/11/2018,59.049999,60.419998,58.139999,58.669998,58.669998,3795800
TRIP,7/12/2018,58.759998,59.75,58.400002,59.599998,59.599998,2407800
TRIP,7/13/2018,59.68,59.970001,58.700001,59.130001,59.130001,1328900
TRIP,7/16/2018,59.119999,59.619999,58.689999,59.349998,59.349998,990200
TRIP,7/17/2018,59.259998,60.709999,58.459999,60.369999,60.369999,2172400
TRIP,7/18/2018,60.509998,61.389999,60.060001,60.950001,60.950001,1786600
TRIP,7/19/2018,60.830002,61.240002,60.41,60.68,60.68,988400
TWTR,6/20/2018,45.560001,46.919998,45.439999,46.130001,46.130001,31230200
TWTR,6/21/2018,46.360001,46.869999,44.200001,45.240002,45.240002,32200300
TWTR,6/22/2018,45.580002,46.009998,44.5,45.880001,45.880001,28628900
TWTR,6/25/2018,45.470001,45.52,43.330002,44.169998,44.169998,31379300
TWTR,6/26/2018,44.360001,45.32,43.509998,44.84,44.84,20194100
TWTR,6/27/2018,45.5,46.220001,43.68,43.700001,43.700001,25875500
TWTR,6/28/2018,43.650002,44.84,42.490002,44.790001,44.790001,18911200
TWTR,6/29/2018,45.049999,45.200001,43.560001,43.669998,43.669998,24392900
TWTR,7/2/2018,43.060001,45,42.75,44.98,44.98,16703600
TWTR,7/3/2018,45.360001,45.48,43.799999,43.889999,43.889999,14237500
TWTR,7/5/2018,44.07,45.110001,43.549999,45.060001,45.060001,16172000
TWTR,7/6/2018,44.91,46.75,44.610001,46.650002,46.650002,23740700
TWTR,7/9/2018,46.740002,46.900002,42.080002,44.139999,44.139999,107582400
TWTR,7/10/2018,44.200001,45.259998,43.630001,43.75,43.75,38467400
TWTR,7/11/2018,42.630001,44.099998,42.220001,43.869999,43.869999,35100100
TWTR,7/12/2018,44.799999,45.34,44.360001,45.259998,45.259998,27078500
TWTR,7/13/2018,45.279999,45.32,43.93,44.490002,44.490002,16426700
TWTR,7/16/2018,44.299999,44.73,43.91,44.259998,44.259998,13012800
TWTR,7/17/2018,43.59,45.259998,43.150002,44.709999,44.709999,20122300
TWTR,7/18/2018,44.189999,44.75,42.740002,43.34,43.34,26536800
TWTR,7/19/2018,43.27,43.869999,43.110001,43.439999,43.439999,13262300
UA,6/20/2018,21.07,21.43,20.860001,21.360001,21.360001,2494600
UA,6/21/2018,21.16,21.67,21.025,21.08,21.08,1916900
UA,6/22/2018,21.27,21.360001,20.77,20.790001,20.790001,3222200
UA,6/25/2018,20.67,20.91,20.209999,20.76,20.76,2945900
UA,6/26/2018,20.790001,21.290001,20.665001,21.08,21.08,2043300
UA,6/27/2018,21.049999,21.795,20.91,21.219999,21.219999,2794500
UA,6/28/2018,21.15,21.855,21.02,21.84,21.84,3331500
UA,6/29/2018,22.190001,22.68,21.040001,21.08,21.08,4638700
UA,7/2/2018,20.950001,21.360001,20.540001,21.15,21.15,3962900
UA,7/3/2018,21.24,21.485001,21.040001,21.1,21.1,1491500
UA,7/5/2018,21.200001,21.26,20.450001,20.75,20.75,1816100
UA,7/6/2018,20.75,21.129999,20.665001,20.870001,20.870001,1268600
UA,7/9/2018,20.969999,21.030001,20.32,20.799999,20.799999,2880800
UA,7/10/2018,20.84,21.16,20.743999,21.15,21.15,1797200
UA,7/11/2018,20.84,21.24,20.725,20.84,20.84,1386600
UA,7/12/2018,21,21,20.434999,20.5,20.5,1925700
UA,7/13/2018,20.530001,20.719999,19.875,20.23,20.23,2435000
UA,7/16/2018,20.15,20.41,19.995001,20.110001,20.110001,2564600
UA,7/17/2018,20,20.33,19.940001,20.01,20.01,2611400
UA,7/18/2018,20,20.375,19.92,20.02,20.02,3865100
UA,7/19/2018,19.92,20.34,19.719999,20.190001,20.190001,2817500
