,Date,GVZCLS
0,2008-06-03,22.89
1,2008-06-04,22.69
2,2008-06-05,22.78
3,2008-06-06,23.6
4,2008-06-09,24.47
5,2008-06-10,25.39
6,2008-06-11,25.36
7,2008-06-12,25.04
8,2008-06-13,24.94
9,2008-06-16,24.98
10,2008-06-17,24.45
11,2008-06-18,23.93
12,2008-06-19,24.33
13,2008-06-20,26.22
14,2008-06-23,27.18
15,2008-06-24,26.79
16,2008-06-25,26.78
17,2008-06-26,27.33
18,2008-06-27,26.47
19,2008-06-30,26.92
20,2008-07-01,27.64
21,2008-07-02,27.54
22,2008-07-03,26.85
23,2008-07-04,
24,2008-07-07,26.59
25,2008-07-08,26.12
26,2008-07-09,26.09
27,2008-07-10,26.79
28,2008-07-11,33.32
29,2008-07-14,31.09
30,2008-07-15,30.4
31,2008-07-16,28.41
32,2008-07-17,27.28
33,2008-07-18,27.05
34,2008-07-21,26.61
35,2008-07-22,25.81
36,2008-07-23,25.64
37,2008-07-24,26.15
38,2008-07-25,26.06
39,2008-07-28,26.45
40,2008-07-29,25.46
41,2008-07-30,24.92
42,2008-07-31,22.94
43,2008-08-01,24.73
44,2008-08-04,25.42
45,2008-08-05,26.54
46,2008-08-06,25.67
47,2008-08-07,24.84
48,2008-08-08,26.56
49,2008-08-11,31.79
50,2008-08-12,32.18
51,2008-08-13,28.78
52,2008-08-14,29.01
53,2008-08-15,32.58
54,2008-08-18,32.06
55,2008-08-19,30.89
56,2008-08-20,29.61
57,2008-08-21,29.47
58,2008-08-22,28.12
59,2008-08-25,28.71
60,2008-08-26,28.55
61,2008-08-27,27.91
62,2008-08-28,27.5
63,2008-08-29,27.37
64,2008-09-01,
65,2008-09-02,29.52
66,2008-09-03,29.59
67,2008-09-04,29.79
68,2008-09-05,29.87
69,2008-09-08,30.9
70,2008-09-09,33.08
71,2008-09-10,33.96
72,2008-09-11,35.95
73,2008-09-12,35.08
74,2008-09-15,38.46
75,2008-09-16,40.18
76,2008-09-17,50.36
77,2008-09-18,54.65
78,2008-09-19,47.26
79,2008-09-22,52.36
80,2008-09-23,49.03
81,2008-09-24,43.31
82,2008-09-25,43.94
83,2008-09-26,45.28
84,2008-09-29,50.57
85,2008-09-30,48.92
86,2008-10-01,47.2
87,2008-10-02,52.54
88,2008-10-03,50.05
89,2008-10-06,54.58
90,2008-10-07,51.51
91,2008-10-08,50.93
92,2008-10-09,52.46
93,2008-10-10,64.53
94,2008-10-13,61.23
95,2008-10-14,55.11
96,2008-10-15,55.8
97,2008-10-16,54.91
98,2008-10-17,55.32
99,2008-10-20,49.36
100,2008-10-21,47.95
101,2008-10-22,57.82
102,2008-10-23,54.21
103,2008-10-24,57.9
104,2008-10-27,59.43
105,2008-10-28,60.2
106,2008-10-29,59.65
107,2008-10-30,58.25
108,2008-10-31,55.61
109,2008-11-03,52.8
110,2008-11-04,50.56
111,2008-11-05,47.62
112,2008-11-06,46.71
113,2008-11-07,44.37
114,2008-11-10,44.79
115,2008-11-11,44.5
116,2008-11-12,45.65
117,2008-11-13,48.36
118,2008-11-14,50.31
119,2008-11-17,48.52
120,2008-11-18,46.22
121,2008-11-19,44.95
122,2008-11-20,46.02
123,2008-11-21,53.09
124,2008-11-24,54.34
125,2008-11-25,52.14
126,2008-11-26,49.74
127,2008-11-27,
128,2008-11-28,48.81
129,2008-12-01,49.86
130,2008-12-02,48.06
131,2008-12-03,47.22
132,2008-12-04,46.49
133,2008-12-05,46.24
134,2008-12-08,45.46
135,2008-12-09,44.4
136,2008-12-10,45.46
137,2008-12-11,46.49
138,2008-12-12,46.02
139,2008-12-15,48.54
140,2008-12-16,46.77
141,2008-12-17,46.92
142,2008-12-18,44.61
143,2008-12-19,42.33
144,2008-12-22,41.71
145,2008-12-23,39.71
146,2008-12-24,39.62
147,2008-12-25,
148,2008-12-26,41.93
149,2008-12-29,44.33
150,2008-12-30,43.61
151,2008-12-31,42.89
152,2009-01-01,
153,2009-01-02,41.86
154,2009-01-05,40.31
155,2009-01-06,39.87
156,2009-01-07,39.72
157,2009-01-08,39.68
158,2009-01-09,37.82
159,2009-01-12,36.93
160,2009-01-13,35.24
161,2009-01-14,35.03
162,2009-01-15,35.25
163,2009-01-16,34.45
164,2009-01-19,
165,2009-01-20,37.81
166,2009-01-21,35.95
167,2009-01-22,35.18
168,2009-01-23,39.56
169,2009-01-26,40.27
170,2009-01-27,37.28
171,2009-01-28,37.77
172,2009-01-29,38.7
173,2009-01-30,39.9
174,2009-02-02,40.17
175,2009-02-03,39.2
176,2009-02-04,38.81
177,2009-02-05,38.56
178,2009-02-06,37.9
179,2009-02-09,37.24
180,2009-02-10,37.04
181,2009-02-11,39.18
182,2009-02-12,39.5
183,2009-02-13,37.51
184,2009-02-16,
185,2009-02-17,42.83
186,2009-02-18,43.09
187,2009-02-19,39.21
188,2009-02-20,40.73
189,2009-02-23,42.23
190,2009-02-24,40.87
191,2009-02-25,41.15
192,2009-02-26,39.95
193,2009-02-27,39.06
194,2009-03-02,41.41
195,2009-03-03,38.27
196,2009-03-04,37.05
197,2009-03-05,37.8
198,2009-03-06,38.9
199,2009-03-09,37.71
200,2009-03-10,35.95
201,2009-03-11,35.58
202,2009-03-12,33.85
203,2009-03-13,33.65
204,2009-03-16,35.27
205,2009-03-17,22.58
206,2009-03-18,25.69
207,2009-03-19,41.52
208,2009-03-20,38.9
209,2009-03-23,29.76
210,2009-03-24,36.28
211,2009-03-25,36.28
212,2009-03-26,35.19
213,2009-03-27,33.25
214,2009-03-30,33.62
215,2009-03-31,31.39
216,2009-04-01,32.33
217,2009-04-02,34.39
218,2009-04-03,36.42
219,2009-04-06,32.95
220,2009-04-07,32.07
221,2009-04-08,30.42
222,2009-04-09,28.0
223,2009-04-10,
224,2009-04-13,29.09
225,2009-04-14,28.88
226,2009-04-15,27.47
227,2009-04-16,27.42
228,2009-04-17,27.41
229,2009-04-20,28.45
230,2009-04-21,29.0
231,2009-04-22,28.67
232,2009-04-23,29.92
233,2009-04-24,30.08
234,2009-04-27,30.24
235,2009-04-28,28.53
236,2009-04-29,27.98
237,2009-04-30,26.7
238,2009-05-01,26.44
239,2009-05-04,28.26
240,2009-05-05,27.49
241,2009-05-06,26.77
242,2009-05-07,26.75
243,2009-05-08,25.93
244,2009-05-11,23.6
245,2009-05-12,23.8
246,2009-05-13,25.41
247,2009-05-14,23.08
248,2009-05-15,22.6
249,2009-05-18,22.46
250,2009-05-19,22.41
251,2009-05-20,24.74
252,2009-05-21,27.94
253,2009-05-22,28.34
254,2009-05-25,
255,2009-05-26,26.33
256,2009-05-27,25.82
257,2009-05-28,26.7
258,2009-05-29,28.44
259,2009-06-01,29.5
260,2009-06-02,28.69
261,2009-06-03,27.64
262,2009-06-04,28.16
263,2009-06-05,26.82
264,2009-06-08,27.09
265,2009-06-09,25.03
266,2009-06-10,24.78
267,2009-06-11,24.44
268,2009-06-12,24.79
269,2009-06-15,25.31
270,2009-06-16,23.12
271,2009-06-17,22.8
272,2009-06-18,22.43
273,2009-06-19,21.64
274,2009-06-22,22.1
275,2009-06-23,21.93
276,2009-06-24,22.74
277,2009-06-25,22.72
278,2009-06-26,21.97
279,2009-06-29,21.72
280,2009-06-30,20.9
281,2009-07-01,20.29
282,2009-07-02,19.93
283,2009-07-03,
284,2009-07-06,20.6
285,2009-07-07,20.71
286,2009-07-08,23.58
287,2009-07-09,21.02
288,2009-07-10,20.79
289,2009-07-13,19.27
290,2009-07-14,18.8
291,2009-07-15,19.36
292,2009-07-16,18.26
293,2009-07-17,18.1
294,2009-07-20,18.55
295,2009-07-21,18.05
296,2009-07-22,17.46
297,2009-07-23,18.44
298,2009-07-24,18.04
299,2009-07-27,18.72
300,2009-07-28,19.26
301,2009-07-29,19.39
302,2009-07-30,18.85
303,2009-07-31,20.51
304,2009-08-03,21.11
305,2009-08-04,23.58
306,2009-08-05,22.12
307,2009-08-06,21.13
308,2009-08-07,20.95
309,2009-08-10,20.33
310,2009-08-11,19.61
311,2009-08-12,19.83
312,2009-08-13,19.97
313,2009-08-14,19.56
314,2009-08-17,19.83
315,2009-08-18,18.93
316,2009-08-19,19.38
317,2009-08-20,18.12
318,2009-08-21,19.11
319,2009-08-24,19.65
320,2009-08-25,19.56
321,2009-08-26,19.6
322,2009-08-27,19.52
323,2009-08-28,19.32
324,2009-08-31,20.43
325,2009-09-01,21.4
326,2009-09-02,25.58
327,2009-09-03,28.86
328,2009-09-04,27.23
329,2009-09-07,
330,2009-09-08,26.97
331,2009-09-09,24.71
332,2009-09-10,24.22
333,2009-09-11,25.67
334,2009-09-14,24.78
335,2009-09-15,24.43
336,2009-09-16,25.09
337,2009-09-17,23.53
338,2009-09-18,22.62
339,2009-09-21,23.22
340,2009-09-22,24.53
341,2009-09-23,23.98
342,2009-09-24,22.0
343,2009-09-25,21.79
344,2009-09-28,20.4
345,2009-09-29,20.45
346,2009-09-30,21.54
347,2009-10-01,21.46
348,2009-10-02,21.38
349,2009-10-05,22.78
350,2009-10-06,25.36
351,2009-10-07,24.01
352,2009-10-08,24.88
353,2009-10-09,23.19
354,2009-10-12,22.47
355,2009-10-13,22.34
356,2009-10-14,20.57
357,2009-10-15,20.35
358,2009-10-16,20.76
359,2009-10-19,20.9
360,2009-10-20,20.09
361,2009-10-21,21.53
362,2009-10-22,19.75
363,2009-10-23,19.98
364,2009-10-26,20.87
365,2009-10-27,20.52
366,2009-10-28,21.19
367,2009-10-29,20.72
368,2009-10-30,21.2
369,2009-11-02,22.3
370,2009-11-03,25.25
371,2009-11-04,25.13
372,2009-11-05,22.76
373,2009-11-06,21.45
374,2009-11-09,21.92
375,2009-11-10,22.04
376,2009-11-11,22.45
377,2009-11-12,23.06
378,2009-11-13,21.9
379,2009-11-16,24.34
380,2009-11-17,23.03
381,2009-11-18,24.1
382,2009-11-19,23.96
383,2009-11-20,24.65
384,2009-11-23,25.64
385,2009-11-24,23.56
386,2009-11-25,25.39
387,2009-11-26,
388,2009-11-27,27.14
389,2009-11-30,26.27
390,2009-12-01,26.69
391,2009-12-02,26.74
392,2009-12-03,26.81
393,2009-12-04,29.82
394,2009-12-07,29.12
395,2009-12-08,29.2
396,2009-12-09,28.99
397,2009-12-10,27.86
398,2009-12-11,27.82
399,2009-12-14,25.48
400,2009-12-15,26.05
401,2009-12-16,24.9
402,2009-12-17,27.16
403,2009-12-18,26.59
404,2009-12-21,25.88
405,2009-12-22,25.22
406,2009-12-23,23.36
407,2009-12-24,23.1
408,2009-12-25,
409,2009-12-28,26.02
410,2009-12-29,24.85
411,2009-12-30,24.53
412,2009-12-31,23.71
413,2010-01-01,
414,2010-01-04,24.59
415,2010-01-05,23.34
416,2010-01-06,23.9
417,2010-01-07,23.32
418,2010-01-08,22.04
419,2010-01-11,20.97
420,2010-01-12,21.97
421,2010-01-13,20.63
422,2010-01-14,21.34
423,2010-01-15,21.48
424,2010-01-18,
425,2010-01-19,21.31
426,2010-01-20,22.85
427,2010-01-21,24.82
428,2010-01-22,26.01
429,2010-01-25,24.73
430,2010-01-26,24.35
431,2010-01-27,24.08
432,2010-01-28,23.35
433,2010-01-29,23.87
434,2010-02-01,23.84
435,2010-02-02,22.75
436,2010-02-03,22.09
437,2010-02-04,27.19
438,2010-02-05,27.59
439,2010-02-08,26.88
440,2010-02-09,25.45
441,2010-02-10,26.02
442,2010-02-11,25.48
443,2010-02-12,24.29
444,2010-02-15,
445,2010-02-16,25.38
446,2010-02-17,24.88
447,2010-02-18,24.0
448,2010-02-19,24.05
449,2010-02-22,23.53
450,2010-02-23,23.89
451,2010-02-24,22.68
452,2010-02-25,21.85
453,2010-02-26,21.31
454,2010-03-01,21.13
455,2010-03-02,21.76
456,2010-03-03,21.37
457,2010-03-04,20.06
458,2010-03-05,19.29
459,2010-03-08,19.89
460,2010-03-09,19.88
461,2010-03-10,20.93
462,2010-03-11,20.19
463,2010-03-12,20.16
464,2010-03-15,20.9
465,2010-03-16,20.32
466,2010-03-17,19.8
467,2010-03-18,19.23
468,2010-03-19,19.71
469,2010-03-22,19.06
470,2010-03-23,18.52
471,2010-03-24,20.81
472,2010-03-25,20.27
473,2010-03-26,19.73
474,2010-03-29,19.07
475,2010-03-30,18.16
476,2010-03-31,18.14
477,2010-04-01,17.49
478,2010-04-02,
479,2010-04-05,18.06
480,2010-04-06,17.93
481,2010-04-07,19.13
482,2010-04-08,18.86
483,2010-04-09,19.4
484,2010-04-12,18.27
485,2010-04-13,17.51
486,2010-04-14,17.31
487,2010-04-15,17.44
488,2010-04-16,18.85
489,2010-04-19,18.94
490,2010-04-20,17.69
491,2010-04-21,17.8
492,2010-04-22,17.77
493,2010-04-23,17.9
494,2010-04-26,17.73
495,2010-04-27,17.73
496,2010-04-28,20.13
497,2010-04-29,19.35
498,2010-04-30,20.42
499,2010-05-03,20.93
500,2010-05-04,21.71
501,2010-05-05,21.79
502,2010-05-06,26.31
503,2010-05-07,26.24
504,2010-05-10,24.35
505,2010-05-11,25.96
506,2010-05-12,25.34
507,2010-05-13,24.41
508,2010-05-14,26.21
509,2010-05-17,26.46
510,2010-05-18,26.25
511,2010-05-19,27.05
512,2010-05-20,30.73
513,2010-05-21,27.78
514,2010-05-24,25.72
515,2010-05-25,25.72
516,2010-05-26,24.74
517,2010-05-27,23.0
518,2010-05-28,22.28
519,2010-05-31,
520,2010-06-01,23.15
521,2010-06-02,21.55
522,2010-06-03,21.7
523,2010-06-04,23.15
524,2010-06-07,24.95
525,2010-06-08,24.98
526,2010-06-09,24.58
527,2010-06-10,23.29
528,2010-06-11,21.62
529,2010-06-14,21.79
530,2010-06-15,21.26
531,2010-06-16,20.85
532,2010-06-17,22.78
533,2010-06-18,22.04
534,2010-06-21,22.25
535,2010-06-22,22.37
536,2010-06-23,22.38
537,2010-06-24,22.27
538,2010-06-25,22.06
539,2010-06-28,22.8
540,2010-06-29,24.07
541,2010-06-30,23.46
542,2010-07-01,25.13
543,2010-07-02,22.95
544,2010-07-05,
545,2010-07-06,23.7
546,2010-07-07,22.0
547,2010-07-08,20.26
548,2010-07-09,19.68
549,2010-07-12,18.51
550,2010-07-13,18.99
551,2010-07-14,18.24
552,2010-07-15,17.18
553,2010-07-16,20.13
554,2010-07-19,20.31
555,2010-07-20,20.41
556,2010-07-21,20.5
557,2010-07-22,19.81
558,2010-07-23,20.28
559,2010-07-26,20.98
560,2010-07-27,22.12
561,2010-07-28,21.29
562,2010-07-29,19.74
563,2010-07-30,18.86
564,2010-08-02,18.79
565,2010-08-03,18.42
566,2010-08-04,18.11
567,2010-08-05,18.0
568,2010-08-06,17.82
569,2010-08-09,17.61
570,2010-08-10,18.11
571,2010-08-11,19.0
572,2010-08-12,18.74
573,2010-08-13,18.37
574,2010-08-16,18.5
575,2010-08-17,17.37
576,2010-08-18,17.79
577,2010-08-19,18.14
578,2010-08-20,18.87
579,2010-08-23,18.42
580,2010-08-24,19.11
581,2010-08-25,19.6
582,2010-08-26,18.81
583,2010-08-27,18.39
584,2010-08-30,18.52
585,2010-08-31,19.39
586,2010-09-01,17.98
587,2010-09-02,17.83
588,2010-09-03,17.51
589,2010-09-06,
590,2010-09-07,17.77
591,2010-09-08,17.88
592,2010-09-09,17.41
593,2010-09-10,17.3
594,2010-09-13,16.69
595,2010-09-14,18.24
596,2010-09-15,17.56
597,2010-09-16,18.26
598,2010-09-17,18.08
599,2010-09-20,17.92
600,2010-09-21,17.94
601,2010-09-22,17.36
602,2010-09-23,17.56
603,2010-09-24,17.81
604,2010-09-27,18.22
605,2010-09-28,18.2
606,2010-09-29,18.65
607,2010-09-30,18.65
608,2010-10-01,18.41
609,2010-10-04,18.88
610,2010-10-05,19.58
611,2010-10-06,19.84
612,2010-10-07,21.43
613,2010-10-08,20.65
614,2010-10-11,20.13
615,2010-10-12,20.01
616,2010-10-13,20.85
617,2010-10-14,22.61
618,2010-10-15,21.05
619,2010-10-18,20.89
620,2010-10-19,21.16
621,2010-10-20,20.51
622,2010-10-21,21.11
623,2010-10-22,20.45
624,2010-10-25,20.06
625,2010-10-26,20.16
626,2010-10-27,20.42
627,2010-10-28,20.81
628,2010-10-29,21.24
629,2010-11-01,22.45
630,2010-11-02,21.87
631,2010-11-03,20.68
632,2010-11-04,21.48
633,2010-11-05,21.06
634,2010-11-08,22.38
635,2010-11-09,24.65
636,2010-11-10,24.02
637,2010-11-11,23.22
638,2010-11-12,23.67
639,2010-11-15,23.32
640,2010-11-16,23.56
641,2010-11-17,22.09
642,2010-11-18,21.31
643,2010-11-19,20.13
644,2010-11-22,20.23
645,2010-11-23,21.33
646,2010-11-24,20.59
647,2010-11-25,
648,2010-11-26,15.92
649,2010-11-29,21.51
650,2010-11-30,22.61
651,2010-12-01,22.64
652,2010-12-02,21.69
653,2010-12-03,20.95
654,2010-12-06,20.74
655,2010-12-07,20.97
656,2010-12-08,21.13
657,2010-12-09,20.04
658,2010-12-10,19.63
659,2010-12-13,17.35
660,2010-12-14,16.77
661,2010-12-15,16.87
662,2010-12-16,17.31
663,2010-12-17,16.41
664,2010-12-20,16.3
665,2010-12-21,16.66
666,2010-12-22,16.32
667,2010-12-23,16.23
668,2010-12-24,
669,2010-12-27,17.31
670,2010-12-28,18.7
671,2010-12-29,19.54
672,2010-12-30,19.67
673,2010-12-31,19.53
674,2011-01-03,18.95
675,2011-01-04,18.84
676,2011-01-05,18.83
677,2011-01-06,19.24
678,2011-01-07,18.5
679,2011-01-10,18.32
680,2011-01-11,17.52
681,2011-01-12,16.92
682,2011-01-13,18.46
683,2011-01-14,18.72
684,2011-01-17,
685,2011-01-18,17.66
686,2011-01-19,17.95
687,2011-01-20,18.53
688,2011-01-21,19.06
689,2011-01-24,18.99
690,2011-01-25,18.73
691,2011-01-26,18.86
692,2011-01-27,18.87
693,2011-01-28,18.65
694,2011-01-31,18.33
695,2011-02-01,17.7
696,2011-02-02,17.22
697,2011-02-03,17.74
698,2011-02-04,17.0
699,2011-02-07,16.14
700,2011-02-08,15.61
701,2011-02-09,15.84
702,2011-02-10,15.49
703,2011-02-11,15.87
704,2011-02-14,15.56
705,2011-02-15,15.23
706,2011-02-16,15.13
707,2011-02-17,15.3
708,2011-02-18,16.17
709,2011-02-21,
710,2011-02-22,16.83
711,2011-02-23,18.02
712,2011-02-24,16.62
713,2011-02-25,15.69
714,2011-02-28,15.98
715,2011-03-01,17.46
716,2011-03-02,17.91
717,2011-03-03,17.56
718,2011-03-04,17.5
719,2011-03-07,17.79
720,2011-03-08,17.35
721,2011-03-09,16.65
722,2011-03-10,17.18
723,2011-03-11,17.65
724,2011-03-14,17.95
725,2011-03-15,19.04
726,2011-03-16,18.74
727,2011-03-17,18.16
728,2011-03-18,18.1
729,2011-03-21,17.01
730,2011-03-22,16.63
731,2011-03-23,16.83
732,2011-03-24,17.61
733,2011-03-25,16.95
734,2011-03-28,17.09
735,2011-03-29,16.4
736,2011-03-30,15.91
737,2011-03-31,17.16
738,2011-04-01,16.24
739,2011-04-04,15.82
740,2011-04-05,16.41
741,2011-04-06,16.05
742,2011-04-07,15.74
743,2011-04-08,15.59
744,2011-04-11,15.26
745,2011-04-12,15.65
746,2011-04-13,14.72
747,2011-04-14,15.06
748,2011-04-15,15.78
749,2011-04-18,16.73
750,2011-04-19,16.31
751,2011-04-20,16.38
752,2011-04-21,15.7
753,2011-04-22,
754,2011-04-25,18.32
755,2011-04-26,17.3
756,2011-04-27,17.76
757,2011-04-28,17.82
758,2011-04-29,20.25
759,2011-05-02,21.11
760,2011-05-03,19.61
761,2011-05-04,19.8
762,2011-05-05,22.06
763,2011-05-06,21.4
764,2011-05-09,19.95
765,2011-05-10,19.14
766,2011-05-11,19.47
767,2011-05-12,19.23
768,2011-05-13,19.77
769,2011-05-16,19.33
770,2011-05-17,19.0
771,2011-05-18,18.15
772,2011-05-19,17.44
773,2011-05-20,17.55
774,2011-05-23,18.3
775,2011-05-24,17.84
776,2011-05-25,17.53
777,2011-05-26,16.66
778,2011-05-27,16.62
779,2011-05-30,
780,2011-05-31,16.74
781,2011-06-01,17.74
782,2011-06-02,17.38
783,2011-06-03,16.79
784,2011-06-06,18.12
785,2011-06-07,16.84
786,2011-06-08,16.56
787,2011-06-09,16.06
788,2011-06-10,16.51
789,2011-06-13,16.95
790,2011-06-14,15.33
791,2011-06-15,17.32
792,2011-06-16,17.61
793,2011-06-17,17.03
794,2011-06-20,16.64
795,2011-06-21,15.99
796,2011-06-22,16.1
797,2011-06-23,16.97
798,2011-06-24,17.79
799,2011-06-27,17.52
800,2011-06-28,16.84
801,2011-06-29,15.79
802,2011-06-30,15.34
803,2011-07-01,15.06
804,2011-07-04,
805,2011-07-05,15.15
806,2011-07-06,15.81
807,2011-07-07,15.29
808,2011-07-08,15.18
809,2011-07-11,16.3
810,2011-07-12,17.63
811,2011-07-13,18.22
812,2011-07-14,17.9
813,2011-07-15,16.91
814,2011-07-18,18.96
815,2011-07-19,18.14
816,2011-07-20,17.91
817,2011-07-21,17.4
818,2011-07-22,16.98
819,2011-07-25,18.69
820,2011-07-26,18.58
821,2011-07-27,19.24
822,2011-07-28,18.99
823,2011-07-29,19.53
824,2011-08-01,19.58
825,2011-08-02,20.09
826,2011-08-03,19.95
827,2011-08-04,22.28
828,2011-08-05,21.74
829,2011-08-08,28.21
830,2011-08-09,31.13
831,2011-08-10,32.2
832,2011-08-11,29.76
833,2011-08-12,25.91
834,2011-08-15,24.81
835,2011-08-16,26.68
836,2011-08-17,25.12
837,2011-08-18,26.81
838,2011-08-19,28.91
839,2011-08-22,33.09
840,2011-08-23,33.42
841,2011-08-24,33.29
842,2011-08-25,34.42
843,2011-08-26,33.03
844,2011-08-29,32.55
845,2011-08-30,32.12
846,2011-08-31,30.42
847,2011-09-01,28.06
848,2011-09-02,30.16
849,2011-09-05,
850,2011-09-06,34.17
851,2011-09-07,34.11
852,2011-09-08,34.43
853,2011-09-09,37.58
854,2011-09-12,37.2
855,2011-09-13,32.49
856,2011-09-14,29.83
857,2011-09-15,29.46
858,2011-09-16,28.86
859,2011-09-19,30.7
860,2011-09-20,30.63
861,2011-09-21,29.68
862,2011-09-22,32.19
863,2011-09-23,39.17
864,2011-09-26,39.86
865,2011-09-27,36.55
866,2011-09-28,39.95
867,2011-09-29,37.08
868,2011-09-30,37.03
869,2011-10-03,36.92
870,2011-10-04,37.74
871,2011-10-05,36.94
872,2011-10-06,35.22
873,2011-10-07,33.16
874,2011-10-10,31.26
875,2011-10-11,30.62
876,2011-10-12,29.51
877,2011-10-13,28.48
878,2011-10-14,26.61
879,2011-10-17,28.93
880,2011-10-18,29.17
881,2011-10-19,31.13
882,2011-10-20,32.08
883,2011-10-21,28.89
884,2011-10-24,26.98
885,2011-10-25,29.92
886,2011-10-26,30.79
887,2011-10-27,27.58
888,2011-10-28,25.84
889,2011-10-31,27.45
890,2011-11-01,29.7
891,2011-11-02,30.16
892,2011-11-03,30.12
893,2011-11-04,28.37
894,2011-11-07,30.24
895,2011-11-08,29.21
896,2011-11-09,29.85
897,2011-11-10,28.81
898,2011-11-11,27.85
899,2011-11-14,27.85
900,2011-11-15,26.75
901,2011-11-16,26.94
902,2011-11-17,28.86
903,2011-11-18,27.59
904,2011-11-21,30.07
905,2011-11-22,27.56
906,2011-11-23,27.81
907,2011-11-24,
908,2011-11-25,20.46
909,2011-11-28,26.61
910,2011-11-29,25.74
911,2011-11-30,25.32
912,2011-12-01,24.55
913,2011-12-02,23.51
914,2011-12-05,24.97
915,2011-12-06,24.52
916,2011-12-07,24.15
917,2011-12-08,25.18
918,2011-12-09,23.13
919,2011-12-12,23.66
920,2011-12-13,24.1
921,2011-12-14,28.63
922,2011-12-15,27.28
923,2011-12-16,24.8
924,2011-12-19,23.42
925,2011-12-20,21.33
926,2011-12-21,21.22
927,2011-12-22,20.23
928,2011-12-23,19.67
929,2011-12-26,
930,2011-12-27,20.81
931,2011-12-28,24.33
932,2011-12-29,23.12
933,2011-12-30,23.24
934,2012-01-02,
935,2012-01-03,22.9
936,2012-01-04,22.08
937,2012-01-05,22.34
938,2012-01-06,21.3
939,2012-01-09,21.47
940,2012-01-10,21.51
941,2012-01-11,22.34
942,2012-01-12,21.6
943,2012-01-13,21.2
944,2012-01-16,
945,2012-01-17,21.6
946,2012-01-18,21.14
947,2012-01-19,20.34
948,2012-01-20,19.58
949,2012-01-23,20.18
950,2012-01-24,20.08
951,2012-01-25,22.24
952,2012-01-26,21.71
953,2012-01-27,20.82
954,2012-01-30,21.23
955,2012-01-31,20.93
956,2012-02-01,21.54
957,2012-02-02,21.93
958,2012-02-03,21.05
959,2012-02-06,21.2
960,2012-02-07,20.45
961,2012-02-08,20.69
962,2012-02-09,20.03
963,2012-02-10,19.73
964,2012-02-13,19.07
965,2012-02-14,19.24
966,2012-02-15,19.28
967,2012-02-16,19.21
968,2012-02-17,18.61
969,2012-02-20,
970,2012-02-21,19.94
971,2012-02-22,19.84
972,2012-02-23,19.76
973,2012-02-24,19.01
974,2012-02-27,19.1
975,2012-02-28,20.12
976,2012-02-29,22.9
977,2012-03-01,19.53
978,2012-03-02,18.96
979,2012-03-05,19.4
980,2012-03-06,20.23
981,2012-03-07,19.18
982,2012-03-08,19.26
983,2012-03-09,19.41
984,2012-03-12,19.21
985,2012-03-13,20.47
986,2012-03-14,20.6
987,2012-03-15,18.24
988,2012-03-16,18.99
989,2012-03-19,17.83
990,2012-03-20,18.42
991,2012-03-21,18.04
992,2012-03-22,18.51
993,2012-03-23,18.3
994,2012-03-26,19.22
995,2012-03-27,18.62
996,2012-03-28,18.18
997,2012-03-29,17.43
998,2012-03-30,17.01
999,2012-04-02,17.1
1000,2012-04-03,18.05
1001,2012-04-04,18.88
1002,2012-04-05,18.02
1003,2012-04-06,
1004,2012-04-09,19.21
1005,2012-04-10,19.94
1006,2012-04-11,20.02
1007,2012-04-12,18.64
1008,2012-04-13,18.44
1009,2012-04-16,18.8
1010,2012-04-17,18.03
1011,2012-04-18,17.54
1012,2012-04-19,17.33
1013,2012-04-20,16.72
1014,2012-04-23,17.11
1015,2012-04-24,17.64
1016,2012-04-25,17.45
1017,2012-04-26,16.94
1018,2012-04-27,16.61
1019,2012-04-30,16.93
1020,2012-05-01,16.47
1021,2012-05-02,16.55
1022,2012-05-03,17.45
1023,2012-05-04,16.32
1024,2012-05-07,16.38
1025,2012-05-08,17.93
1026,2012-05-09,19.32
1027,2012-05-10,18.25
1028,2012-05-11,18.46
1029,2012-05-14,20.05
1030,2012-05-15,20.75
1031,2012-05-16,22.2
1032,2012-05-17,22.59
1033,2012-05-18,23.29
1034,2012-05-21,20.69
1035,2012-05-22,20.04
1036,2012-05-23,21.79
1037,2012-05-24,21.93
1038,2012-05-25,21.11
1039,2012-05-28,
1040,2012-05-29,21.72
1041,2012-05-30,23.46
1042,2012-05-31,23.11
1043,2012-06-01,25.3
1044,2012-06-04,25.36
1045,2012-06-05,23.99
1046,2012-06-06,23.14
1047,2012-06-07,22.92
1048,2012-06-08,22.03
1049,2012-06-11,22.19
1050,2012-06-12,22.9
1051,2012-06-13,23.96
1052,2012-06-14,24.1
1053,2012-06-15,22.94
1054,2012-06-18,20.64
1055,2012-06-19,20.51
1056,2012-06-20,19.88
1057,2012-06-21,21.07
1058,2012-06-22,20.29
1059,2012-06-25,20.46
1060,2012-06-26,20.47
1061,2012-06-27,19.96
1062,2012-06-28,20.56
1063,2012-06-29,19.53
1064,2012-07-02,19.34
1065,2012-07-03,25.23
1066,2012-07-04,
1067,2012-07-05,18.94
1068,2012-07-06,19.46
1069,2012-07-09,19.04
1070,2012-07-10,20.28
1071,2012-07-11,19.22
1072,2012-07-12,19.31
1073,2012-07-13,18.52
1074,2012-07-16,18.03
1075,2012-07-17,17.7
1076,2012-07-18,17.35
1077,2012-07-19,16.83
1078,2012-07-20,16.88
1079,2012-07-23,18.34
1080,2012-07-24,19.6
1081,2012-07-25,19.64
1082,2012-07-26,19.37
1083,2012-07-27,19.11
1084,2012-07-30,19.43
1085,2012-07-31,19.51
1086,2012-08-01,19.01
1087,2012-08-02,18.05
1088,2012-08-03,16.65
1089,2012-08-06,16.35
1090,2012-08-07,16.48
1091,2012-08-08,16.25
1092,2012-08-09,16.19
1093,2012-08-10,16.16
1094,2012-08-13,15.13
1095,2012-08-14,14.96
1096,2012-08-15,14.87
1097,2012-08-16,15.17
1098,2012-08-17,14.7
1099,2012-08-20,14.78
1100,2012-08-21,16.29
1101,2012-08-22,17.15
1102,2012-08-23,17.94
1103,2012-08-24,16.88
1104,2012-08-27,16.9
1105,2012-08-28,16.54
1106,2012-08-29,16.5
1107,2012-08-30,17.14
1108,2012-08-31,17.89
1109,2012-09-03,
1110,2012-09-04,17.97
1111,2012-09-05,18.18
1112,2012-09-06,17.8
1113,2012-09-07,18.95
1114,2012-09-10,19.08
1115,2012-09-11,19.59
1116,2012-09-12,20.15
1117,2012-09-13,19.03
1118,2012-09-14,17.87
1119,2012-09-17,18.08
1120,2012-09-18,17.89
1121,2012-09-19,17.69
1122,2012-09-20,17.29
1123,2012-09-21,17.09
1124,2012-09-24,16.94
1125,2012-09-25,16.74
1126,2012-09-26,16.31
1127,2012-09-27,17.02
1128,2012-09-28,16.76
1129,2012-10-01,16.9
1130,2012-10-02,16.34
1131,2012-10-03,16.59
1132,2012-10-04,17.27
1133,2012-10-05,15.88
1134,2012-10-08,16.13
1135,2012-10-09,15.72
1136,2012-10-10,15.53
1137,2012-10-11,15.31
1138,2012-10-12,15.72
1139,2012-10-15,15.47
1140,2012-10-16,15.12
1141,2012-10-17,14.64
1142,2012-10-18,14.73
1143,2012-10-19,15.1
1144,2012-10-22,14.88
1145,2012-10-23,15.8
1146,2012-10-24,15.7
1147,2012-10-25,15.36
1148,2012-10-26,14.92
1149,2012-10-29,
1150,2012-10-30,
1151,2012-10-31,14.99
1152,2012-11-01,14.49
1153,2012-11-02,16.2
1154,2012-11-05,17.48
1155,2012-11-06,18.0
1156,2012-11-07,16.69
1157,2012-11-08,17.02
1158,2012-11-09,16.07
1159,2012-11-12,15.66
1160,2012-11-13,14.54
1161,2012-11-14,14.94
1162,2012-11-15,14.26
1163,2012-11-16,13.28
1164,2012-11-19,13.61
1165,2012-11-20,13.52
1166,2012-11-21,13.22
1167,2012-11-22,
1168,2012-11-23,15.48
1169,2012-11-26,13.18
1170,2012-11-27,13.68
1171,2012-11-28,13.7
1172,2012-11-29,12.67
1173,2012-11-30,13.24
1174,2012-12-03,13.4
1175,2012-12-04,13.95
1176,2012-12-05,14.0
1177,2012-12-06,14.07
1178,2012-12-07,13.87
1179,2012-12-10,14.2
1180,2012-12-11,14.16
1181,2012-12-12,13.34
1182,2012-12-13,13.01
1183,2012-12-14,12.6
1184,2012-12-17,11.97
1185,2012-12-18,13.69
1186,2012-12-19,13.73
1187,2012-12-20,14.53
1188,2012-12-21,13.82
1189,2012-12-24,13.21
1190,2012-12-25,
1191,2012-12-26,13.56
1192,2012-12-27,14.83
1193,2012-12-28,15.3
1194,2012-12-31,14.38
1195,2013-01-01,
1196,2013-01-02,13.43
1197,2013-01-03,13.72
1198,2013-01-04,13.78
1199,2013-01-07,14.51
1200,2013-01-08,14.08
1201,2013-01-09,14.16
1202,2013-01-10,13.27
1203,2013-01-11,13.79
1204,2013-01-14,13.78
1205,2013-01-15,13.76
1206,2013-01-16,14.49
1207,2013-01-17,14.9
1208,2013-01-18,13.8
1209,2013-01-21,
1210,2013-01-22,12.71
1211,2013-01-23,12.46
1212,2013-01-24,13.03
1213,2013-01-25,14.08
1214,2013-01-28,14.39
1215,2013-01-29,13.59
1216,2013-01-30,13.21
1217,2013-01-31,13.76
1218,2013-02-01,13.32
1219,2013-02-04,13.78
1220,2013-02-05,13.03
1221,2013-02-06,13.57
1222,2013-02-07,13.59
1223,2013-02-08,13.14
1224,2013-02-11,14.38
1225,2013-02-12,14.06
1226,2013-02-13,14.7
1227,2013-02-14,14.72
1228,2013-02-15,15.9
1229,2013-02-18,
1230,2013-02-19,15.75
1231,2013-02-20,18.59
1232,2013-02-21,16.9
1233,2013-02-22,16.26
1234,2013-02-25,17.48
1235,2013-02-26,15.61
1236,2013-02-27,15.57
1237,2013-02-28,15.79
1238,2013-03-01,15.75
1239,2013-03-04,16.03
1240,2013-03-05,15.47
1241,2013-03-06,15.05
1242,2013-03-07,14.84
1243,2013-03-08,13.54
1244,2013-03-11,12.96
1245,2013-03-12,12.07
1246,2013-03-13,12.24
1247,2013-03-14,12.59
1248,2013-03-15,12.43
1249,2013-03-18,13.3
1250,2013-03-19,14.52
1251,2013-03-20,13.33
1252,2013-03-21,13.37
1253,2013-03-22,12.89
1254,2013-03-25,12.99
1255,2013-03-26,12.48
1256,2013-03-27,12.33
1257,2013-03-28,12.41
1258,2013-03-29,
1259,2013-04-01,13.13
1260,2013-04-02,13.73
1261,2013-04-03,15.21
1262,2013-04-04,16.03
1263,2013-04-05,14.46
1264,2013-04-08,14.22
1265,2013-04-09,13.54
1266,2013-04-10,15.15
1267,2013-04-11,15.29
1268,2013-04-12,21.32
1269,2013-04-15,34.48
1270,2013-04-16,30.02
1271,2013-04-17,26.93
1272,2013-04-18,24.57
1273,2013-04-19,24.37
1274,2013-04-22,23.28
1275,2013-04-23,23.68
1276,2013-04-24,21.49
1277,2013-04-25,22.35
1278,2013-04-26,24.21
1279,2013-04-29,23.16
1280,2013-04-30,22.09
1281,2013-05-01,22.93
1282,2013-05-02,22.06
1283,2013-05-03,20.37
1284,2013-05-06,20.37
1285,2013-05-07,22.07
1286,2013-05-08,20.64
1287,2013-05-09,21.62
1288,2013-05-10,23.95
1289,2013-05-13,25.04
1290,2013-05-14,25.06
1291,2013-05-15,28.01
1292,2013-05-16,27.18
1293,2013-05-17,28.34
1294,2013-05-20,26.66
1295,2013-05-21,27.18
1296,2013-05-22,27.61
1297,2013-05-23,26.08
1298,2013-05-24,24.9
1299,2013-05-27,
1300,2013-05-28,24.86
1301,2013-05-29,22.76
1302,2013-05-30,21.43
1303,2013-05-31,22.63
1304,2013-06-03,21.68
1305,2013-06-04,22.32
1306,2013-06-05,22.65
1307,2013-06-06,22.33
1308,2013-06-07,23.58
1309,2013-06-10,22.68
1310,2013-06-11,23.27
1311,2013-06-12,22.04
1312,2013-06-13,22.69
1313,2013-06-14,20.91
1314,2013-06-17,21.27
1315,2013-06-18,22.7
1316,2013-06-19,22.53
1317,2013-06-20,29.94
1318,2013-06-21,27.19
1319,2013-06-24,27.69
1320,2013-06-25,25.86
1321,2013-06-26,31.43
1322,2013-06-27,33.51
1323,2013-06-28,31.84
1324,2013-07-01,28.84
1325,2013-07-02,28.19
1326,2013-07-03,27.25
1327,2013-07-04,
1328,2013-07-05,27.15
1329,2013-07-08,26.79
1330,2013-07-09,25.68
1331,2013-07-10,26.24
1332,2013-07-11,23.85
1333,2013-07-12,24.07
1334,2013-07-15,23.53
1335,2013-07-16,23.2
1336,2013-07-17,23.61
1337,2013-07-18,22.52
1338,2013-07-19,21.19
1339,2013-07-22,21.76
1340,2013-07-23,21.66
1341,2013-07-24,22.61
1342,2013-07-25,21.77
1343,2013-07-26,22.22
1344,2013-07-29,22.77
1345,2013-07-30,23.72
1346,2013-07-31,24.99
1347,2013-08-01,24.61
1348,2013-08-02,24.24
1349,2013-08-05,23.49
1350,2013-08-06,23.82
1351,2013-08-07,23.49
1352,2013-08-08,21.71
1353,2013-08-09,21.5
1354,2013-08-12,21.58
1355,2013-08-13,21.37
1356,2013-08-14,21.21
1357,2013-08-15,22.45
1358,2013-08-16,22.97
1359,2013-08-19,24.25
1360,2013-08-20,23.82
1361,2013-08-21,23.28
1362,2013-08-22,22.69
1363,2013-08-23,22.63
1364,2013-08-26,23.67
1365,2013-08-27,23.9
1366,2013-08-28,25.89
1367,2013-08-29,24.36
1368,2013-08-30,24.44
1369,2013-09-02,
1370,2013-09-03,25.2
1371,2013-09-04,24.61
1372,2013-09-05,25.64
1373,2013-09-06,23.59
1374,2013-09-09,22.04
1375,2013-09-10,22.58
1376,2013-09-11,22.63
1377,2013-09-12,25.09
1378,2013-09-13,24.88
1379,2013-09-16,25.12
1380,2013-09-17,25.35
1381,2013-09-18,23.2
1382,2013-09-19,21.75
1383,2013-09-20,22.27
1384,2013-09-23,22.7
1385,2013-09-24,22.84
1386,2013-09-25,21.97
1387,2013-09-26,21.79
1388,2013-09-27,22.57
1389,2013-09-30,23.72
1390,2013-10-01,25.48
1391,2013-10-02,24.04
1392,2013-10-03,24.54
1393,2013-10-04,24.77
1394,2013-10-07,24.81
1395,2013-10-08,25.44
1396,2013-10-09,25.81
1397,2013-10-10,25.36
1398,2013-10-11,25.83
1399,2013-10-14,26.45
1400,2013-10-15,26.07
1401,2013-10-16,24.72
1402,2013-10-17,22.31
1403,2013-10-18,21.43
1404,2013-10-21,21.52
1405,2013-10-22,20.75
1406,2013-10-23,20.52
1407,2013-10-24,20.67
1408,2013-10-25,19.9
1409,2013-10-28,20.32
1410,2013-10-29,20.65
1411,2013-10-30,20.81
1412,2013-10-31,20.57
1413,2013-11-01,20.68
1414,2013-11-04,20.3
1415,2013-11-05,20.19
1416,2013-11-06,19.43
1417,2013-11-07,20.01
1418,2013-11-08,19.37
1419,2013-11-11,19.15
1420,2013-11-12,21.2
1421,2013-11-13,20.46
1422,2013-11-14,19.44
1423,2013-11-15,18.03
1424,2013-11-18,19.52
1425,2013-11-19,19.45
1426,2013-11-20,23.04
1427,2013-11-21,21.3
1428,2013-11-22,20.33
1429,2013-11-25,20.02
1430,2013-11-26,19.68
1431,2013-11-27,19.75
1432,2013-11-28,
1433,2013-11-29,19.33
1434,2013-12-02,21.43
1435,2013-12-03,21.09
1436,2013-12-04,20.82
1437,2013-12-05,21.78
1438,2013-12-06,20.5
1439,2013-12-09,20.65
1440,2013-12-10,19.63
1441,2013-12-11,20.02
1442,2013-12-12,22.24
1443,2013-12-13,21.87
1444,2013-12-16,21.91
1445,2013-12-17,21.79
1446,2013-12-18,21.39
1447,2013-12-19,22.07
1448,2013-12-20,21.01
1449,2013-12-23,20.76
1450,2013-12-24,20.08
1451,2013-12-25,
1452,2013-12-26,19.84
1453,2013-12-27,19.1
1454,2013-12-30,20.75
1455,2013-12-31,21.65
1456,2014-01-01,
1457,2014-01-02,20.42
1458,2014-01-03,19.19
1459,2014-01-06,19.5
1460,2014-01-07,19.12
1461,2014-01-08,19.43
1462,2014-01-09,18.46
1463,2014-01-10,17.27
1464,2014-01-13,16.67
1465,2014-01-14,16.5
1466,2014-01-15,16.43
1467,2014-01-16,15.39
1468,2014-01-17,14.34
1469,2014-01-20,
1470,2014-01-21,15.97
1471,2014-01-22,15.62
1472,2014-01-23,16.01
1473,2014-01-24,17.54
1474,2014-01-27,18.38
1475,2014-01-28,18.71
1476,2014-01-29,17.45
1477,2014-01-30,17.97
1478,2014-01-31,18.62
1479,2014-02-03,19.15
1480,2014-02-04,18.51
1481,2014-02-05,18.52
1482,2014-02-06,17.93
1483,2014-02-07,16.59
1484,2014-02-10,17.08
1485,2014-02-11,16.81
1486,2014-02-12,16.23
1487,2014-02-13,16.13
1488,2014-02-14,16.26
1489,2014-02-17,
1490,2014-02-18,16.28
1491,2014-02-19,16.48
1492,2014-02-20,16.07
1493,2014-02-21,15.73
1494,2014-02-24,15.94
1495,2014-02-25,15.86
1496,2014-02-26,16.46
1497,2014-02-27,15.75
1498,2014-02-28,16.07
1499,2014-03-03,17.05
1500,2014-03-04,16.75
1501,2014-03-05,16.58
1502,2014-03-06,16.31
1503,2014-03-07,15.82
1504,2014-03-10,15.83
1505,2014-03-11,16.14
1506,2014-03-12,16.67
1507,2014-03-13,17.3
1508,2014-03-14,18.32
1509,2014-03-17,17.87
1510,2014-03-18,17.37
1511,2014-03-19,17.59
1512,2014-03-20,16.91
1513,2014-03-21,16.43
1514,2014-03-24,17.53
1515,2014-03-25,17.16
1516,2014-03-26,17.32
1517,2014-03-27,17.6
1518,2014-03-28,17.48
1519,2014-03-31,17.37
1520,2014-04-01,16.65
1521,2014-04-02,16.19
1522,2014-04-03,16.01
1523,2014-04-04,15.81
1524,2014-04-07,15.95
1525,2014-04-08,15.99
1526,2014-04-09,14.83
1527,2014-04-10,15.06
1528,2014-04-11,15.19
1529,2014-04-14,15.34
1530,2014-04-15,16.1
1531,2014-04-16,15.44
1532,2014-04-17,15.96
1533,2014-04-18,
1534,2014-04-21,16.22
1535,2014-04-22,16.19
1536,2014-04-23,15.61
1537,2014-04-24,15.86
1538,2014-04-25,16.07
1539,2014-04-28,15.56
1540,2014-04-29,15.31
1541,2014-04-30,15.52
1542,2014-05-01,15.15
1543,2014-05-02,14.85
1544,2014-05-05,15.51
1545,2014-05-06,15.02
1546,2014-05-07,15.4
1547,2014-05-08,14.87
1548,2014-05-09,14.76
1549,2014-05-12,14.04
1550,2014-05-13,13.61
1551,2014-05-14,13.76
1552,2014-05-15,14.57
1553,2014-05-16,14.04
1554,2014-05-19,14.23
1555,2014-05-20,14.07
1556,2014-05-21,14.36
1557,2014-05-22,13.98
1558,2014-05-23,14.52
1559,2014-05-26,
1560,2014-05-27,16.21
1561,2014-05-28,15.8
1562,2014-05-29,15.01
1563,2014-05-30,15.34
1564,2014-06-02,15.55
1565,2014-06-03,15.05
1566,2014-06-04,14.79
1567,2014-06-05,14.15
1568,2014-06-06,13.22
1569,2014-06-09,12.77
1570,2014-06-10,12.37
1571,2014-06-11,12.36
1572,2014-06-12,12.91
1573,2014-06-13,12.52
1574,2014-06-16,12.41
1575,2014-06-17,12.53
1576,2014-06-18,12.11
1577,2014-06-19,14.48
1578,2014-06-20,12.79
1579,2014-06-23,12.93
1580,2014-06-24,12.96
1581,2014-06-25,12.92
1582,2014-06-26,12.76
1583,2014-06-27,12.64
1584,2014-06-30,14.01
1585,2014-07-01,13.74
1586,2014-07-02,13.89
1587,2014-07-03,12.99
1588,2014-07-04,
1589,2014-07-07,12.99
1590,2014-07-08,12.83
1591,2014-07-09,13.05
1592,2014-07-10,12.91
1593,2014-07-11,13.27
1594,2014-07-14,14.23
1595,2014-07-15,14.73
1596,2014-07-16,14.67
1597,2014-07-17,15.52
1598,2014-07-18,14.35
1599,2014-07-21,14.69
1600,2014-07-22,14.62
1601,2014-07-23,14.07
1602,2014-07-24,14.33
1603,2014-07-25,14.68
1604,2014-07-28,14.55
1605,2014-07-29,15.05
1606,2014-07-30,14.85
1607,2014-07-31,15.46
1608,2014-08-01,14.37
1609,2014-08-04,14.17
1610,2014-08-05,14.76
1611,2014-08-06,14.51
1612,2014-08-07,14.82
1613,2014-08-08,14.85
1614,2014-08-11,14.49
1615,2014-08-12,14.35
1616,2014-08-13,13.53
1617,2014-08-14,12.55
1618,2014-08-15,13.33
1619,2014-08-18,13.46
1620,2014-08-19,13.43
1621,2014-08-20,13.51
1622,2014-08-21,13.84
1623,2014-08-22,13.46
1624,2014-08-25,13.55
1625,2014-08-26,13.24
1626,2014-08-27,12.72
1627,2014-08-28,12.9
1628,2014-08-29,12.85
1629,2014-09-01,
1630,2014-09-02,14.05
1631,2014-09-03,13.44
1632,2014-09-04,14.01
1633,2014-09-05,13.27
1634,2014-09-08,14.47
1635,2014-09-09,15.36
1636,2014-09-10,15.89
1637,2014-09-11,16.42
1638,2014-09-12,17.86
1639,2014-09-15,16.5
1640,2014-09-16,16.58
1641,2014-09-17,17.14
1642,2014-09-18,15.5
1643,2014-09-19,16.9
1644,2014-09-22,16.44
1645,2014-09-23,16.65
1646,2014-09-24,17.21
1647,2014-09-25,17.99
1648,2014-09-26,17.84
1649,2014-09-29,17.17
1650,2014-09-30,18.83
1651,2014-10-01,18.73
1652,2014-10-02,18.2
1653,2014-10-03,19.13
1654,2014-10-06,17.6
1655,2014-10-07,17.56
1656,2014-10-08,17.5
1657,2014-10-09,17.86
1658,2014-10-10,18.11
1659,2014-10-13,17.69
1660,2014-10-14,17.98
1661,2014-10-15,20.04
1662,2014-10-16,19.68
1663,2014-10-17,18.08
1664,2014-10-20,17.27
1665,2014-10-21,17.01
1666,2014-10-22,16.58
1667,2014-10-23,16.91
1668,2014-10-24,16.24
1669,2014-10-27,16.49
1670,2014-10-28,16.3
1671,2014-10-29,16.75
1672,2014-10-30,18.08
1673,2014-10-31,21.54
1674,2014-11-03,21.1
1675,2014-11-04,20.1
1676,2014-11-05,23.38
1677,2014-11-06,23.18
1678,2014-11-07,21.38
1679,2014-11-10,22.23
1680,2014-11-11,21.43
1681,2014-11-12,21.29
1682,2014-11-13,20.98
1683,2014-11-14,23.36
1684,2014-11-17,23.37
1685,2014-11-18,23.97
1686,2014-11-19,24.26
1687,2014-11-20,21.5
1688,2014-11-21,21.23
1689,2014-11-24,20.64
1690,2014-11-25,20.67
1691,2014-11-26,21.24
1692,2014-11-27,
1693,2014-11-28,25.17
1694,2014-12-01,22.33
1695,2014-12-02,21.29
1696,2014-12-03,20.62
1697,2014-12-04,20.29
1698,2014-12-05,20.02
1699,2014-12-08,19.62
1700,2014-12-09,20.04
1701,2014-12-10,19.27
1702,2014-12-11,19.11
1703,2014-12-12,19.66
1704,2014-12-15,20.95
1705,2014-12-16,22.08
1706,2014-12-17,20.9
1707,2014-12-18,19.28
1708,2014-12-19,18.68
1709,2014-12-22,20.26
1710,2014-12-23,19.76
1711,2014-12-24,19.37
1712,2014-12-25,
1713,2014-12-26,18.92
1714,2014-12-29,20.15
1715,2014-12-30,19.48
1716,2014-12-31,20.08
1717,2015-01-01,
1718,2015-01-02,20.23
1719,2015-01-05,21.26
1720,2015-01-06,20.78
1721,2015-01-07,20.35
1722,2015-01-08,19.2
1723,2015-01-09,18.44
1724,2015-01-12,17.65
1725,2015-01-13,17.63
1726,2015-01-14,18.52
1727,2015-01-15,21.83
1728,2015-01-16,22.66
1729,2015-01-19,
1730,2015-01-20,23.43
1731,2015-01-21,22.34
1732,2015-01-22,21.25
1733,2015-01-23,20.62
1734,2015-01-26,20.04
1735,2015-01-27,20.16
1736,2015-01-28,19.31
1737,2015-01-29,20.25
1738,2015-01-30,19.65
1739,2015-02-02,20.33
1740,2015-02-03,20.3
1741,2015-02-04,20.36
1742,2015-02-05,20.06
1743,2015-02-06,20.59
1744,2015-02-09,20.3
1745,2015-02-10,19.71
1746,2015-02-11,20.07
1747,2015-02-12,19.31
1748,2015-02-13,18.49
1749,2015-02-16,
1750,2015-02-17,19.61
1751,2015-02-18,19.54
1752,2015-02-19,18.62
1753,2015-02-20,19.26
1754,2015-02-23,19.4
1755,2015-02-24,18.77
1756,2015-02-25,17.4
1757,2015-02-26,16.65
1758,2015-02-27,15.91
1759,2015-03-02,16.38
1760,2015-03-03,16.76
1761,2015-03-04,16.66
1762,2015-03-05,16.9
1763,2015-03-06,18.43
1764,2015-03-09,17.58
1765,2015-03-10,18.97
1766,2015-03-11,20.01
1767,2015-03-12,19.07
1768,2015-03-13,18.9
1769,2015-03-16,19.14
1770,2015-03-17,20.83
1771,2015-03-18,18.65
1772,2015-03-19,17.25
1773,2015-03-20,17.21
1774,2015-03-23,17.26
1775,2015-03-24,16.84
1776,2015-03-25,16.38
1777,2015-03-26,16.02
1778,2015-03-27,15.83
1779,2015-03-30,16.64
1780,2015-03-31,16.34
1781,2015-04-01,16.04
1782,2015-04-02,16.01
1783,2015-04-03,
1784,2015-04-06,15.74
1785,2015-04-07,15.2
1786,2015-04-08,14.79
1787,2015-04-09,15.0
1788,2015-04-10,14.23
1789,2015-04-13,14.79
1790,2015-04-14,15.18
1791,2015-04-15,14.6
1792,2015-04-16,14.54
1793,2015-04-17,14.47
1794,2015-04-20,15.39
1795,2015-04-21,15.04
1796,2015-04-22,15.79
1797,2015-04-23,15.87
1798,2015-04-24,16.39
1799,2015-04-27,16.42
1800,2015-04-28,16.19
1801,2015-04-29,15.95
1802,2015-04-30,16.76
1803,2015-05-01,17.29
1804,2015-05-04,17.62
1805,2015-05-05,17.15
1806,2015-05-06,17.53
1807,2015-05-07,17.91
1808,2015-05-08,15.84
1809,2015-05-11,15.94
1810,2015-05-12,15.63
1811,2015-05-13,15.93
1812,2015-05-14,16.21
1813,2015-05-15,15.48
1814,2015-05-18,15.81
1815,2015-05-19,15.88
1816,2015-05-20,15.25
1817,2015-05-21,14.62
1818,2015-05-22,14.19
1819,2015-05-25,
1820,2015-05-26,15.22
1821,2015-05-27,14.08
1822,2015-05-28,14.51
1823,2015-05-29,13.99
1824,2015-06-01,14.88
1825,2015-06-02,14.86
1826,2015-06-03,15.15
1827,2015-06-04,16.01
1828,2015-06-05,15.12
1829,2015-06-08,15.14
1830,2015-06-09,14.83
1831,2015-06-10,14.37
1832,2015-06-11,14.3
1833,2015-06-12,13.99
1834,2015-06-15,14.34
1835,2015-06-16,14.36
1836,2015-06-17,13.58
1837,2015-06-18,13.53
1838,2015-06-19,13.26
1839,2015-06-22,13.85
1840,2015-06-23,13.89
1841,2015-06-24,13.83
1842,2015-06-25,13.12
1843,2015-06-26,13.22
1844,2015-06-29,14.5
1845,2015-06-30,15.34
1846,2015-07-01,14.86
1847,2015-07-02,14.42
1848,2015-07-03,
1849,2015-07-06,14.25
1850,2015-07-07,15.23
1851,2015-07-08,15.78
1852,2015-07-09,15.47
1853,2015-07-10,14.42
1854,2015-07-13,13.43
1855,2015-07-14,13.25
1856,2015-07-15,14.35
1857,2015-07-16,14.05
1858,2015-07-17,16.32
1859,2015-07-20,19.73
1860,2015-07-21,19.56
1861,2015-07-22,19.59
1862,2015-07-23,19.39
1863,2015-07-24,19.27
1864,2015-07-27,20.06
1865,2015-07-28,18.4
1866,2015-07-29,17.22
1867,2015-07-30,17.07
1868,2015-07-31,16.79
1869,2015-08-03,17.58
1870,2015-08-04,17.24
1871,2015-08-05,17.74
1872,2015-08-06,17.25
1873,2015-08-07,16.59
1874,2015-08-10,16.41
1875,2015-08-11,16.53
1876,2015-08-12,16.8
1877,2015-08-13,15.84
1878,2015-08-14,15.59
1879,2015-08-17,15.4
1880,2015-08-18,15.84
1881,2015-08-19,15.96
1882,2015-08-20,16.87
1883,2015-08-21,18.48
1884,2015-08-24,21.26
1885,2015-08-25,20.2
1886,2015-08-26,20.03
1887,2015-08-27,18.74
1888,2015-08-28,18.8
1889,2015-08-31,19.34
1890,2015-09-01,19.65
1891,2015-09-02,18.65
1892,2015-09-03,18.57
1893,2015-09-04,18.62
1894,2015-09-07,
1895,2015-09-08,18.31
1896,2015-09-09,17.8
1897,2015-09-10,16.89
1898,2015-09-11,17.38
1899,2015-09-14,17.63
1900,2015-09-15,17.69
1901,2015-09-16,18.05
1902,2015-09-17,16.63
1903,2015-09-18,16.46
1904,2015-09-21,16.59
1905,2015-09-22,17.35
1906,2015-09-23,17.34
1907,2015-09-24,19.26
1908,2015-09-25,18.33
1909,2015-09-28,18.28
1910,2015-09-29,17.67
1911,2015-09-30,17.47
1912,2015-10-01,16.9
1913,2015-10-02,16.71
1914,2015-10-05,16.68
1915,2015-10-06,17.54
1916,2015-10-07,17.13
1917,2015-10-08,16.91
1918,2015-10-09,16.92
1919,2015-10-12,16.24
1920,2015-10-13,17.14
1921,2015-10-14,18.35
1922,2015-10-15,17.9
1923,2015-10-16,16.59
1924,2015-10-19,16.94
1925,2015-10-20,16.79
1926,2015-10-21,15.9
1927,2015-10-22,15.59
1928,2015-10-23,15.59
1929,2015-10-26,15.78
1930,2015-10-27,15.3
1931,2015-10-28,15.63
1932,2015-10-29,15.77
1933,2015-10-30,15.39
1934,2015-11-02,15.28
1935,2015-11-03,17.19
1936,2015-11-04,18.02
1937,2015-11-05,17.82
1938,2015-11-06,17.36
1939,2015-11-09,17.55
1940,2015-11-10,17.36
1941,2015-11-11,17.89
1942,2015-11-12,18.47
1943,2015-11-13,18.29
1944,2015-11-16,18.5
1945,2015-11-17,20.17
1946,2015-11-18,19.4
1947,2015-11-19,18.04
1948,2015-11-20,17.26
1949,2015-11-23,17.7
1950,2015-11-24,16.72
1951,2015-11-25,16.39
1952,2015-11-26,
1953,2015-11-27,17.16
1954,2015-11-30,16.91
1955,2015-12-01,16.62
1956,2015-12-02,17.36
1957,2015-12-03,17.76
1958,2015-12-04,15.96
1959,2015-12-07,16.23
1960,2015-12-08,16.12
1961,2015-12-09,17.39
1962,2015-12-10,17.07
1963,2015-12-11,18.16
1964,2015-12-14,19.05
1965,2015-12-15,18.09
1966,2015-12-16,15.41
1967,2015-12-17,16.06
1968,2015-12-18,15.06
1969,2015-12-21,15.32
1970,2015-12-22,15.17
1971,2015-12-23,14.94
1972,2015-12-24,15.02
1973,2015-12-25,
1974,2015-12-28,16.06
1975,2015-12-29,15.22
1976,2015-12-30,15.25
1977,2015-12-31,14.99
1978,2016-01-01,
1979,2016-01-04,16.07
1980,2016-01-05,15.2
1981,2016-01-06,16.3
1982,2016-01-07,17.42
1983,2016-01-08,17.62
1984,2016-01-11,16.43
1985,2016-01-12,16.61
1986,2016-01-13,16.99
1987,2016-01-14,16.16
1988,2016-01-15,17.42
1989,2016-01-18,
1990,2016-01-19,16.17
1991,2016-01-20,16.56
1992,2016-01-21,16.77
1993,2016-01-22,15.91
1994,2016-01-25,17.13
1995,2016-01-26,17.26
1996,2016-01-27,16.71
1997,2016-01-28,15.41
1998,2016-01-29,15.73
1999,2016-02-01,16.81
2000,2016-02-02,16.2
2001,2016-02-03,17.84
2002,2016-02-04,17.39
2003,2016-02-05,19.58
2004,2016-02-08,20.38
2005,2016-02-09,21.72
2006,2016-02-10,21.36
2007,2016-02-11,28.37
2008,2016-02-12,24.1
2009,2016-02-15,
2010,2016-02-16,24.84
2011,2016-02-17,24.53
2012,2016-02-18,26.37
2013,2016-02-19,24.88
2014,2016-02-22,23.31
2015,2016-02-23,23.69
2016,2016-02-24,24.24
2017,2016-02-25,23.36
2018,2016-02-26,21.67
2019,2016-02-29,22.59
2020,2016-03-01,21.97
2021,2016-03-02,22.0
2022,2016-03-03,23.51
2023,2016-03-04,22.31
2024,2016-03-07,22.08
2025,2016-03-08,23.07
2026,2016-03-09,22.31
2027,2016-03-10,23.14
2028,2016-03-11,21.9
2029,2016-03-14,21.14
2030,2016-03-15,19.7
2031,2016-03-16,20.03
2032,2016-03-17,18.99
2033,2016-03-18,18.15
2034,2016-03-21,17.4
2035,2016-03-22,17.62
2036,2016-03-23,18.0
2037,2016-03-24,18.09
2038,2016-03-25,
2039,2016-03-28,17.53
2040,2016-03-29,19.52
2041,2016-03-30,18.58
2042,2016-03-31,18.45
2043,2016-04-01,18.04
2044,2016-04-04,17.95
2045,2016-04-05,18.16
2046,2016-04-06,17.82
2047,2016-04-07,19.32
2048,2016-04-08,18.74
2049,2016-04-11,19.58
2050,2016-04-12,19.09
2051,2016-04-13,17.96
2052,2016-04-14,17.83
2053,2016-04-15,17.41
2054,2016-04-18,17.3
2055,2016-04-19,17.42
2056,2016-04-20,16.69
2057,2016-04-21,17.9
2058,2016-04-22,17.21
2059,2016-04-25,17.66
2060,2016-04-26,17.43
2061,2016-04-27,16.43
2062,2016-04-28,17.9
2063,2016-04-29,20.23
2064,2016-05-02,19.29
2065,2016-05-03,18.7
2066,2016-05-04,19.47
2067,2016-05-05,18.46
2068,2016-05-06,18.65
2069,2016-05-09,18.65
2070,2016-05-10,18.04
2071,2016-05-11,18.35
2072,2016-05-12,17.84
2073,2016-05-13,18.29
2074,2016-05-16,18.49
2075,2016-05-17,18.17
2076,2016-05-18,18.2
2077,2016-05-19,17.85
2078,2016-05-20,17.0
2079,2016-05-23,16.8
2080,2016-05-24,16.66
2081,2016-05-25,15.98
2082,2016-05-26,15.29
2083,2016-05-27,15.39
2084,2016-05-30,
2085,2016-05-31,15.83
2086,2016-06-01,15.92
2087,2016-06-02,16.05
2088,2016-06-03,17.45
2089,2016-06-06,17.76
2090,2016-06-07,17.29
2091,2016-06-08,18.76
2092,2016-06-09,20.28
2093,2016-06-10,20.52
2094,2016-06-13,21.11
2095,2016-06-14,20.63
2096,2016-06-15,20.68
2097,2016-06-16,21.95
2098,2016-06-17,22.52
2099,2016-06-20,21.01
2100,2016-06-21,20.65
2101,2016-06-22,22.25
2102,2016-06-23,20.1
2103,2016-06-24,22.2
2104,2016-06-27,22.52
2105,2016-06-28,20.18
2106,2016-06-29,19.26
2107,2016-06-30,18.5
2108,2016-07-01,18.43
2109,2016-07-04,
2110,2016-07-05,20.09
2111,2016-07-06,21.18
2112,2016-07-07,20.55
2113,2016-07-08,18.79
2114,2016-07-11,18.93
2115,2016-07-12,17.94
2116,2016-07-13,17.61
2117,2016-07-14,17.15
2118,2016-07-15,16.91
2119,2016-07-18,16.96
2120,2016-07-19,16.71
2121,2016-07-20,17.21
2122,2016-07-21,17.77
2123,2016-07-22,17.61
2124,2016-07-25,17.74
2125,2016-07-26,17.45
2126,2016-07-27,16.93
2127,2016-07-28,16.31
2128,2016-07-29,15.8
2129,2016-08-01,16.28
2130,2016-08-02,16.45
2131,2016-08-03,16.18
2132,2016-08-04,16.06
2133,2016-08-05,15.6
2134,2016-08-08,15.49
2135,2016-08-09,14.41
2136,2016-08-10,14.89
2137,2016-08-11,15.37
2138,2016-08-12,15.01
2139,2016-08-15,14.67
2140,2016-08-16,16.13
2141,2016-08-17,15.83
2142,2016-08-18,14.97
2143,2016-08-19,15.35
2144,2016-08-22,15.82
2145,2016-08-23,15.62
2146,2016-08-24,16.89
2147,2016-08-25,16.73
2148,2016-08-26,16.17
2149,2016-08-29,15.95
2150,2016-08-30,15.99
2151,2016-08-31,16.01
2152,2016-09-01,16.25
2153,2016-09-02,14.58
2154,2016-09-05,
2155,2016-09-06,15.6
2156,2016-09-07,15.0
2157,2016-09-08,14.97
2158,2016-09-09,15.49
2159,2016-09-12,15.2
2160,2016-09-13,15.78
2161,2016-09-14,15.32
2162,2016-09-15,15.07
2163,2016-09-16,14.78
2164,2016-09-19,15.68
2165,2016-09-20,15.69
2166,2016-09-21,14.69
2167,2016-09-22,13.73
2168,2016-09-23,13.93
2169,2016-09-26,14.98
2170,2016-09-27,14.53
2171,2016-09-28,13.98
2172,2016-09-29,13.86
2173,2016-09-30,13.88
2174,2016-10-03,14.16
2175,2016-10-04,15.8
2176,2016-10-05,15.21
2177,2016-10-06,16.05
2178,2016-10-07,15.72
2179,2016-10-10,15.6
2180,2016-10-11,15.63
2181,2016-10-12,15.61
2182,2016-10-13,15.63
2183,2016-10-14,15.14
2184,2016-10-17,15.23
2185,2016-10-18,14.73
2186,2016-10-19,14.59
2187,2016-10-20,14.68
2188,2016-10-21,14.55
2189,2016-10-24,14.95
2190,2016-10-25,14.55
2191,2016-10-26,14.48
2192,2016-10-27,15.0
2193,2016-10-28,16.62
2194,2016-10-31,18.13
2195,2016-11-01,19.02
2196,2016-11-02,19.32
2197,2016-11-03,19.98
2198,2016-11-04,20.22
2199,2016-11-07,18.53
2200,2016-11-08,17.93
2201,2016-11-09,16.68
2202,2016-11-10,18.52
2203,2016-11-11,23.25
2204,2016-11-14,20.5
2205,2016-11-15,16.42
2206,2016-11-16,15.77
2207,2016-11-17,17.5
2208,2016-11-18,17.03
2209,2016-11-21,15.86
2210,2016-11-22,15.43
2211,2016-11-23,18.53
2212,2016-11-24,
2213,2016-11-25,18.47
2214,2016-11-28,17.39
2215,2016-11-29,17.28
2216,2016-11-30,19.18
2217,2016-12-01,19.39
2218,2016-12-02,18.44
2219,2016-12-05,17.56
2220,2016-12-06,17.06
2221,2016-12-07,16.87
2222,2016-12-08,16.48
2223,2016-12-09,18.66
2224,2016-12-12,16.97
2225,2016-12-13,16.17
2226,2016-12-14,18.21
2227,2016-12-15,17.89
2228,2016-12-16,17.55
2229,2016-12-19,16.05
2230,2016-12-20,16.69
2231,2016-12-21,15.82
2232,2016-12-22,15.28
2233,2016-12-23,16.36
2234,2016-12-26,
2235,2016-12-27,16.68
2236,2016-12-28,16.04
2237,2016-12-29,15.68
2238,2016-12-30,16.23
2239,2017-01-02,
2240,2017-01-03,16.26
2241,2017-01-04,15.16
2242,2017-01-05,14.98
2243,2017-01-06,14.55
2244,2017-01-09,14.38
2245,2017-01-10,14.32
2246,2017-01-11,14.96
2247,2017-01-12,14.6
2248,2017-01-13,14.63
2249,2017-01-16,
2250,2017-01-17,15.67
2251,2017-01-18,15.25
2252,2017-01-19,15.11
2253,2017-01-20,14.38
2254,2017-01-23,15.15
2255,2017-01-24,14.65
2256,2017-01-25,14.47
2257,2017-01-26,14.74
2258,2017-01-27,14.34
2259,2017-01-30,15.19
2260,2017-01-31,15.27
2261,2017-02-01,14.8
2262,2017-02-02,15.04
2263,2017-02-03,15.04
2264,2017-02-06,15.74
2265,2017-02-07,15.26
2266,2017-02-08,15.2
2267,2017-02-09,14.88
2268,2017-02-10,14.88
2269,2017-02-13,14.61
2270,2017-02-14,14.21
2271,2017-02-15,13.71
2272,2017-02-16,13.75
2273,2017-02-17,13.27
2274,2017-02-20,
2275,2017-02-21,13.72
2276,2017-02-22,13.26
2277,2017-02-23,13.68
2278,2017-02-24,13.54
2279,2017-02-27,14.44
2280,2017-02-28,14.3
2281,2017-03-01,14.41
2282,2017-03-02,13.89
2283,2017-03-03,13.66
2284,2017-03-06,13.24
2285,2017-03-07,13.22
2286,2017-03-08,13.58
2287,2017-03-09,13.62
2288,2017-03-10,13.03
2289,2017-03-13,11.27
2290,2017-03-14,11.57
2291,2017-03-15,11.23
2292,2017-03-16,11.12
2293,2017-03-17,10.8
2294,2017-03-20,11.35
2295,2017-03-21,12.13
2296,2017-03-22,12.28
2297,2017-03-23,12.58
2298,2017-03-24,12.06
2299,2017-03-27,12.51
2300,2017-03-28,12.35
2301,2017-03-29,11.65
2302,2017-03-30,12.09
2303,2017-03-31,12.41
2304,2017-04-03,12.61
2305,2017-04-04,12.41
2306,2017-04-05,13.23
2307,2017-04-06,12.85
2308,2017-04-07,13.45
2309,2017-04-10,13.75
2310,2017-04-11,15.2
2311,2017-04-12,16.08
2312,2017-04-13,16.2
2313,2017-04-14,
2314,2017-04-17,16.2
2315,2017-04-18,15.67
2316,2017-04-19,14.5
2317,2017-04-20,14.54
2318,2017-04-21,15.31
2319,2017-04-24,12.29
2320,2017-04-25,12.45
2321,2017-04-26,12.02
2322,2017-04-27,11.53
2323,2017-04-28,11.6
2324,2017-05-01,12.35
2325,2017-05-02,12.38
2326,2017-05-03,12.54
2327,2017-05-04,12.41
2328,2017-05-05,12.01
2329,2017-05-08,11.95
2330,2017-05-09,12.1
2331,2017-05-10,11.2
2332,2017-05-11,11.24
2333,2017-05-12,11.13
2334,2017-05-15,11.28
2335,2017-05-16,11.19
2336,2017-05-17,13.03
2337,2017-05-18,12.95
2338,2017-05-19,12.04
2339,2017-05-22,12.32
2340,2017-05-23,11.89
2341,2017-05-24,11.75
2342,2017-05-25,11.2
2343,2017-05-26,11.59
2344,2017-05-29,
2345,2017-05-30,11.62
2346,2017-05-31,11.82
2347,2017-06-01,11.81
2348,2017-06-02,12.09
2349,2017-06-05,12.44
2350,2017-06-06,13.23
2351,2017-06-07,13.16
2352,2017-06-08,12.62
2353,2017-06-09,12.5
2354,2017-06-12,12.41
2355,2017-06-13,12.16
2356,2017-06-14,11.5
2357,2017-06-15,11.03
2358,2017-06-16,10.16
2359,2017-06-19,10.69
2360,2017-06-20,11.14
2361,2017-06-21,11.25
2362,2017-06-22,11.24
2363,2017-06-23,10.86
2364,2017-06-26,11.05
2365,2017-06-27,11.96
2366,2017-06-28,11.38
2367,2017-06-29,11.21
2368,2017-06-30,11.0
2369,2017-07-03,11.93
2370,2017-07-04,
2371,2017-07-05,11.88
2372,2017-07-06,11.72
2373,2017-07-07,12.54
2374,2017-07-10,12.22
2375,2017-07-11,12.3
2376,2017-07-12,11.56
2377,2017-07-13,11.29
2378,2017-07-14,11.11
2379,2017-07-17,11.08
2380,2017-07-18,11.14
2381,2017-07-19,11.08
2382,2017-07-20,10.85
2383,2017-07-21,11.22
2384,2017-07-24,11.8
2385,2017-07-25,12.07
2386,2017-07-26,11.63
2387,2017-07-27,11.24
2388,2017-07-28,11.44
2389,2017-07-31,11.61
2390,2017-08-01,11.28
2391,2017-08-02,11.24
2392,2017-08-03,11.31
2393,2017-08-04,10.87
2394,2017-08-07,10.73
2395,2017-08-08,11.1
2396,2017-08-09,12.31
2397,2017-08-10,13.43
2398,2017-08-11,13.45
2399,2017-08-14,12.11
2400,2017-08-15,12.2
2401,2017-08-16,12.58
2402,2017-08-17,13.34
2403,2017-08-18,12.12
2404,2017-08-21,13.01
2405,2017-08-22,12.49
2406,2017-08-23,12.68
2407,2017-08-24,12.76
2408,2017-08-25,12.63
2409,2017-08-28,14.2
2410,2017-08-29,13.5
2411,2017-08-30,12.78
2412,2017-08-31,13.26
2413,2017-09-01,12.73
2414,2017-09-04,
2415,2017-09-05,14.3
2416,2017-09-06,14.17
2417,2017-09-07,14.49
2418,2017-09-08,13.77
2419,2017-09-11,13.28
2420,2017-09-12,11.56
2421,2017-09-13,11.98
2422,2017-09-14,12.19
2423,2017-09-15,12.06
2424,2017-09-18,12.69
2425,2017-09-19,12.27
2426,2017-09-20,12.32
2427,2017-09-21,12.19
2428,2017-09-22,12.37
2429,2017-09-25,13.77
2430,2017-09-26,13.32
2431,2017-09-27,12.99
2432,2017-09-28,11.75
2433,2017-09-29,11.77
2434,2017-10-02,11.72
2435,2017-10-03,11.38
2436,2017-10-04,11.41
2437,2017-10-05,11.4
2438,2017-10-06,11.53
2439,2017-10-09,11.96
2440,2017-10-10,12.22
2441,2017-10-11,12.13
2442,2017-10-12,11.82
2443,2017-10-13,11.76
2444,2017-10-16,12.13
2445,2017-10-17,11.64
2446,2017-10-18,11.88
2447,2017-10-19,11.94
2448,2017-10-20,11.49
2449,2017-10-23,11.69
2450,2017-10-24,11.73
2451,2017-10-25,12.02
2452,2017-10-26,11.62
2453,2017-10-27,11.48
2454,2017-10-30,11.74
2455,2017-10-31,11.81
2456,2017-11-01,11.8
2457,2017-11-02,10.95
2458,2017-11-03,10.65
2459,2017-11-06,10.94
2460,2017-11-07,10.98
2461,2017-11-08,11.32
2462,2017-11-09,11.73
2463,2017-11-10,11.68
2464,2017-11-13,11.53
2465,2017-11-14,11.61
2466,2017-11-15,11.75
2467,2017-11-16,11.02
2468,2017-11-17,10.62
2469,2017-11-20,11.18
2470,2017-11-21,10.84
2471,2017-11-22,10.75
2472,2017-11-23,
2473,2017-11-24,10.58
2474,2017-11-27,10.72
2475,2017-11-28,10.64
2476,2017-11-29,11.02
2477,2017-11-30,11.79
2478,2017-12-01,11.39
2479,2017-12-04,11.38
2480,2017-12-05,12.28
2481,2017-12-06,11.67
2482,2017-12-07,12.99
2483,2017-12-08,11.7
2484,2017-12-11,11.46
2485,2017-12-12,12.14
2486,2017-12-13,10.87
2487,2017-12-14,10.4
2488,2017-12-15,9.43
2489,2017-12-18,9.93
2490,2017-12-19,10.32
2491,2017-12-20,9.79
2492,2017-12-21,9.64
2493,2017-12-22,10.01
2494,2017-12-25,
2495,2017-12-26,11.17
2496,2017-12-27,10.73
2497,2017-12-28,10.43
2498,2017-12-29,10.96
2499,2018-01-01,
2500,2018-01-02,11.96
2501,2018-01-03,11.56
2502,2018-01-04,11.8
2503,2018-01-05,11.26
2504,2018-01-08,11.19
2505,2018-01-09,10.79
2506,2018-01-10,10.79
2507,2018-01-11,10.96
2508,2018-01-12,11.62
2509,2018-01-15,
2510,2018-01-16,12.09
2511,2018-01-17,11.77
2512,2018-01-18,12.26
2513,2018-01-19,11.43
2514,2018-01-22,11.66
2515,2018-01-23,11.72
2516,2018-01-24,13.38
2517,2018-01-25,13.04
2518,2018-01-26,12.98
2519,2018-01-29,13.25
2520,2018-01-30,13.86
2521,2018-01-31,12.97
2522,2018-02-01,12.32
2523,2018-02-02,13.11
2524,2018-02-05,14.35
2525,2018-02-06,13.8
2526,2018-02-07,13.62
2527,2018-02-08,14.85
2528,2018-02-09,14.93
2529,2018-02-12,14.37
2530,2018-02-13,14.07
2531,2018-02-14,14.97
2532,2018-02-15,15.03
2533,2018-02-16,13.96
2534,2018-02-19,
2535,2018-02-20,14.08
2536,2018-02-21,13.83
2537,2018-02-22,13.47
2538,2018-02-23,11.97
2539,2018-02-26,11.89
2540,2018-02-27,11.76
2541,2018-02-28,11.74
2542,2018-03-01,12.07
2543,2018-03-02,11.97
2544,2018-03-05,11.89
2545,2018-03-06,12.33
2546,2018-03-07,12.37
2547,2018-03-08,11.57
2548,2018-03-09,10.94
2549,2018-03-12,11.01
2550,2018-03-13,10.7
2551,2018-03-14,10.41
2552,2018-03-15,10.4
2553,2018-03-16,9.88
2554,2018-03-19,10.99
2555,2018-03-20,11.01
2556,2018-03-21,10.91
2557,2018-03-22,11.24
2558,2018-03-23,13.46
2559,2018-03-26,12.95
2560,2018-03-27,12.22
2561,2018-03-28,11.74
2562,2018-03-29,11.06
2563,2018-03-30,
2564,2018-04-02,12.86
2565,2018-04-03,11.8
2566,2018-04-04,12.0
2567,2018-04-05,11.55
2568,2018-04-06,11.95
2569,2018-04-09,12.39
2570,2018-04-10,12.78
2571,2018-04-11,14.36
2572,2018-04-12,12.88
2573,2018-04-13,13.36
2574,2018-04-16,13.43
2575,2018-04-17,13.07
2576,2018-04-18,13.46
2577,2018-04-19,12.88
2578,2018-04-20,12.14
2579,2018-04-23,12.13
2580,2018-04-24,12.24
2581,2018-04-25,11.97
2582,2018-04-26,11.49
2583,2018-04-27,10.99
2584,2018-04-30,11.15
2585,2018-05-01,11.88
2586,2018-05-02,11.64
2587,2018-05-03,11.46
2588,2018-05-04,10.99
2589,2018-05-07,11.32
2590,2018-05-08,11.5
2591,2018-05-09,11.39
2592,2018-05-10,11.42
2593,2018-05-11,11.04
2594,2018-05-14,11.15
2595,2018-05-15,11.91
2596,2018-05-16,11.77
2597,2018-05-17,11.64
2598,2018-05-18,11.11
2599,2018-05-21,11.62
2600,2018-05-22,10.9
2601,2018-05-23,11.18
2602,2018-05-24,10.99
2603,2018-05-25,10.31
2604,2018-05-28,
2605,2018-05-29,12.33
2606,2018-05-30,10.87
2607,2018-05-31,10.92
2608,2018-06-01,10.58
2609,2018-06-04,10.54
2610,2018-06-05,10.46
2611,2018-06-06,10.31
2612,2018-06-07,10.55
2613,2018-06-08,10.69
2614,2018-06-11,10.54
2615,2018-06-12,10.52
2616,2018-06-13,10.6
2617,2018-06-14,9.83
2618,2018-06-15,10.65
2619,2018-06-18,9.82
2620,2018-06-19,10.99
2621,2018-06-20,11.08
2622,2018-06-21,11.22
2623,2018-06-22,10.67
2624,2018-06-25,10.83
2625,2018-06-26,10.97
2626,2018-06-27,11.01
2627,2018-06-28,11.03
2628,2018-06-29,10.75
2629,2018-07-02,11.75
2630,2018-07-03,11.41
2631,2018-07-04,
2632,2018-07-05,11.32
2633,2018-07-06,10.65
2634,2018-07-09,10.55
2635,2018-07-10,10.69
2636,2018-07-11,11.25
2637,2018-07-12,10.82
2638,2018-07-13,10.99
2639,2018-07-16,11.46
2640,2018-07-17,11.79
2641,2018-07-18,12.15
2642,2018-07-19,12.66
2643,2018-07-20,12.1
2644,2018-07-23,12.22
2645,2018-07-24,11.74
2646,2018-07-25,11.65
2647,2018-07-26,11.43
2648,2018-07-27,11.05
2649,2018-07-30,11.18
2650,2018-07-31,11.21
2651,2018-08-01,10.91
2652,2018-08-02,11.08
2653,2018-08-03,10.77
2654,2018-08-06,11.02
2655,2018-08-07,11.11
2656,2018-08-08,11.43
2657,2018-08-09,10.99
2658,2018-08-10,11.78
2659,2018-08-13,11.73
2660,2018-08-14,11.88
2661,2018-08-15,13.16
2662,2018-08-16,13.39
2663,2018-08-17,12.89
2664,2018-08-20,12.4
2665,2018-08-21,11.86
2666,2018-08-22,11.81
2667,2018-08-23,11.6
2668,2018-08-24,11.71
2669,2018-08-27,11.77
2670,2018-08-28,11.46
2671,2018-08-29,11.25
2672,2018-08-30,11.41
2673,2018-08-31,10.96
2674,2018-09-03,
2675,2018-09-04,11.42
2676,2018-09-05,11.24
2677,2018-09-06,11.54
2678,2018-09-07,11.3
2679,2018-09-10,11.33
2680,2018-09-11,11.26
2681,2018-09-12,11.18
2682,2018-09-13,11.15
2683,2018-09-14,10.84
2684,2018-09-17,10.85
2685,2018-09-18,10.78
2686,2018-09-19,10.81
2687,2018-09-20,10.72
2688,2018-09-21,10.76
2689,2018-09-24,10.97
2690,2018-09-25,10.83
2691,2018-09-26,10.76
2692,2018-09-27,10.86
2693,2018-09-28,10.74
2694,2018-10-01,11.03
2695,2018-10-02,11.24
2696,2018-10-03,11.21
2697,2018-10-04,11.59
2698,2018-10-05,11.64
2699,2018-10-08,12.48
2700,2018-10-09,12.03
2701,2018-10-10,12.51
2702,2018-10-11,13.57
2703,2018-10-12,12.76
2704,2018-10-15,13.13
2705,2018-10-16,12.2
2706,2018-10-17,12.14
2707,2018-10-18,12.23
2708,2018-10-19,11.76
2709,2018-10-22,11.68
2710,2018-10-23,12.31
2711,2018-10-24,13.11
2712,2018-10-25,12.3
2713,2018-10-26,12.92
2714,2018-10-29,12.98
2715,2018-10-30,12.3
2716,2018-10-31,12.08
2717,2018-11-01,12.6
2718,2018-11-02,12.5
2719,2018-11-05,12.39
2720,2018-11-06,12.47
2721,2018-11-07,11.23
2722,2018-11-08,11.41
2723,2018-11-09,11.44
2724,2018-11-12,12.13
2725,2018-11-13,12.19
2726,2018-11-14,12.88
2727,2018-11-15,12.12
2728,2018-11-16,12.05
2729,2018-11-19,12.57
2730,2018-11-20,12.63
2731,2018-11-21,12.12
2732,2018-11-22,
2733,2018-11-23,12.1
2734,2018-11-26,11.83
2735,2018-11-27,12.01
2736,2018-11-28,11.43
2737,2018-11-29,11.39
2738,2018-11-30,11.26
2739,2018-12-03,10.93
2740,2018-12-04,11.63
2741,2018-12-05,
2742,2018-12-06,11.61
2743,2018-12-07,12.22
2744,2018-12-10,12.04
2745,2018-12-11,11.46
2746,2018-12-12,11.29
2747,2018-12-13,10.69
2748,2018-12-14,10.77
2749,2018-12-17,11.75
2750,2018-12-18,12.18
2751,2018-12-19,11.4
2752,2018-12-20,12.45
2753,2018-12-21,11.97
2754,2018-12-24,14.8
2755,2018-12-25,
2756,2018-12-26,14.47
2757,2018-12-27,15.18
2758,2018-12-28,14.56
2759,2018-12-31,13.48
2760,2019-01-01,
2761,2019-01-02,13.18
2762,2019-01-03,13.77
2763,2019-01-04,12.04
2764,2019-01-07,11.66
2765,2019-01-08,11.16
2766,2019-01-09,11.69
2767,2019-01-10,10.95
2768,2019-01-11,11.0
2769,2019-01-14,11.06
2770,2019-01-15,11.06
2771,2019-01-16,11.08
2772,2019-01-17,10.9
2773,2019-01-18,11.12
2774,2019-01-21,
2775,2019-01-22,10.77
2776,2019-01-23,10.61
2777,2019-01-24,10.37
2778,2019-01-25,11.12
2779,2019-01-28,11.04
2780,2019-01-29,11.25
2781,2019-01-30,11.14
2782,2019-01-31,10.74
2783,2019-02-01,10.12
2784,2019-02-04,10.11
2785,2019-02-05,10.14
2786,2019-02-06,9.76
2787,2019-02-07,9.72
2788,2019-02-08,9.89
2789,2019-02-11,10.18
2790,2019-02-12,10.03
2791,2019-02-13,9.55
2792,2019-02-14,9.92
2793,2019-02-15,10.16
2794,2019-02-18,
2795,2019-02-19,11.39
2796,2019-02-20,10.92
2797,2019-02-21,10.29
2798,2019-02-22,10.02
2799,2019-02-25,9.91
2800,2019-02-26,9.86
2801,2019-02-27,9.72
2802,2019-02-28,9.52
2803,2019-03-01,10.2
2804,2019-03-04,10.26
2805,2019-03-05,10.1
2806,2019-03-06,10.13
2807,2019-03-07,10.36
2808,2019-03-08,10.51
2809,2019-03-11,10.18
2810,2019-03-12,10.08
2811,2019-03-13,10.14
2812,2019-03-14,10.08
2813,2019-03-15,10.01
2814,2019-03-18,9.79
2815,2019-03-19,9.82
2816,2019-03-20,10.15
2817,2019-03-21,10.2
2818,2019-03-22,10.31
2819,2019-03-25,10.77
2820,2019-03-26,10.18
2821,2019-03-27,10.36
2822,2019-03-28,10.35
2823,2019-03-29,9.94
2824,2019-04-01,10.13
2825,2019-04-02,9.81
2826,2019-04-03,9.69
2827,2019-04-04,9.92
2828,2019-04-05,9.65
2829,2019-04-08,9.71
2830,2019-04-09,9.55
2831,2019-04-10,9.45
2832,2019-04-11,9.59
2833,2019-04-12,9.28
2834,2019-04-15,9.57
2835,2019-04-16,9.78
2836,2019-04-17,9.39
2837,2019-04-18,8.96
2838,2019-04-19,
2839,2019-04-22,9.56
2840,2019-04-23,9.54
2841,2019-04-24,9.48
2842,2019-04-25,9.35
2843,2019-04-26,9.28
2844,2019-04-29,9.46
2845,2019-04-30,9.32
2846,2019-05-01,9.19
2847,2019-05-02,9.08
2848,2019-05-03,8.89
2849,2019-05-06,9.26
2850,2019-05-07,9.74
2851,2019-05-08,9.78
2852,2019-05-09,9.96
2853,2019-05-10,9.33
2854,2019-05-13,10.51
2855,2019-05-14,9.76
2856,2019-05-15,9.45
2857,2019-05-16,9.16
2858,2019-05-17,9.16
2859,2019-05-20,9.16
2860,2019-05-21,8.99
2861,2019-05-22,9.04
2862,2019-05-23,9.47
2863,2019-05-24,9.0
2864,2019-05-27,
2865,2019-05-28,9.2
2866,2019-05-29,8.88
2867,2019-05-30,9.3
2868,2019-05-31,10.33
2869,2019-06-03,11.79
2870,2019-06-04,10.66
2871,2019-06-05,11.26
2872,2019-06-06,11.62
2873,2019-06-07,11.41
2874,2019-06-10,10.87
2875,2019-06-11,10.52
2876,2019-06-12,11.06
2877,2019-06-13,11.68
2878,2019-06-14,11.9
2879,2019-06-17,11.99
2880,2019-06-18,12.4
2881,2019-06-19,12.41
2882,2019-06-20,15.69
2883,2019-06-21,15.54
2884,2019-06-24,16.8
2885,2019-06-25,17.08
2886,2019-06-26,15.88
2887,2019-06-27,15.57
2888,2019-06-28,15.99
2889,2019-07-01,14.08
2890,2019-07-02,15.8
2891,2019-07-03,15.89
2892,2019-07-04,
2893,2019-07-05,15.07
2894,2019-07-08,12.99
2895,2019-07-09,13.45
2896,2019-07-10,15.01
2897,2019-07-11,13.64
2898,2019-07-12,14.65
2899,2019-07-15,14.9
2900,2019-07-16,14.32
2901,2019-07-17,16.02
2902,2019-07-18,17.45
2903,2019-07-19,15.83
2904,2019-07-22,14.89
2905,2019-07-23,14.28
2906,2019-07-24,14.55
2907,2019-07-25,13.54
2908,2019-07-26,12.31
2909,2019-07-29,13.59
2910,2019-07-30,14.51
2911,2019-07-31,13.21
2912,2019-08-01,16.01
2913,2019-08-02,15.0
2914,2019-08-05,16.91
2915,2019-08-06,16.02
2916,2019-08-07,18.16
2917,2019-08-08,17.53
2918,2019-08-09,16.64
2919,2019-08-12,18.46
2920,2019-08-13,17.92
2921,2019-08-14,18.19
2922,2019-08-15,18.72
2923,2019-08-16,16.86
2924,2019-08-19,14.94
2925,2019-08-20,15.42
2926,2019-08-21,15.13
2927,2019-08-22,15.35
2928,2019-08-23,18.36
2929,2019-08-26,17.54
2930,2019-08-27,17.34
2931,2019-08-28,16.83
2932,2019-08-29,16.31
2933,2019-08-30,15.45
2934,2019-09-02,
2935,2019-09-03,16.86
2936,2019-09-04,17.27
2937,2019-09-05,15.72
2938,2019-09-06,14.75
2939,2019-09-09,14.76
2940,2019-09-10,14.62
2941,2019-09-11,14.95
2942,2019-09-12,15.07
2943,2019-09-13,14.94
2944,2019-09-16,16.07
2945,2019-09-17,15.91
2946,2019-09-18,15.1
2947,2019-09-19,15.13
2948,2019-09-20,16.79
2949,2019-09-23,16.92
2950,2019-09-24,17.22
2951,2019-09-25,15.62
2952,2019-09-26,15.11
2953,2019-09-27,14.96
2954,2019-09-30,15.37
2955,2019-10-01,15.61
2956,2019-10-02,15.75
2957,2019-10-03,16.33
2958,2019-10-04,15.26
2959,2019-10-07,15.44
2960,2019-10-08,16.21
2961,2019-10-09,15.73
2962,2019-10-10,15.7
2963,2019-10-11,15.72
2964,2019-10-14,15.65
2965,2019-10-15,15.08
2966,2019-10-16,14.94
2967,2019-10-17,14.84
2968,2019-10-18,14.85
2969,2019-10-21,14.05
2970,2019-10-22,13.67
2971,2019-10-23,13.23
2972,2019-10-24,13.97
2973,2019-10-25,13.48
2974,2019-10-28,13.78
2975,2019-10-29,13.46
2976,2019-10-30,13.17
2977,2019-10-31,13.39
2978,2019-11-01,12.86
2979,2019-11-04,12.45
2980,2019-11-05,12.43
2981,2019-11-06,12.04
2982,2019-11-07,12.35
2983,2019-11-08,12.27
2984,2019-11-11,12.87
2985,2019-11-12,11.91
2986,2019-11-13,11.56
2987,2019-11-14,11.83
2988,2019-11-15,11.23
2989,2019-11-18,11.55
2990,2019-11-19,11.5
2991,2019-11-20,11.55
2992,2019-11-21,11.37
2993,2019-11-22,11.32
2994,2019-11-25,11.15
2995,2019-11-26,10.76
2996,2019-11-27,10.3
2997,2019-11-28,
2998,2019-11-29,10.71
2999,2019-12-02,10.77
3000,2019-12-03,12.15
3001,2019-12-04,11.57
3002,2019-12-05,11.25
3003,2019-12-06,10.73
3004,2019-12-09,10.75
3005,2019-12-10,10.33
3006,2019-12-11,10.81
3007,2019-12-12,10.95
3008,2019-12-13,10.39
3009,2019-12-16,10.39
3010,2019-12-17,10.03
3011,2019-12-18,10.04
3012,2019-12-19,10.39
3013,2019-12-20,9.69
3014,2019-12-23,10.56
3015,2019-12-24,11.93
3016,2019-12-25,
3017,2019-12-26,13.33
3018,2019-12-27,12.32
3019,2019-12-30,12.56
3020,2019-12-31,12.63
3021,2020-01-01,
3022,2020-01-02,12.7
3023,2020-01-03,13.46
3024,2020-01-06,14.21
3025,2020-01-07,14.01
3026,2020-01-08,13.67
3027,2020-01-09,12.54
3028,2020-01-10,12.27
3029,2020-01-13,10.91
3030,2020-01-14,11.02
3031,2020-01-15,11.75
3032,2020-01-16,11.38
3033,2020-01-17,11.31
3034,2020-01-20,
3035,2020-01-21,11.48
3036,2020-01-22,11.16
3037,2020-01-23,11.61
3038,2020-01-24,12.48
3039,2020-01-27,12.9
3040,2020-01-28,11.89
3041,2020-01-29,12.09
3042,2020-01-30,12.23
3043,2020-01-31,13.5
3044,2020-02-03,12.48
3045,2020-02-04,12.01
3046,2020-02-05,11.32
3047,2020-02-06,11.45
3048,2020-02-07,11.3
3049,2020-02-10,11.91
3050,2020-02-11,11.48
3051,2020-02-12,11.07
3052,2020-02-13,11.59
3053,2020-02-14,11.62
3054,2020-02-17,
3055,2020-02-18,13.02
3056,2020-02-19,13.34
3057,2020-02-20,13.35
3058,2020-02-21,15.79
3059,2020-02-24,17.58
3060,2020-02-25,18.13
3061,2020-02-26,16.48
3062,2020-02-27,18.05
3063,2020-02-28,21.27
3064,2020-03-02,18.98
3065,2020-03-03,22.01
3066,2020-03-04,18.55
3067,2020-03-05,22.43
3068,2020-03-06,25.12
3069,2020-03-09,31.29
3070,2020-03-10,23.99
3071,2020-03-11,26.74
3072,2020-03-12,30.18
3073,2020-03-13,37.43
3074,2020-03-16,41.43
3075,2020-03-17,45.27
3076,2020-03-18,48.98
3077,2020-03-19,39.48
3078,2020-03-20,36.81
3079,2020-03-23,41.16
3080,2020-03-24,40.41
3081,2020-03-25,40.56
3082,2020-03-26,37.48
3083,2020-03-27,34.89
3084,2020-03-30,30.42
3085,2020-03-31,29.19
3086,2020-04-01,30.26
3087,2020-04-02,31.91
3088,2020-04-03,31.85
3089,2020-04-06,35.76
3090,2020-04-07,34.27
3091,2020-04-08,29.98
3092,2020-04-09,27.59
3093,2020-04-10,
3094,2020-04-13,28.41
3095,2020-04-14,28.87
3096,2020-04-15,27.39
3097,2020-04-16,27.74
3098,2020-04-17,26.96
3099,2020-04-20,28.01
3100,2020-04-21,30.62
3101,2020-04-22,30.44
3102,2020-04-23,30.25
3103,2020-04-24,29.22
3104,2020-04-27,26.75
3105,2020-04-28,24.43
3106,2020-04-29,24.16
3107,2020-04-30,24.24
3108,2020-05-01,24.25
3109,2020-05-04,23.68
3110,2020-05-05,24.97
3111,2020-05-06,24.47
3112,2020-05-07,26.15
3113,2020-05-08,24.89
3114,2020-05-11,23.55
3115,2020-05-12,22.45
3116,2020-05-13,22.71
3117,2020-05-14,24.15
3118,2020-05-15,23.63
3119,2020-05-18,22.81
3120,2020-05-19,21.33
3121,2020-05-20,20.12
3122,2020-05-21,19.74
3123,2020-05-22,18.95
3124,2020-05-25,
3125,2020-05-26,18.57
3126,2020-05-27,18.51
3127,2020-05-28,18.1
3128,2020-05-29,18.15
3129,2020-06-01,18.06
3130,2020-06-02,18.1
3131,2020-06-03,18.47
3132,2020-06-04,18.05
3133,2020-06-05,18.17
3134,2020-06-08,17.94
3135,2020-06-09,19.0
3136,2020-06-10,20.75
3137,2020-06-11,23.04
3138,2020-06-12,20.39
3139,2020-06-15,20.11
3140,2020-06-16,19.29
3141,2020-06-17,18.88
3142,2020-06-18,18.31
3143,2020-06-19,18.27
3144,2020-06-22,19.55
3145,2020-06-23,20.51
3146,2020-06-24,20.01
3147,2020-06-25,19.73
3148,2020-06-26,20.52
3149,2020-06-29,19.26
3150,2020-06-30,19.65
3151,2020-07-01,18.85
3152,2020-07-02,17.7
3153,2020-07-03,
3154,2020-07-06,17.42
3155,2020-07-07,17.37
3156,2020-07-08,17.74
3157,2020-07-09,17.39
3158,2020-07-10,16.64
3159,2020-07-13,16.53
3160,2020-07-14,16.0
3161,2020-07-15,15.36
3162,2020-07-16,15.37
3163,2020-07-17,15.09
3164,2020-07-20,15.3
3165,2020-07-21,16.67
3166,2020-07-22,22.45
3167,2020-07-23,21.99
3168,2020-07-24,21.61
3169,2020-07-27,25.52
3170,2020-07-28,28.96
3171,2020-07-29,26.79
3172,2020-07-30,24.13
3173,2020-07-31,24.46
3174,2020-08-03,23.56
3175,2020-08-04,26.3
3176,2020-08-05,25.69
3177,2020-08-06,27.36
3178,2020-08-07,26.22
3179,2020-08-10,23.89
3180,2020-08-11,27.48
3181,2020-08-12,25.85
3182,2020-08-13,25.82
3183,2020-08-14,23.53
3184,2020-08-17,26.35
3185,2020-08-18,26.46
3186,2020-08-19,28.15
3187,2020-08-20,25.91
3188,2020-08-21,25.96
3189,2020-08-24,23.86
3190,2020-08-25,22.76
3191,2020-08-26,24.79
3192,2020-08-27,23.08
3193,2020-08-28,23.19
3194,2020-08-31,24.32
3195,2020-09-01,23.0
3196,2020-09-02,23.57
3197,2020-09-03,23.68
3198,2020-09-04,21.98
3199,2020-09-07,
3200,2020-09-08,22.49
3201,2020-09-09,21.66
3202,2020-09-10,21.26
3203,2020-09-11,20.2
3204,2020-09-14,20.91
3205,2020-09-15,20.32
3206,2020-09-16,20.08
3207,2020-09-17,19.95
3208,2020-09-18,20.22
3209,2020-09-21,21.6
3210,2020-09-22,21.63
3211,2020-09-23,23.43
3212,2020-09-24,23.41
3213,2020-09-25,22.09
3214,2020-09-28,22.01
3215,2020-09-29,23.28
3216,2020-09-30,22.07
3217,2020-10-01,22.39
3218,2020-10-02,22.59
3219,2020-10-05,22.13
3220,2020-10-06,22.79
3221,2020-10-07,23.28
3222,2020-10-08,21.96
3223,2020-10-09,22.44
3224,2020-10-12,22.66
3225,2020-10-13,23.17
3226,2020-10-14,21.88
3227,2020-10-15,21.73
3228,2020-10-16,20.29
3229,2020-10-19,21.33
3230,2020-10-20,21.54
3231,2020-10-21,22.66
3232,2020-10-22,21.38
3233,2020-10-23,21.04
3234,2020-10-26,20.93
3235,2020-10-27,20.41
3236,2020-10-28,21.93
3237,2020-10-29,21.9
3238,2020-10-30,23.26
3239,2020-11-02,23.74
3240,2020-11-03,23.32
3241,2020-11-04,20.49
3242,2020-11-05,22.0
3243,2020-11-06,21.1
3244,2020-11-09,21.86
3245,2020-11-10,20.46
3246,2020-11-11,19.14
3247,2020-11-12,18.98
3248,2020-11-13,17.74
3249,2020-11-16,18.31
3250,2020-11-17,17.54
3251,2020-11-18,17.67
3252,2020-11-19,17.96
3253,2020-11-20,17.72
3254,2020-11-23,18.98
3255,2020-11-24,20.09
3256,2020-11-25,19.75
3257,2020-11-26,
3258,2020-11-27,19.09
3259,2020-11-30,19.69
3260,2020-12-01,19.61
3261,2020-12-02,19.42
3262,2020-12-03,19.61
3263,2020-12-04,18.95
3264,2020-12-07,19.79
3265,2020-12-08,19.86
3266,2020-12-09,20.26
3267,2020-12-10,19.66
3268,2020-12-11,19.24
3269,2020-12-14,19.43
3270,2020-12-15,19.75
3271,2020-12-16,19.39
3272,2020-12-17,20.1
3273,2020-12-18,19.58
3274,2020-12-21,19.8
3275,2020-12-22,19.5
3276,2020-12-23,18.87
3277,2020-12-24,18.99
3278,2020-12-25,
3279,2020-12-28,20.2
3280,2020-12-29,19.53
3281,2020-12-30,20.06
3282,2020-12-31,20.79
3283,2021-01-01,
3284,2021-01-04,21.86
3285,2021-01-05,22.14
3286,2021-01-06,21.7
3287,2021-01-07,20.66
3288,2021-01-08,22.16
3289,2021-01-11,20.65
3290,2021-01-12,20.01
3291,2021-01-13,18.8
3292,2021-01-14,19.21
3293,2021-01-15,19.04
3294,2021-01-18,
3295,2021-01-19,18.87
3296,2021-01-20,18.95
3297,2021-01-21,18.85
3298,2021-01-22,18.42
3299,2021-01-25,18.51
3300,2021-01-26,17.88
3301,2021-01-27,18.47
3302,2021-01-28,19.38
3303,2021-01-29,20.64
3304,2021-02-01,21.81
3305,2021-02-02,19.61
3306,2021-02-03,18.45
3307,2021-02-04,19.3
3308,2021-02-05,18.7
3309,2021-02-08,18.45
3310,2021-02-09,18.35
3311,2021-02-10,18.57
3312,2021-02-11,18.31
3313,2021-02-12,18.08
3314,2021-02-15,
3315,2021-02-16,19.57
3316,2021-02-17,20.49
3317,2021-02-18,19.66
3318,2021-02-19,19.26
3319,2021-02-22,19.12
3320,2021-02-23,18.3
3321,2021-02-24,18.31
3322,2021-02-25,21.26
3323,2021-02-26,21.08
3324,2021-03-01,21.33
3325,2021-03-02,20.06
3326,2021-03-03,20.93
3327,2021-03-04,21.61
3328,2021-03-05,20.21
3329,2021-03-08,20.64
3330,2021-03-09,19.54
3331,2021-03-10,18.55
3332,2021-03-11,18.21
3333,2021-03-12,18.36
3334,2021-03-15,17.86
3335,2021-03-16,17.93
3336,2021-03-17,17.24
3337,2021-03-18,17.79
3338,2021-03-19,16.57
3339,2021-03-22,16.47
3340,2021-03-23,16.69
3341,2021-03-24,15.7
3342,2021-03-25,15.58
3343,2021-03-26,15.48
3344,2021-03-29,17.23
3345,2021-03-30,18.3
3346,2021-03-31,17.07
3347,2021-04-01,16.74
3348,2021-04-02,16.74
3349,2021-04-05,17.08
3350,2021-04-06,16.76
3351,2021-04-07,16.11
3352,2021-04-08,15.72
3353,2021-04-09,15.3
3354,2021-04-12,14.88
3355,2021-04-13,14.26
3356,2021-04-14,14.69
3357,2021-04-15,15.36
3358,2021-04-16,15.32
3359,2021-04-19,16.01
3360,2021-04-20,15.59
3361,2021-04-21,16.41
3362,2021-04-22,16.05
3363,2021-04-23,15.74
3364,2021-04-26,15.51
3365,2021-04-27,14.77
3366,2021-04-28,14.79
3367,2021-04-29,14.54
3368,2021-04-30,14.58
3369,2021-05-03,15.65
3370,2021-05-04,15.91
3371,2021-05-05,15.7
3372,2021-05-06,16.57
3373,2021-05-07,16.46
3374,2021-05-10,17.19
3375,2021-05-11,17.17
3376,2021-05-12,17.56
3377,2021-05-13,17.1
3378,2021-05-14,16.75
3379,2021-05-17,17.62
3380,2021-05-18,17.0
3381,2021-05-19,17.79
3382,2021-05-20,17.29
3383,2021-05-21,16.47
3384,2021-05-24,16.91
3385,2021-05-25,17.09
3386,2021-05-26,16.81
3387,2021-05-27,16.15
3388,2021-05-28,16.08
3389,2021-05-31,
3390,2021-06-01,16.09
3391,2021-06-02,15.65
3392,2021-06-03,15.95
3393,2021-06-04,15.83
3394,2021-06-07,15.57
3395,2021-06-08,15.59
3396,2021-06-09,15.43
3397,2021-06-10,15.5
3398,2021-06-11,15.21
3399,2021-06-14,16.13
3400,2021-06-15,16.26
3401,2021-06-16,16.3
3402,2021-06-17,17.66
3403,2021-06-18,17.9
3404,2021-06-21,16.91
3405,2021-06-22,16.66
3406,2021-06-23,16.2
3407,2021-06-24,15.7
3408,2021-06-25,15.29
3409,2021-06-28,15.36
3410,2021-06-29,16.19
3411,2021-06-30,15.97
3412,2021-07-01,15.8
3413,2021-07-02,15.28
3414,2021-07-05,
3415,2021-07-06,15.45
3416,2021-07-07,15.21
3417,2021-07-08,15.82
3418,2021-07-09,15.27
3419,2021-07-12,15.04
3420,2021-07-13,14.84
3421,2021-07-14,14.79
3422,2021-07-15,15.01
3423,2021-07-16,14.6
3424,2021-07-19,15.96
3425,2021-07-20,15.01
3426,2021-07-21,15.01
3427,2021-07-22,14.51
3428,2021-07-23,14.53
3429,2021-07-26,15.2
3430,2021-07-27,15.51
3431,2021-07-28,15.61
3432,2021-07-29,15.21
3433,2021-07-30,15.09
3434,2021-08-02,15.23
3435,2021-08-03,15.09
3436,2021-08-04,14.88
3437,2021-08-05,14.84
3438,2021-08-06,15.9
3439,2021-08-09,17.26
3440,2021-08-10,16.93
3441,2021-08-11,15.85
3442,2021-08-12,15.67
3443,2021-08-13,15.15
3444,2021-08-16,15.62
3445,2021-08-17,16.1
3446,2021-08-18,15.8
3447,2021-08-19,15.91
3448,2021-08-20,15.34
3449,2021-08-23,15.84
3450,2021-08-24,15.45
3451,2021-08-25,15.9
3452,2021-08-26,16.44
3453,2021-08-27,15.27
3454,2021-08-30,15.52
3455,2021-08-31,15.47
3456,2021-09-01,15.12
3457,2021-09-02,14.76
3458,2021-09-03,14.95
3459,2021-09-06,
3460,2021-09-07,15.36
3461,2021-09-08,15.14
3462,2021-09-09,15.1
3463,2021-09-10,15.15
3464,2021-09-13,15.09
3465,2021-09-14,15.02
3466,2021-09-15,15.14
3467,2021-09-16,15.92
3468,2021-09-17,15.92
3469,2021-09-20,16.85
3470,2021-09-21,16.46
3471,2021-09-22,16.41
3472,2021-09-23,16.82
3473,2021-09-24,16.44
3474,2021-09-27,16.2
3475,2021-09-28,16.78
3476,2021-09-29,17.39
3477,2021-09-30,17.16
3478,2021-10-01,16.32
3479,2021-10-04,16.77
3480,2021-10-05,16.56
3481,2021-10-06,16.58
3482,2021-10-07,16.29
3483,2021-10-08,15.67
3484,2021-10-11,15.56
3485,2021-10-12,15.1
3486,2021-10-13,15.51
3487,2021-10-14,15.34
3488,2021-10-15,15.06
3489,2021-10-18,15.53
3490,2021-10-19,15.32
3491,2021-10-20,15.27
3492,2021-10-21,15.15
3493,2021-10-22,15.74
3494,2021-10-25,16.73
3495,2021-10-26,15.96
3496,2021-10-27,16.08
3497,2021-10-28,15.8
3498,2021-10-29,16.07
3499,2021-11-01,16.31
3500,2021-11-02,16.47
3501,2021-11-03,16.28
3502,2021-11-04,15.87
3503,2021-11-05,16.64
3504,2021-11-08,16.66
3505,2021-11-09,16.76
3506,2021-11-10,16.8
3507,2021-11-11,16.95
3508,2021-11-12,16.85
3509,2021-11-15,17.0
3510,2021-11-16,16.67
3511,2021-11-17,16.69
3512,2021-11-18,16.25
3513,2021-11-19,15.99
3514,2021-11-22,16.59
3515,2021-11-23,16.81
3516,2021-11-24,16.75
3517,2021-11-25,
3518,2021-11-26,17.99
3519,2021-11-29,17.55
3520,2021-11-30,17.99
3521,2021-12-01,18.39
3522,2021-12-02,18.45
3523,2021-12-03,17.92
3524,2021-12-06,17.44
3525,2021-12-07,17.02
3526,2021-12-08,16.48
3527,2021-12-09,16.7
3528,2021-12-10,15.35
3529,2021-12-13,15.97
3530,2021-12-14,16.41
3531,2021-12-15,15.54
3532,2021-12-16,15.22
3533,2021-12-17,15.07
3534,2021-12-20,15.77
3535,2021-12-21,15.42
3536,2021-12-22,14.94
3537,2021-12-23,14.62
3538,2021-12-24,14.62
3539,2021-12-27,15.44
3540,2021-12-28,15.06
3541,2021-12-29,15.13
3542,2021-12-30,14.77
3543,2021-12-31,14.61
3544,2022-01-03,15.34
3545,2022-01-04,15.33
3546,2022-01-05,16.21
3547,2022-01-06,15.87
3548,2022-01-07,15.04
3549,2022-01-10,15.56
3550,2022-01-11,15.21
3551,2022-01-12,15.32
3552,2022-01-13,15.17
3553,2022-01-14,14.73
3554,2022-01-17,
3555,2022-01-18,15.09
3556,2022-01-19,15.64
3557,2022-01-20,15.09
3558,2022-01-21,15.2
3559,2022-01-24,16.3
3560,2022-01-25,16.47
3561,2022-01-26,16.42
3562,2022-01-27,17.15
3563,2022-01-28,17.12
3564,2022-01-31,16.7
3565,2022-02-01,16.5
3566,2022-02-02,15.66
3567,2022-02-03,16.01
3568,2022-02-04,15.53
3569,2022-02-07,16.15
3570,2022-02-08,15.86
3571,2022-02-09,15.63
3572,2022-02-10,15.92
3573,2022-02-11,17.81
3574,2022-02-14,18.95
3575,2022-02-15,17.7
3576,2022-02-16,18.07
3577,2022-02-17,19.79
3578,2022-02-18,18.54
3579,2022-02-21,
3580,2022-02-22,17.93
3581,2022-02-23,17.69
3582,2022-02-24,18.12
3583,2022-02-25,18.4
3584,2022-02-28,20.97
3585,2022-03-01,22.7
3586,2022-03-02,21.85
3587,2022-03-03,22.94
3588,2022-03-04,26.29
3589,2022-03-07,29.67
3590,2022-03-08,31.7
3591,2022-03-09,28.01
3592,2022-03-10,26.08
3593,2022-03-11,24.73
3594,2022-03-14,24.08
3595,2022-03-15,23.8
3596,2022-03-16,22.51
3597,2022-03-17,22.23
3598,2022-03-18,22.0
3599,2022-03-21,21.89
3600,2022-03-22,20.58
3601,2022-03-23,23.41
3602,2022-03-24,24.07
3603,2022-03-25,24.68
3604,2022-03-28,23.2
3605,2022-03-29,21.28
3606,2022-03-30,21.08
3607,2022-03-31,20.25
3608,2022-04-01,19.08
3609,2022-04-04,19.22
3610,2022-04-05,18.47
3611,2022-04-06,18.88
3612,2022-04-07,18.43
3613,2022-04-08,18.37
3614,2022-04-11,19.25
3615,2022-04-12,19.37
3616,2022-04-13,18.7
3617,2022-04-14,17.71
3618,2022-04-15,
3619,2022-04-18,19.07
3620,2022-04-19,18.19
3621,2022-04-20,18.15
3622,2022-04-21,18.22
3623,2022-04-22,18.97
3624,2022-04-25,19.47
3625,2022-04-26,19.23
3626,2022-04-27,19.16
3627,2022-04-28,19.0
3628,2022-04-29,19.83
3629,2022-05-02,20.06
3630,2022-05-03,19.71
3631,2022-05-04,18.81
3632,2022-05-05,19.36
3633,2022-05-06,18.71
3634,2022-05-09,20.49
3635,2022-05-10,20.02
3636,2022-05-11,20.26
3637,2022-05-12,21.51
3638,2022-05-13,21.2
3639,2022-05-16,21.16
3640,2022-05-17,20.05
3641,2022-05-18,19.69
3642,2022-05-19,20.25
3643,2022-05-20,19.31
3644,2022-05-23,19.63
3645,2022-05-24,19.13
3646,2022-05-25,18.27
3647,2022-05-26,17.81
3648,2022-05-27,17.5
3649,2022-05-30,
3650,2022-05-31,17.19
3651,2022-06-01,16.94
3652,2022-06-02,17.13
3653,2022-06-03,16.51
3654,2022-06-06,16.81
3655,2022-06-07,16.64
3656,2022-06-08,16.04
3657,2022-06-09,16.29
3658,2022-06-10,17.58
3659,2022-06-13,20.84
3660,2022-06-14,21.99
3661,2022-06-15,19.4
3662,2022-06-16,20.65
3663,2022-06-17,20.28
3664,2022-06-20,
3665,2022-06-21,18.24
3666,2022-06-22,18.29
3667,2022-06-23,18.65
3668,2022-06-24,17.92
3669,2022-06-27,17.88
3670,2022-06-28,17.95
3671,2022-06-29,18.08
3672,2022-06-30,19.61
3673,2022-07-01,20.17
3674,2022-07-04,
3675,2022-07-05,21.33
3676,2022-07-06,21.91
3677,2022-07-07,20.5
3678,2022-07-08,19.41
3679,2022-07-11,19.72
3680,2022-07-12,19.78
3681,2022-07-13,18.36
3682,2022-07-14,19.6
3683,2022-07-15,19.27
3684,2022-07-18,19.42
3685,2022-07-19,18.63
3686,2022-07-20,19.26
3687,2022-07-21,18.71
3688,2022-07-22,18.3
3689,2022-07-25,18.3
3690,2022-07-26,18.06
3691,2022-07-27,17.39
3692,2022-07-28,16.84
3693,2022-07-29,16.49
3694,2022-08-01,17.52
3695,2022-08-02,17.34
3696,2022-08-03,16.76
3697,2022-08-04,16.95
3698,2022-08-05,16.37
3699,2022-08-08,16.76
3700,2022-08-09,16.69
3701,2022-08-10,16.27
3702,2022-08-11,15.81
3703,2022-08-12,15.22
3704,2022-08-15,15.37
3705,2022-08-16,15.27
3706,2022-08-17,15.32
3707,2022-08-18,15.36
3708,2022-08-19,15.91
3709,2022-08-22,16.57
3710,2022-08-23,15.8
3711,2022-08-24,15.9
3712,2022-08-25,15.57
3713,2022-08-26,15.42
3714,2022-08-29,16.02
3715,2022-08-30,16.52
3716,2022-08-31,17.02
3717,2022-09-01,17.8
3718,2022-09-02,16.88
3719,2022-09-05,
3720,2022-09-06,17.68
3721,2022-09-07,16.77
3722,2022-09-08,16.4
3723,2022-09-09,15.91
3724,2022-09-12,15.79
3725,2022-09-13,16.93
3726,2022-09-14,17.17
3727,2022-09-15,19.66
3728,2022-09-16,18.31
3729,2022-09-19,18.37
3730,2022-09-20,18.59
3731,2022-09-21,18.48
3732,2022-09-22,17.93
3733,2022-09-23,19.42
3734,2022-09-26,20.26
3735,2022-09-27,19.26
3736,2022-09-28,19.27
3737,2022-09-29,19.78
3738,2022-09-30,19.52
3739,2022-10-03,20.29
3740,2022-10-04,19.55
3741,2022-10-05,19.69
3742,2022-10-06,19.67
3743,2022-10-07,19.66
3744,2022-10-10,20.54
3745,2022-10-11,20.59
3746,2022-10-12,20.4
3747,2022-10-13,20.07
3748,2022-10-14,20.07
3749,2022-10-17,19.96
3750,2022-10-18,19.19
3751,2022-10-19,19.41
3752,2022-10-20,19.23
3753,2022-10-21,19.05
3754,2022-10-24,19.58
3755,2022-10-25,19.33
3756,2022-10-26,18.67
3757,2022-10-27,18.51
3758,2022-10-28,18.01
3759,2022-10-31,18.27
3760,2022-11-01,18.45
3761,2022-11-02,17.84
3762,2022-11-03,18.03
3763,2022-11-04,18.03
3764,2022-11-07,18.12
3765,2022-11-08,18.91
3766,2022-11-09,18.91
3767,2022-11-10,17.69
3768,2022-11-11,17.57
3769,2022-11-14,17.41
3770,2022-11-15,17.72
3771,2022-11-16,17.23
3772,2022-11-17,16.77
3773,2022-11-18,16.51
3774,2022-11-21,16.68
3775,2022-11-22,16.07
3776,2022-11-23,15.84
3777,2022-11-24,
3778,2022-11-25,15.23
3779,2022-11-28,15.77
3780,2022-11-29,15.71
3781,2022-11-30,15.45
3782,2022-12-01,15.92
3783,2022-12-02,15.42
3784,2022-12-05,15.81
3785,2022-12-06,16.19
3786,2022-12-07,16.55
3787,2022-12-08,16.45
3788,2022-12-09,16.26
3789,2022-12-12,15.51
3790,2022-12-13,14.71
3791,2022-12-14,14.06
3792,2022-12-15,14.39
3793,2022-12-16,14.14
3794,2022-12-19,14.49
3795,2022-12-20,15.03
3796,2022-12-21,14.78
3797,2022-12-22,14.88
3798,2022-12-23,14.86
3799,2022-12-26,
3800,2022-12-27,16.3
3801,2022-12-28,15.99
3802,2022-12-29,16.18
3803,2022-12-30,16.25
3804,2023-01-02,
3805,2023-01-03,17.26
3806,2023-01-04,17.35
3807,2023-01-05,16.78
3808,2023-01-06,16.44
3809,2023-01-09,16.92
3810,2023-01-10,16.59
3811,2023-01-11,16.32
3812,2023-01-12,15.95
3813,2023-01-13,16.37
3814,2023-01-16,
3815,2023-01-17,16.49
3816,2023-01-18,16.19
3817,2023-01-19,16.71
3818,2023-01-20,16.4
3819,2023-01-23,16.2
3820,2023-01-24,16.17
3821,2023-01-25,16.12
3822,2023-01-26,15.59
3823,2023-01-27,15.23
3824,2023-01-30,15.59
3825,2023-01-31,15.75
3826,2023-02-01,15.22
3827,2023-02-02,15.14
3828,2023-02-03,15.06
3829,2023-02-06,15.81
3830,2023-02-07,15.62
3831,2023-02-08,15.46
3832,2023-02-09,15.52
3833,2023-02-10,15.46
3834,2023-02-13,15.58
3835,2023-02-14,14.88
3836,2023-02-15,14.9
3837,2023-02-16,14.92
3838,2023-02-17,14.69
3839,2023-02-20,
3840,2023-02-21,15.48
3841,2023-02-22,15.05
3842,2023-02-23,14.84
3843,2023-02-24,14.56
3844,2023-02-27,14.35
3845,2023-02-28,14.17
3846,2023-03-01,14.16
3847,2023-03-02,13.94
3848,2023-03-03,13.93
3849,2023-03-06,14.24
3850,2023-03-07,14.2
3851,2023-03-08,13.79
3852,2023-03-09,14.3
3853,2023-03-10,16.57
3854,2023-03-13,20.0
3855,2023-03-14,17.95
3856,2023-03-15,19.75
3857,2023-03-16,17.38
3858,2023-03-17,22.83
