,Date,Open,Close,Range,Absolute,VIX,Actual Range (Absolute),Movement Predicted by VIX (%),Weekly Close Price Predicted by VIX (Upper End),Weekly Close Price Predicted by VIX (Lower End),Predicted Movement by VIX,Actual Movement
0,2009-06-01,1521.7843017578125,1499.4000244140625,22.38427734375,,29.5,22.38427734375,3.4527138422858514,1574.3271589943374,1447.6300322198808,52.54285723652508,22.38427734375
1,2009-06-08,1498.75,1481.0899658203125,17.6600341796875,,27.09,17.6600341796875,3.170644677543177,1546.2700371046783,1434.1298656494048,47.52003710467836,17.6600341796875
2,2009-06-15,1481.0,1470.93994140625,10.06005859375,,25.31,10.06005859375,2.962311435534064,1524.8718323602595,1427.3661193121347,43.87183236025949,10.06005859375
3,2009-06-22,1470.0,1488.43994140625,-18.43994140625,,22.1,18.43994140625,2.5866093530344854,1508.0231574896068,1449.9398146675348,38.02315748960694,-18.43994140625
4,2009-06-29,1480.0,1470.6300048828125,9.3699951171875,,21.72,9.3699951171875,2.5421337170999556,1517.6235790130793,1433.2446236748976,37.62357901307934,9.3699951171875
5,2009-07-06,1484.9000244140625,1459.18994140625,25.7100830078125,,20.6,25.7100830078125,2.4110476322402894,1520.7016712938332,1424.008176874086,35.801646879770736,25.7100830078125
6,2009-07-13,1497.989990234375,1490.3900146484375,7.5999755859375,,19.27,7.5999755859375,2.255382906469436,1531.7754004147441,1456.7760130183292,33.78541018036927,7.5999755859375
7,2009-07-20,1500.0,1503.1700439453125,-3.1700439453125,,18.55,3.1700439453125,2.171113280488222,1532.5666992073234,1470.5345194928952,32.56669920732333,-3.1700439453125
8,2009-07-27,1504.0,1495.75,8.25,,18.72,8.25,2.1910102755115637,1536.952794543694,1462.9779638040359,32.95279454369392,8.25
9,2009-08-03,1500.0,1507.75,-7.75,,21.11,7.75,2.470738617310316,1537.0610792596547,1470.4974384975037,37.06107925965474,-7.75
10,2009-08-10,1505.0,1509.8800048828125,-4.8800048828125,,20.33,4.8800048828125,2.379446522497334,1540.8106701635847,1473.953217612746,35.810670163584874,-4.8800048828125
11,2009-08-17,1512.0,1511.565673828125,0.434326171875,,19.83,0.434326171875,2.320925948899269,1547.0924003473572,1476.483353869594,35.09240034735695,0.434326171875
12,2009-08-24,1509.0,1518.72998046875,-9.72998046875,,19.65,9.72998046875,2.2998585424039653,1543.704865404876,1483.8013392768894,34.70486540487583,-9.72998046875
13,2009-08-31,1521.0,1590.6800537109375,-69.6800537109375,,20.43,69.6800537109375,2.3911506372169473,1557.36940119207,1552.6444974705455,36.36940119206977,-69.6800537109375
14,2009-09-07,1587.0,1582.7099609375,4.2900390625,,,4.2900390625,,,,,4.2900390625
15,2009-09-14,1600.0,1598.219970703125,1.780029296875,,24.78,1.780029296875,2.9002796275201153,1646.4044740403217,1551.8671224898642,46.404474040321844,1.780029296875
16,2009-10-05,1565.300048828125,1591.7099609375,-26.409912109375,,22.78,26.409912109375,2.666197333127854,1607.0340369854293,1549.271832407854,41.733988157304466,-26.409912109375
17,2009-10-12,1604.8399658203125,1586.6500244140625,18.18994140625,,22.47,18.18994140625,2.6299145774970536,1647.0458860269198,1544.9224841281366,42.20592020660713,18.18994140625
18,2009-10-26,1615.0,1599.22998046875,15.77001953125,,20.87,15.77001953125,2.4426487419832448,1654.4487771830295,1560.1664094694113,39.4487771830294,15.77001953125
19,2009-11-09,1690.0,1688.6199951171875,1.3800048828125,,21.92,1.3800048828125,2.5655419465391818,1733.357658896512,1645.2977408248082,43.35765889651217,1.3800048828125
20,2009-11-16,1700.0,1743.760009765625,-43.760009765625,,24.34,43.760009765625,2.848781522753818,1748.4292858868148,1694.0840968062516,48.4292858868149,-43.760009765625
21,2009-11-23,1751.050048828125,1774.239990234375,-23.18994140625,,25.64,23.18994140625,3.0009350141087876,1803.5979228579772,1720.9962011331113,52.547874029852224,-23.18994140625
22,2009-11-30,1810.0,1818.0,-8.0,,26.27,8.0,3.0746709368423497,1865.6515439568466,1762.102482368206,55.65154395684653,-8.0
23,2009-12-07,1709.800048828125,1715.6300048828125,-5.8299560546875,,29.12,5.8299560546875,3.4082382063513217,1768.0741073444988,1657.1572475767694,58.27405851637371,-5.8299560546875
24,2009-12-14,1708.800048828125,1691.449951171875,17.35009765625,,25.48,17.35009765625,2.9822084305574066,1759.7600279456465,1641.007388129368,50.95997911752142,17.35009765625
25,2010-01-04,1689.0,1682.1500244140625,6.8499755859375,,24.59,6.8499755859375,2.87804180955285,1737.6101261633476,1633.7370434120223,48.61012616334764,6.8499755859375
26,2010-01-11,1701.0,1688.719970703125,12.280029296875,,20.97,12.280029296875,2.4543528567028576,1742.7485420925157,1647.2728238604611,41.748542092515606,12.280029296875
27,2010-01-18,1693.5400390625,1650.4859619140625,43.0540771484375,,,43.0540771484375,,,,,43.0540771484375
28,2010-01-25,1661.0430908203125,1636.66064453125,24.3824462890625,,24.73,24.3824462890625,2.8944275701603086,1709.1207799932588,1589.288687605974,48.07768917294606,24.3824462890625
29,2010-02-01,1634.3271484375,1608.27001953125,26.05712890625,,23.84,26.05712890625,2.790260949155752,1679.9291406418024,1563.39508921929,45.60199220430233,26.05712890625
30,2010-02-15,1646.0,1658.3399658203125,-12.3399658203125,,,12.3399658203125,,,,,-12.3399658203125
31,2010-02-22,1709.9000244140625,1677.0400390625,32.8599853515625,,23.53,32.8599853515625,2.753978193524952,1756.9902982175036,1630.8547220900364,47.09027380344111,32.8599853515625
32,2010-03-08,1696.0,1666.8399658203125,29.1600341796875,,19.89,29.1600341796875,2.327948417731037,1735.4820051647182,1628.03679120989,39.48200516471839,29.1600341796875
33,2010-03-15,1663.0,1675.8900146484375,-12.8900146484375,,20.9,12.8900146484375,2.4461599763991284,1703.6796404075174,1634.895063861638,40.6796404075175,-12.8900146484375
34,2010-03-22,1668.0,1632.4599609375,35.5400390625,,19.06,35.5400390625,2.2308042655582483,1705.2098151495115,1596.0429744953758,37.209815149511584,35.5400390625
35,2010-04-05,1663.800048828125,1670.9100341796875,-7.1099853515625,,18.06,7.1099853515625,2.1137631183621175,1698.9688406235448,1635.5909541361852,35.16879179541981,-7.1099853515625
36,2010-04-12,1689.0,1677.8900146484375,11.1099853515625,,18.27,11.1099853515625,2.138341759273305,1725.116592314126,1642.010991790533,36.11659231412612,11.1099853515625
37,2010-04-19,1673.0,1661.7900390625,11.2099609375,,18.94,11.2099609375,2.216759327894713,1710.0863835556786,1624.9521533615568,37.086383555678545,11.2099609375
38,2010-04-26,1675.0,1695.9000244140625,-20.9000244140625,,17.73,20.9000244140625,2.075139539787395,1709.758587291439,1660.7077324521822,34.758587291438864,-20.9000244140625
39,2010-05-03,1679.0,1764.9000244140625,-85.9000244140625,,20.93,85.9000244140625,2.4496712108150125,1720.1299796295839,1721.6657766163241,41.12997962958406,-85.9000244140625
40,2010-05-10,1769.0,1820.9000244140625,-51.9000244140625,,24.35,51.9000244140625,2.8499519342257793,1819.4156497164538,1769.0052489479563,50.415649716454034,-51.9000244140625
41,2010-05-17,1849.800048828125,1797.199951171875,52.60009765625,,26.46,52.60009765625,3.0969087548096144,1907.0866684867558,1741.5423085425991,57.28661965863073,52.60009765625
42,2010-05-24,1800.0,1829.199951171875,-29.199951171875,,25.72,29.199951171875,3.010298305884478,1854.1853695059208,1774.1355760305084,54.185369505920605,-29.199951171875
43,2010-05-31,1825.0,1831.449951171875,-6.449951171875,,,6.449951171875,,,,,-6.449951171875
44,2010-06-07,1846.0,1849.6500244140625,-3.6500244140625,,24.95,3.6500244140625,2.9201766225434573,1899.906460452152,1795.6369768022537,53.906460452152224,-3.6500244140625
45,2010-06-14,1898.0,1853.800048828125,44.199951171875,,21.79,44.199951171875,2.550326597403685,1946.4051988187218,1806.5220931201789,48.405198818721935,44.199951171875
46,2010-06-21,1875.0,1866.4000244140625,8.5999755859375,,22.25,8.5999755859375,2.604165525113905,1923.8281035958858,1817.7958784175541,48.828103595885715,8.5999755859375
47,2010-06-28,1873.949951171875,1842.1500244140625,31.7999267578125,,22.8,31.7999267578125,2.6685381560717767,1923.9570206445849,1792.9915481204878,50.007069472709915,31.7999267578125
48,2010-07-05,1870.5999755859375,1823.449951171875,47.1500244140625,,,47.1500244140625,,,,,47.1500244140625
49,2010-07-12,1849.800048828125,1837.199951171875,12.60009765625,,18.51,12.60009765625,2.166431634600377,1889.8747022627906,1797.3982702388248,40.07465343466572,12.60009765625
50,2010-07-19,1839.5,1833.550048828125,5.949951171875,,20.31,5.949951171875,2.3771056995534114,1883.2268593432848,1789.9646261132673,43.72685934328501,5.949951171875
51,2010-07-26,1830.0,1776.199951171875,53.800048828125,,20.98,53.800048828125,2.455523268174819,1874.9360758075993,1732.5849480815398,44.936075807599195,53.800048828125
52,2010-08-02,1794.949951171875,1799.75,-4.800048828125,,18.79,4.800048828125,2.199203155815293,1834.4245471433521,1760.1698412032144,39.47459597147694,-4.800048828125
53,2010-08-09,1804.0,1853.6500244140625,-49.6500244140625,,17.61,49.6500244140625,2.061094602123859,1841.1821466223146,1815.4445438185967,37.18214662231441,-49.6500244140625
54,2010-08-16,1852.0,1872.949951171875,-20.949951171875,,18.5,20.949951171875,2.1652612231284154,1892.1006378523382,1832.3956921505478,40.10063785233825,-20.949951171875
55,2010-08-23,1874.0,1886.6500244140625,-12.6500244140625,,18.42,12.6500244140625,2.155897931352725,1914.4015272335503,1845.975775565854,40.40152723355007,-12.6500244140625
56,2010-08-30,1890.0,1907.300048828125,-17.300048828125,,18.52,17.300048828125,2.167602046072338,1930.967678670767,1865.957373944988,40.96767867076719,-17.300048828125
57,2010-09-13,1898.0,1914.199951171875,-16.199951171875,,16.69,16.199951171875,1.9534167467034191,1935.0758498524308,1876.807648760295,37.07584985243089,-16.199951171875
58,2010-09-20,1915.0,1915.800048828125,-0.800048828125,,17.92,0.800048828125,2.09737735775466,1955.1647764010017,1875.6184923841513,40.16477640100174,-0.800048828125
59,2010-09-27,1914.0,1907.699951171875,6.300048828125,,18.22,6.300048828125,2.1324897019134985,1954.8158528946246,1867.0184461697258,40.815852894624356,6.300048828125
60,2010-10-04,1913.0,1924.550048828125,-11.550048828125,,18.88,11.550048828125,2.2097368590629447,1955.272266113874,1882.0225570280559,42.27226611387413,-11.550048828125
61,2010-10-11,1933.050048828125,1971.800048828125,-38.75,,20.13,38.75,2.356038293058108,1978.593448202494,1925.343684615196,45.54339937436907,-38.75
62,2010-10-18,1964.050048828125,1929.0999755859375,34.9500732421875,,20.89,34.9500732421875,2.4449895649271673,2012.0708675719195,1881.9336824858487,48.02081874379459,34.9500732421875
63,2010-10-25,1938.0,1936.949951171875,1.050048828125,,20.06,1.050048828125,2.3478454127543786,1983.5012440991798,1891.473360595938,45.50124409917986,1.050048828125
64,2010-11-08,1989.75,2005.1500244140625,-15.4000244140625,,22.38,15.4000244140625,2.619380874249402,2041.8691309453775,1952.6275081745534,52.11913094537747,-15.4000244140625
65,2010-11-15,2005.0,1996.8499755859375,8.1500244140625,,23.32,8.1500244140625,2.7293995526137644,2059.724461029906,1942.3479612859269,54.72446102990598,8.1500244140625
66,2010-11-22,2006.0,2022.75,-16.75,,20.23,16.75,2.367742407777721,2053.4969127000213,1974.8564904466762,47.496912700021085,-16.75
67,2010-11-29,2025.0,2036.449951171875,-11.449951171875,,21.51,11.449951171875,2.5175550761887684,2075.980490292822,1985.1812020521038,50.98049029282256,-11.449951171875
68,2010-12-06,2045.5,2035.25,10.25,,20.74,10.25,2.4274333928477474,2095.153150050701,1985.8456618720663,49.653150050700674,10.25
69,2010-12-20,2043.75,2030.6500244140625,13.0999755859375,,16.3,13.0999755859375,1.907770699296928,2082.740063666881,1991.909878243025,38.990063666880964,13.0999755859375
70,2010-12-27,2034.0,2046.4000244140625,-12.4000244140625,,17.31,12.4000244140625,2.02598225796502,2075.2084791270086,2004.9403229924417,41.20847912700851,-12.4000244140625
71,2011-01-03,2050.0,2005.1500244140625,44.8499755859375,,18.95,44.8499755859375,2.217929739366674,2095.467559657017,1960.6772057036649,45.467559657016814,44.8499755859375
72,2011-01-10,2033.6500244140625,2012.6500244140625,21.0,,18.32,21.0,2.144193816633112,2077.2554224895066,1969.4949070401115,43.6053980754441,21.0
73,2011-01-17,2008.0,1992.75,15.25,,,15.25,,,,,15.25
74,2011-01-24,1995.0,1955.949951171875,39.050048828125,,18.99,39.050048828125,2.222611385254519,2039.3410971358278,1912.4767848672489,44.34109713582765,39.050048828125
75,2011-01-31,1976.5,1990.699951171875,-14.199951171875,,18.33,14.199951171875,2.145364228105073,2018.9031239684969,1947.9921865305284,42.403123968496764,-14.199951171875
76,2011-02-07,1993.0,2003.0999755859375,-10.0999755859375,,16.14,10.0999755859375,1.8890441157455473,2030.6486492268089,1965.2605333646306,37.64864922680876,-10.0999755859375
77,2011-02-14,2002.0,2020.1500244140625,-18.1500244140625,,15.56,18.1500244140625,1.8211602503717914,2038.4596282124435,1983.3598551715577,36.45962821244326,-18.1500244140625
78,2011-02-21,2022.5,2057.75,-35.25,,,35.25,,,,,-35.25
79,2011-02-28,2073.39990234375,2068.199951171875,5.199951171875,,15.98,5.199951171875,1.8703175321941663,2112.179064229782,2029.5180448842762,38.77916188603188,5.199951171875
80,2011-03-07,2076.5,2066.199951171875,10.300048828125,,17.79,10.300048828125,2.0821620086191626,2119.736094108977,2023.1783207664666,43.236094108976914,10.300048828125
81,2011-03-14,2068.0,2061.10009765625,6.89990234375,,17.95,6.89990234375,2.1008885921705436,2111.4463760860867,2017.7986808313738,43.44637608608684,6.89990234375
82,2011-03-21,2085.0,2067.800048828125,17.199951171875,,17.01,17.199951171875,1.990869913806181,2126.5096377028585,2026.6328397783363,41.509637702858875,17.199951171875
83,2011-03-28,2066.199951171875,2066.39990234375,-0.199951171875,,17.09,0.199951171875,2.0002332055818712,2107.528768688931,2025.067085336959,41.32881751705625,-0.199951171875
84,2011-04-04,2063.699951171875,2088.0,-24.300048828125,,15.82,24.300048828125,1.8515909486427855,2101.9112326749187,2049.3387809923383,38.21128150304402,-24.300048828125
85,2011-04-11,2100.0,2116.199951171875,-16.199951171875,,15.26,16.199951171875,1.7860479062129522,2137.507006030472,2078.40360625269,37.507006030472,-16.199951171875
86,2011-04-25,2171.699951171875,2195.949951171875,-24.25,,18.32,24.25,2.144193816633112,2218.2654072407267,2148.8645281024897,46.56545606885165,-24.25
87,2011-05-02,2218.0,2219.0,-1.0,,21.11,1.0,2.470738617310316,2272.8009825319427,2164.174310081884,54.800982531942815,-1.0
88,2011-05-09,2268.0,2188.949951171875,79.050048828125,,19.95,79.050048828125,2.3349708865628043,2320.9571397072446,2137.838607090581,52.9571397072444,79.050048828125
89,2011-05-16,2184.699951171875,2176.5,8.199951171875,,19.33,8.199951171875,2.2624053753012032,2234.1267203013904,2127.258747006569,49.426769129515264,8.199951171875
90,2011-05-23,2186.60009765625,2217.5,-30.89990234375,,18.3,30.89990234375,2.1418529936891892,2233.4338573079112,2170.0044098649423,46.833759651661126,-30.89990234375
91,2011-05-30,2225.0,2217.5,7.5,,,7.5,,,,,7.5
92,2011-06-06,2225.0,2227.35009765625,-2.35009765625,,18.12,2.35009765625,2.1207855871938857,2272.187479315064,2180.112777808807,47.18747931506395,-2.35009765625
93,2011-06-13,2222.0,2206.85009765625,15.14990234375,,16.95,15.14990234375,1.9838474449744128,2266.0810902273315,2163.069558379481,44.08109022733146,15.14990234375
94,2011-06-20,2210.800048828125,2205.35009765625,5.449951171875,,16.64,5.449951171875,1.9475646893436125,2253.856809931093,2162.399477877892,43.05676110296791,5.449951171875
95,2011-06-27,2198.699951171875,2147.050048828125,51.64990234375,,17.52,51.64990234375,2.050560898876207,2243.7856326542155,2103.0234800475528,45.085681482340725,51.64990234375
96,2011-07-04,2159.89990234375,2173.300048828125,-13.400146484375,,,13.400146484375,,,,,-13.400146484375
97,2011-07-11,2183.949951171875,2247.14990234375,-63.199951171875,,16.3,63.199951171875,1.907770699296928,2225.6147084276417,2204.2794349375563,41.664757255766595,-63.199951171875
98,2011-07-18,2256.800048828125,2268.050048828125,-11.25,,18.96,11.25,2.2191001508386354,2306.8807021157963,2217.719746773484,50.080653287671325,-11.25
99,2011-07-25,2299.0,2294.050048828125,4.949951171875,,18.69,4.949951171875,2.18749904109568,2349.2906029547894,2243.8677260077548,50.290602954789684,4.949951171875
100,2011-08-01,2290.0,2397.10009765625,-107.10009765625,,19.58,107.10009765625,2.291665662100236,2342.4791436620953,2342.1665778320903,52.47914366209541,-107.10009765625
101,2011-08-08,2450.0,2565.449951171875,-115.449951171875,,28.21,115.449951171875,3.301730762402843,2530.8924036788694,2480.7457009399845,80.89240367886966,-115.449951171875
102,2011-08-22,2825.0,2645.449951171875,179.550048828125,,33.09,179.550048828125,3.8728915607199603,2934.4091865903392,2542.994543269869,109.40918659033889,179.550048828125
103,2011-08-29,2683.0,2728.85009765625,-45.85009765625,,32.55,45.85009765625,3.809689341234049,2785.2139650253093,2624.889386347585,102.21396502530953,-45.85009765625
104,2011-09-05,2778.89990234375,2779.949951171875,-1.050048828125,,,1.050048828125,,,,,-1.050048828125
105,2011-09-12,2774.800048828125,2702.800048828125,72.0,,37.2,72.0,4.3539306756960565,2895.6129193432816,2585.122008399469,120.81287051515689,72.0
106,2011-09-19,2751.050048828125,2741.75,9.300048828125,,30.7,9.300048828125,3.593163218921208,2849.899767316731,2643.234447445228,98.84971848860613,9.300048828125
107,2011-09-26,2668.0,2573.64990234375,94.35009765625,,39.86,94.35009765625,4.665260127237763,2792.4691401947034,2453.5824396350135,124.46914019470353,94.35009765625
108,2011-10-03,2597.0,2605.800048828125,-8.800048828125,,36.92,8.800048828125,4.3211591544811405,2709.2205032418756,2493.1992814707146,112.22050324187522,-8.800048828125
109,2011-10-10,2604.0,2632.85009765625,-28.85009765625,,31.26,28.85009765625,3.6587062613510413,2699.2727110455808,2536.5218462813136,95.27271104558112,-28.85009765625
110,2011-10-17,2638.0,2609.199951171875,28.800048828125,,28.93,28.800048828125,3.386000388384057,2727.3226902455713,2520.8524306914787,89.32269024557142,28.800048828125
111,2011-10-24,2628.0,2688.35009765625,-60.35009765625,,26.98,60.35009765625,3.1577701513516025,2710.9861995775204,2603.4581807086292,82.98619957752013,-60.35009765625
112,2011-10-31,2669.89990234375,2733.35009765625,-63.4501953125,,27.45,63.4501953125,3.2127794905337836,2755.677898824031,2645.533586314265,85.77799648028152,-63.4501953125
113,2011-11-14,2807.0,2797.050048828125,9.949951171875,,27.85,9.949951171875,3.259595949412236,2898.4968583000013,2705.8775187334904,91.49685830000146,9.949951171875
114,2011-11-21,2800.0,2797.39990234375,2.60009765625,,30.07,2.60009765625,3.519427296187646,2898.543964293254,2698.9474465971375,98.54396429325409,2.60009765625
115,2011-11-28,2806.800048828125,2854.050048828125,-47.25,,26.61,47.25,3.114464926889034,2894.2168519167813,2765.1616610615138,87.41680308865622,-47.25
116,2011-12-05,2851.0,2849.64990234375,1.35009765625,,24.97,1.35009765625,2.92251744548738,2934.320972370845,2766.36838681244,83.3209723708452,1.35009765625
117,2011-12-12,2839.800048828125,2691.25,148.550048828125,,23.66,148.550048828125,2.769193542660449,2918.4396084047416,2616.7240787831506,78.6395595766167,148.550048828125
118,2011-12-19,2695.0,2709.89990234375,-14.89990234375,,23.42,14.89990234375,2.7411036673333777,2768.8727438346345,2635.618736739542,73.87274383463453,-14.89990234375
119,2011-12-26,2747.699951171875,2668.300048828125,79.39990234375,,,79.39990234375,,,,,79.39990234375
120,2012-01-02,2689.0,2731.949951171875,-42.949951171875,,,42.949951171875,,,,,-42.949951171875
121,2012-01-09,2725.0,2702.14990234375,22.85009765625,,21.47,22.85009765625,2.512873430300923,2793.4758009757006,2634.2482954008515,68.47580097570015,22.85009765625
122,2012-01-16,2705.0,2695.75,9.25,,,9.25,,,,,9.25
123,2012-01-23,2713.800048828125,2727.85009765625,-14.050048828125,,20.18,14.050048828125,2.3618903504179145,2777.897030311033,2663.4212694258413,64.09698148290813,-14.050048828125
124,2012-01-30,2729.5,2764.449951171875,-34.949951171875,,21.23,34.949951171875,2.4847835549738515,2797.3221671330116,2695.7593533996737,67.82216713301128,-34.949951171875
125,2012-02-06,2750.0,2764.5,-14.5,,21.2,14.5,2.481272320557968,2818.234988815344,2695.905226698175,68.23498881534412,-14.5
126,2012-02-13,2766.0,2746.25,19.75,,19.07,19.75,2.23197467703021,2827.7364195666555,2684.954395432058,61.736419566655606,19.75
127,2012-02-27,2792.0,2737.0,55.0,,19.1,55.0,2.235485911446094,2854.4147666475747,2675.8147506037208,62.41476664757494,55.0
128,2012-03-05,2767.0,2735.14990234375,31.85009765625,,19.4,31.85009765625,2.2705982556049324,2829.8274537325888,2673.045636372953,62.82745373258848,31.85009765625
129,2012-03-12,2735.14990234375,2713.75,21.39990234375,,19.21,21.39990234375,2.2483604376376682,2796.6459306581323,2652.735118623608,61.4960283143822,21.39990234375
130,2012-03-19,2713.0,2730.449951171875,-17.449951171875,,17.83,17.449951171875,2.0868436545070077,2769.6160683467747,2673.469729626355,56.616068346775116,-17.449951171875
131,2012-03-26,2733.0,2791.550048828125,-58.550048828125,,19.22,58.550048828125,2.2495308491096293,2794.4796781061664,2728.7532693114017,61.47967810616617,-58.550048828125
132,2012-04-09,2760.0,2799.050048828125,-39.050048828125,,19.21,39.050048828125,2.2483604376376682,2822.0547480788,2736.117314900596,62.05474807879965,-39.050048828125
133,2012-04-16,2789.050048828125,2797.699951171875,-8.64990234375,,18.8,8.64990234375,2.2003735672872544,2850.4195688809514,2736.1401009542806,61.36952005282633,-8.64990234375
134,2012-04-23,2810.0,2827.60009765625,-17.60009765625,,17.11,17.60009765625,2.002574028525794,2866.2723302015747,2770.975312470016,56.27233020157481,-17.60009765625
135,2012-04-30,2850.0,2855.85009765625,-5.85009765625,,16.93,5.85009765625,1.9815066220304902,2906.472938727869,2799.261238855927,56.47293872786897,-5.85009765625
136,2012-05-07,2861.0,2779.0,82.0,,16.38,82.0,1.9171339910726184,2915.849203484588,2725.722846388092,54.84920348458761,82.0
137,2012-05-14,2787.0,2825.35009765625,-38.35009765625,,20.05,38.35009765625,2.3466750012824176,2852.4018322857414,2759.0483132158424,65.40183228574098,-38.35009765625
138,2012-05-21,2831.550048828125,2815.85009765625,15.699951171875,,20.69,15.699951171875,2.421581335487941,2900.1183363155465,2747.661997256087,68.56828748742156,15.699951171875
139,2012-05-28,2822.0,2846.300048828125,-24.300048828125,,,24.300048828125,,,,,-24.300048828125
140,2012-06-04,2898.5,2866.300048828125,32.199951171875,,25.36,32.199951171875,2.9681634928938707,2984.5322188415284,2781.223577182009,86.03221884152885,32.199951171875
141,2012-06-11,2871.5,2931.800048828125,-60.300048828125,,22.19,60.300048828125,2.597143056282137,2946.0769628611415,2855.6570074359092,74.57696286114157,-60.300048828125
142,2012-06-18,2925.0,2926.85009765625,-1.85009765625,,20.64,1.85009765625,2.4157292781281345,2995.6600813852483,2856.145322920246,70.66008138524793,-1.85009765625
143,2012-06-25,2924.800048828125,2892.14990234375,32.650146484375,,20.46,32.650146484375,2.3946618716328314,2994.8391204189106,2822.892691361858,70.03907159078555,32.650146484375
144,2012-07-02,2897.5,2893.449951171875,4.050048828125,,19.34,4.050048828125,2.2635757867731647,2963.0871084217524,2827.9545186747487,65.58710842175245,4.050048828125
145,2012-07-09,2900.0,2861.949951171875,38.050048828125,,19.04,38.050048828125,2.2284634426143257,2964.625439835815,2798.172442764091,64.62543983581544,38.050048828125
146,2012-07-16,2863.60009765625,2860.550048828125,3.050048828125,,18.03,3.050048828125,2.110251883946234,2924.0292726657267,2800.1852375315048,60.429175009477206,3.050048828125
147,2012-07-23,2869.0,2913.89990234375,-44.89990234375,,18.34,44.89990234375,2.1465346395770344,2930.584078809465,2851.35203157734,61.58407880946511,-44.89990234375
148,2012-07-30,2910.0,2918.050048828125,-8.050048828125,,19.43,8.050048828125,2.2741094900208165,2976.176586159606,2851.6903957441677,66.17658615960576,-8.050048828125
149,2012-08-06,2914.10009765625,2918.550048828125,-4.449951171875,,16.35,4.449951171875,1.9136227566567348,2969.8649802767563,2862.700010929334,55.76488262050613,-4.449951171875
150,2012-08-13,2920.10009765625,2931.64990234375,-11.5498046875,,15.13,11.5498046875,1.7708325570774555,2971.810180884798,2879.7352914135176,51.71008322854744,-11.5498046875
151,2012-08-27,2993.800048828125,3006.25,-12.449951171875,,16.9,12.449951171875,1.9779953876146061,3053.017275708349,2946.7865136598357,59.21722688022414,-12.449951171875
152,2012-09-03,3069.949951171875,3077.35009765625,-7.400146484375,,,7.400146484375,,,,,-7.400146484375
153,2012-09-10,3144.0,3164.14990234375,-20.14990234375,,19.08,20.14990234375,2.233145088502171,3214.210081582508,3093.489844206714,70.21008158250825,-20.14990234375
154,2012-09-17,3155.5,3105.449951171875,50.050048828125,,18.08,50.050048828125,2.11610394130604,3222.273659867912,3039.7354023598405,66.7736598679121,50.050048828125
155,2012-09-24,3100.10009765625,3067.64990234375,32.4501953125,,16.94,32.4501953125,1.9826770335024517,3161.565070308068,3006.82831226172,61.46497265181754,32.4501953125
156,2012-10-01,3064.5,3042.550048828125,21.949951171875,,16.9,21.949951171875,1.9779953876146061,3125.1156686534496,2982.368549196439,60.6156686534496,21.949951171875
157,2012-10-08,3037.5,3050.75,-13.25,,16.13,13.25,1.8878737042735858,3094.8441637673104,2993.1556929668736,57.34416376731017,-13.25
158,2012-10-15,3023.5,3063.60009765625,-40.10009765625,,15.47,40.10009765625,1.8106265471241398,3078.2442936522984,3008.129740990365,54.744293652298374,-40.10009765625
159,2012-10-29,3033.5,3008.800048828125,24.699951171875,,,24.699951171875,,,,,24.699951171875
160,2012-11-05,2993.89990234375,3085.449951171875,-91.550048828125,,17.48,91.550048828125,2.045879252988362,3055.1514793010397,3022.32537075951,61.25157695728961,-91.550048828125
161,2012-11-12,3125.0,3060.10009765625,64.89990234375,,15.66,64.89990234375,1.8328643650914045,3182.2770114091063,3004.0126134301813,57.277011409106386,64.89990234375
162,2012-11-19,3067.0,3107.64990234375,-40.64990234375,,13.61,40.64990234375,1.5929300133393367,3115.8551635091176,3058.147214339806,48.85516350911745,-40.64990234375
163,2012-11-26,3125.0,3078.85009765625,46.14990234375,,13.18,46.14990234375,1.5426023200450008,3173.2063225014062,3031.355684619097,48.20632250140628,46.14990234375
164,2012-12-03,3065.0,3018.35009765625,46.64990234375,,13.4,46.64990234375,1.5683513724281495,3113.0699695649228,2971.011762474972,48.069969564922786,46.64990234375
165,2012-12-10,3040.0,3021.199951171875,18.800048828125,,14.2,18.800048828125,1.661984290185054,3090.5243224216256,2970.98808260832,50.524322421625634,18.800048828125
166,2012-12-17,3039.800048828125,2983.050048828125,56.75,,11.97,56.75,1.4009825319376827,3082.38711651804,2941.2580387250846,42.58706768991518,56.75
167,2012-12-24,2981.050048828125,2976.550048828125,4.5,,13.21,4.5,1.5461135544608848,3027.1404676983193,2930.5292050678813,46.09041887019447,4.5
168,2012-12-31,2987.85009765625,2972.85009765625,15.0,,14.38,15.0,1.6830516966803575,3038.137159419119,2922.8154936478827,50.287061762869236,15.0
169,2013-01-07,2980.0,2970.60009765625,9.39990234375,,14.51,9.39990234375,1.6982670458158544,3030.6083579653127,2920.15137513478,50.608357965312464,9.39990234375
170,2013-01-14,2984.199951171875,2974.39990234375,9.800048828125,,13.78,9.800048828125,1.612827008362679,3032.3299339679206,2926.4279773820367,48.12998279604588,9.800048828125
171,2013-01-21,2973.89990234375,2980.949951171875,-7.050048828125,,,7.050048828125,,,,,-7.050048828125
172,2013-01-28,2979.800048828125,2948.050048828125,31.75,,14.39,31.75,1.6842221081523188,3029.9865000292216,2898.3983381463663,50.18645120109687,31.75
173,2013-02-04,2988.0,2963.300048828125,24.699951171875,,13.78,24.699951171875,1.612827008362679,3036.191271009877,2915.5071453018004,48.19127100987685,24.699951171875
174,2013-02-11,2960.0,2926.35009765625,33.64990234375,,14.38,33.64990234375,1.6830516966803575,3009.8183302217385,2877.098112686839,49.818330221738584,33.64990234375
175,2013-02-18,2928.39990234375,2861.050048828125,67.349853515625,,,67.349853515625,,,,,67.349853515625
176,2013-02-25,2861.050048828125,2850.25,10.800048828125,,17.48,10.800048828125,2.045879252988362,2919.583678194713,2791.9373265916993,58.53362936658801,10.800048828125
177,2013-03-04,2856.0,2859.449951171875,-3.449951171875,,16.03,3.449951171875,1.876169589553973,2909.5834034776612,2805.8018207594723,53.58340347766147,-3.449951171875
178,2013-03-11,2864.0,2854.0,10.0,,12.96,10.0,1.516853267661852,2907.442677585835,2810.7090077409307,43.44267758583544,10.0
179,2013-03-18,2862.10009765625,2867.5,-5.39990234375,,13.3,5.39990234375,1.5566472577085364,2906.6529003392898,2822.863139885208,44.55280268303935,-5.39990234375
180,2013-04-01,2884.89990234375,2829.050048828125,55.849853515625,,13.13,55.849853515625,1.5367502626851943,2929.2336091712227,2785.574614771263,44.33370682747249,55.849853515625
181,2013-04-08,2845.050048828125,2810.89990234375,34.150146484375,,14.22,34.150146484375,1.6643251131289765,2892.4009312718595,2764.1173893641253,47.35088244373469,34.150146484375
182,2013-04-22,2699.0,2647.5,51.5,,23.28,51.5,2.7247179067259193,2772.5401363025326,2575.3630934194316,73.54013630253256,51.5
183,2013-04-29,2670.0,2647.60009765625,22.39990234375,,23.16,22.39990234375,2.710672969062384,2742.3749682739654,2575.8323174802126,72.37496827396565,22.39990234375
184,2013-05-06,2653.449951171875,2654.89990234375,-1.449951171875,,20.37,1.449951171875,2.3841281683851796,2716.7115988917667,2591.603685929542,63.26164771989147,-1.449951171875
185,2013-05-13,2664.5,2554.39990234375,110.10009765625,,25.04,110.10009765625,2.930710325791109,2742.588776630704,2479.537840643764,78.0887766307041,110.10009765625
186,2013-05-20,2534.0,2557.0,-23.0,,26.66,23.0,3.1203169842488405,2613.0688323808654,2477.213494712757,79.06883238086562,-23.0
187,2013-05-27,2567.0,2628.60009765625,-61.60009765625,,,61.60009765625,,,,,-61.60009765625
188,2013-06-03,2625.0,2647.85009765625,-22.85009765625,,21.68,22.85009765625,2.5374520712121105,2691.608116869318,2580.6621705106795,66.60811686931791,-22.85009765625
189,2013-06-10,2632.5,2628.64990234375,3.85009765625,,22.68,3.85009765625,2.654493218408241,2702.379533974597,2558.8725689503403,69.87953397459694,3.85009765625
190,2013-06-17,2664.85009765625,2599.89990234375,64.9501953125,,21.27,64.9501953125,2.4894652008616966,2731.1906134925316,2535.1762990176653,66.34051583628128,64.9501953125
191,2013-06-24,2601.050048828125,2456.75,144.300048828125,,27.69,144.300048828125,3.2408693658608554,2685.3466830513044,2377.1299418542135,84.29663422317952,144.300048828125
192,2013-07-01,2500.0,2536.699951171875,-36.699951171875,,28.84,36.699951171875,3.3754666851364052,2584.38666712841,2451.0744894181967,84.38666712841012,-36.699951171875
193,2013-07-08,2530.10009765625,2580.800048828125,-50.699951171875,,26.79,50.699951171875,3.1355323333843375,2609.43220428525,2499.8782288371203,79.33210662900042,-50.699951171875
194,2013-07-15,2573.25,2571.10009765625,2.14990234375,,23.53,2.14990234375,2.753978193524952,2644.1167438648804,2500.292561633098,70.86674386488083,2.14990234375
195,2013-07-22,2578.5,2632.64990234375,-54.14990234375,,21.76,54.14990234375,2.546815362987801,2644.1696341346405,2565.6011701771763,65.66963413464045,-54.14990234375
196,2013-07-29,2659.0,2654.35009765625,4.64990234375,,22.77,4.64990234375,2.6650269216558926,2729.86306584683,2583.6109529587116,70.8630658468302,4.64990234375
197,2013-08-12,2715.5,2924.5,-209.0,,21.58,209.0,2.525747956492497,2784.086685758554,2850.634501012377,68.58668575855376,-209.0
198,2013-08-19,2937.0,2973.60009765625,-36.60009765625,,24.25,36.60009765625,2.838247819506166,3020.359338458896,2889.2019577236883,83.35933845889609,-36.60009765625
199,2013-08-26,2980.0,2979.89990234375,0.10009765625,,23.67,0.10009765625,2.7703639541324105,3062.556845833146,2897.345829579992,82.55684583314583,0.10009765625
200,2013-09-02,2979.449951171875,2942.39990234375,37.050048828125,,,37.050048828125,,,,,37.050048828125
201,2013-09-16,2849.0,2861.10009765625,-12.10009765625,,25.12,12.10009765625,2.9400736175668,2932.7626973644783,2776.981648512881,83.76269736447813,-12.10009765625
202,2013-09-23,2848.0,2850.050048828125,-2.050048828125,,22.7,2.050048828125,2.6568340413521634,2923.66663349771,2774.3289489352856,75.66663349770961,-2.050048828125
203,2013-09-30,2876.0,2821.699951171875,54.300048828125,,23.72,54.300048828125,2.7762160114922168,2955.8439724905165,2743.3634653311733,79.84397249051615,54.300048828125
204,2013-10-07,2849.949951171875,2862.75,-12.800048828125,,24.81,12.800048828125,2.903790861935999,2932.706537423753,2779.6217270999273,82.75658625187836,-12.800048828125
205,2013-10-14,2859.0,2910.050048828125,-51.050048828125,,26.45,51.050048828125,3.0957383433376533,2947.5071592360237,2819.9625136562368,88.50715923602351,-51.050048828125
206,2013-10-21,2908.0,3034.199951171875,-126.199951171875,,21.52,126.199951171875,2.5187254876607295,2981.2445371811737,2957.7767836551193,73.24453718117401,-126.199951171875
207,2013-10-28,3034.0,2958.25,75.75,,20.32,75.75,2.378276111025373,3106.1568972085097,2887.894646945592,72.15689720850982,75.75
208,2013-11-18,2947.050048828125,2924.64990234375,22.400146484375,,19.52,22.400146484375,2.2846431932684683,3014.3796271708916,2857.8320874229207,67.32957834276684,22.400146484375
209,2013-11-25,2899.949951171875,2920.699951171875,-20.75,,20.02,20.75,2.3431637668665335,2967.9005276849985,2852.263168177127,67.95057651312311,-20.75
210,2013-12-02,2944.0,2882.199951171875,61.800048828125,,21.43,61.800048828125,2.5081917844130777,3017.841166133121,2809.908848786224,73.841166133121,61.800048828125
211,2013-12-09,2880.0,2871.64990234375,8.35009765625,,20.65,8.35009765625,2.4168996896000956,2949.606711060483,2802.2450047676025,69.60671106048275,8.35009765625
212,2013-12-16,2879.0,2817.5,61.5,,21.91,61.5,2.5643715350672203,2952.828256494585,2745.248831999481,73.82825649458528,61.5
213,2013-12-23,2815.050048828125,2793.89990234375,21.150146484375,,20.76,21.150146484375,2.4297742157916704,2883.4494090761814,2726.014442901573,68.39936024805661,21.150146484375
214,2013-12-30,2810.050048828125,2824.050048828125,-14.0,,20.75,14.0,2.428603804319709,2878.2950312172525,2755.4650619063927,68.24498238912767,-14.0
215,2014-01-06,2826.0,2805.449951171875,20.550048828125,,19.5,20.550048828125,2.2823023703245457,2890.4978649853715,2741.421100438011,64.49786498537166,20.550048828125
216,2014-01-13,2806.14990234375,2800.300048828125,5.849853515625,,16.67,5.849853515625,1.9510759237594966,2860.9000174729795,2745.6640687824142,54.750115129229535,5.849853515625
217,2014-01-20,2806.14990234375,2824.800048828125,-18.650146484375,,,18.650146484375,,,,,-18.650146484375
218,2014-01-27,2825.0,2815.300048828125,9.699951171875,,18.38,9.699951171875,2.1512162854648795,2885.771860064383,2754.7368556930337,60.77186006438284,9.699951171875
219,2014-02-03,2800.050048828125,2830.949951171875,-30.89990234375,,19.15,30.89990234375,2.2413379688059,2862.808633718078,2767.4987950383675,62.75858488995291,-30.89990234375
220,2014-02-10,2830.0,2865.949951171875,-35.949951171875,,17.08,35.949951171875,1.9990627941099097,2886.57347707331,2808.657812000187,56.57347707331045,-35.949951171875
221,2014-02-17,2872.0,2910.64990234375,-38.64990234375,,,38.64990234375,,,,,-38.64990234375
222,2014-02-24,2910.0,2913.25,-3.25,,15.94,3.25,1.865635886306321,2964.290004291514,2858.8993625421813,54.29000429151394,-3.25
223,2014-03-03,2915.0,2885.199951171875,29.800048828125,,17.05,29.800048828125,1.995551559694026,2973.1703279650806,2827.624298545973,58.17032796508086,29.800048828125
224,2014-03-10,2882.949951171875,2869.35009765625,13.599853515625,,15.83,13.599853515625,1.8527613601147468,2936.3641338986345,2816.18788776046,53.414182726759456,13.599853515625
225,2014-03-24,2802.0,2733.14990234375,68.85009765625,,17.53,68.85009765625,2.0517313103481687,2859.489511315956,2677.0730100386127,57.48951131595569,68.85009765625
226,2014-03-31,2733.14990234375,2701.050048828125,32.099853515625,,17.37,32.099853515625,2.0330047267967877,2788.7149690488404,2646.137573662302,55.565066705090224,32.099853515625
227,2014-04-07,2720.0,2763.35009765625,-43.35009765625,,15.95,43.35009765625,1.8668062977782822,2770.7771312995696,2711.763704003541,50.77713129956928,-43.35009765625
228,2014-04-21,2801.0,2850.14990234375,-49.14990234375,,16.22,49.14990234375,1.8984074075212374,2854.1743914846697,2796.042445472197,53.17439148466986,-49.14990234375
229,2014-04-28,2845.0,2893.550048828125,-48.550048828125,,15.56,48.550048828125,1.8211602503717914,2896.8120091230776,2840.853865514254,51.812009123077466,-48.550048828125
230,2014-05-05,2900.0,2815.050048828125,84.949951171875,,15.51,84.949951171875,1.815308193011985,2952.6439375973478,2763.94821465436,52.643937597347566,84.949951171875
231,2014-05-12,2802.0,2790.949951171875,11.050048828125,,14.04,11.050048828125,1.6432577066336729,2848.0440809398756,2745.0874510109543,46.04408093987551,11.050048828125
232,2014-05-19,2770.0,2608.300048828125,161.699951171875,,14.23,161.699951171875,1.6654955246009377,2816.134226031446,2564.8589282467287,46.134226031445976,161.699951171875
233,2014-05-26,2607.949951171875,2557.550048828125,50.39990234375,,,50.39990234375,,,,,50.39990234375
234,2014-06-02,2557.0,2535.14990234375,21.85009765625,,15.55,21.85009765625,1.8199898388998301,2603.5371401806688,2489.010431720215,46.53714018066866,21.85009765625
235,2014-06-09,2543.0,2559.699951171875,-16.699951171875,,12.77,16.699951171875,1.4946154496945872,2581.008070885733,2521.4422802358354,38.00807088573335,-16.699951171875
236,2014-06-16,2570.0,2667.0,-97.0,,12.41,97.0,1.4524806367039802,2607.328752363292,2628.262341419105,37.328752363292296,-97.0
237,2014-06-23,2665.0,2664.199951171875,0.800048828125,,12.93,0.800048828125,1.513342033245968,2705.3305651860046,2623.8814934610723,40.330565186005046,0.800048828125
238,2014-06-30,2670.0,2648.5,21.5,,14.01,21.5,1.639746472217789,2713.781230808215,2605.071314683312,43.78123080821497,21.5
239,2014-07-07,2648.0,2684.199951171875,-36.199951171875,,12.99,36.199951171875,1.5203645020777359,2688.2592520150183,2643.39032794947,40.25925201501845,-36.199951171875
240,2014-07-14,2678.0,2658.300048828125,19.699951171875,,14.23,19.699951171875,1.6654955246009377,2722.601970148813,2614.026180484428,44.601970148813116,19.699951171875
241,2014-07-21,2658.5,2615.39990234375,43.10009765625,,14.69,43.10009765625,1.7193344523111578,2704.2085064146922,2570.4324307570414,45.70850641469213,43.10009765625
242,2014-07-28,2636.0,2642.449951171875,-6.449951171875,,14.55,6.449951171875,1.7029486917036996,2680.88972751331,2597.4503842994686,44.889727513309516,-6.449951171875
243,2014-08-04,2648.5,2715.64990234375,-67.14990234375,,14.17,67.14990234375,1.65847305576917,2692.424658882046,2670.6115804243573,43.92465888204647,-67.14990234375
244,2014-08-18,2686.0,2641.550048828125,44.449951171875,,13.46,44.449951171875,1.5753738412599174,2728.3145413762413,2599.935760355098,42.31454137624138,44.449951171875
245,2014-09-01,2631.300048828125,2593.39990234375,37.900146484375,,,37.900146484375,,,,,37.900146484375
246,2014-09-08,2604.949951171875,2614.0,-9.050048828125,,14.47,9.050048828125,1.6935853999280093,2649.067003220354,2569.729677645882,44.11705204847868,-9.050048828125
247,2014-09-15,2609.949951171875,2535.60009765625,74.349853515625,,16.5,74.349853515625,1.931178928736154,2660.3527546794658,2486.633122853299,50.40280350759079,74.349853515625
248,2014-09-22,2520.0,2543.699951171875,-23.699951171875,,16.44,23.699951171875,1.9241564599043866,2568.4887427895906,2494.7551842408166,48.48874278959054,-23.699951171875
249,2014-10-13,2561.800048828125,2573.39990234375,-11.599853515625,,17.69,11.599853515625,2.0704578938995497,2614.8410401650094,2520.1187409240706,53.04099133688443,-11.599853515625
250,2014-10-27,2584.800048828125,2492.0,92.800048828125,,16.49,92.800048828125,1.9300085172641928,2634.686909924757,2443.904187749776,49.886861096631826,92.800048828125
251,2014-11-03,2498.0,2446.39990234375,51.60009765625,,21.1,51.60009765625,2.469568205838355,2559.689813781842,2385.984388167808,61.68981378184211,51.60009765625
252,2014-11-10,2545.0,2415.5,129.5,,22.23,129.5,2.6018247021699823,2611.216438670226,2352.652924319084,66.21643867022605,129.5
253,2014-11-17,2465.0,2476.85009765625,-11.85009765625,,23.37,11.85009765625,2.735251609973571,2532.4239521858485,2409.1020154834755,67.42395218584852,-11.85009765625
254,2014-11-24,2490.0,2477.300048828125,12.699951171875,,20.64,12.699951171875,2.4157292781281345,2550.151659025391,2417.4551862415015,60.15165902539055,12.699951171875
255,2014-12-01,2410.300048828125,2478.35009765625,-68.050048828125,,22.33,68.050048828125,2.613528816889595,2473.293935177752,2413.577703670592,62.99388634962703,-68.050048828125
256,2014-12-08,2477.0,2527.949951171875,-50.949951171875,,19.62,50.949951171875,2.2963473079880816,2533.880522818865,2469.8994405208537,56.88052281886478,-50.949951171875
257,2014-12-15,2529.949951171875,2519.89990234375,10.050048828125,,20.95,10.050048828125,2.452012033758935,2591.984628422688,2458.1116534996017,62.03467725081268,10.050048828125
258,2014-12-22,2521.0,2515.5,5.5,,20.26,5.5,2.3712536421936052,2580.779304319701,2455.85111463062,59.779304319700785,5.5
259,2014-12-29,2528.0,2510.39990234375,17.60009765625,,20.15,17.60009765625,2.3583791160020304,2587.6198240525314,2451.1951553187396,59.619824052531335,17.60009765625
260,2015-01-05,2511.0,2521.25,-10.25,,21.26,10.25,2.4882947893897356,2573.4810821615765,2458.5138676225115,62.48108216157625,-10.25
261,2015-01-12,2565.0,2591.550048828125,-26.550048828125,,17.65,26.550048828125,2.065776248011704,2617.9871607615,2538.014423464098,52.987160761500206,-26.550048828125
262,2015-01-19,2601.050048828125,2640.050048828125,-39.0,,,39.0,,,,,-39.0
263,2015-02-02,2629.85009765625,2612.10009765625,17.75,,20.33,17.75,2.379446522497334,2692.425974351824,2549.946572718419,62.57587669557438,17.75
264,2015-02-09,2580.0,2546.10009765625,33.89990234375,,20.3,33.89990234375,2.3759352880814504,2641.2991304325014,2485.606406966159,61.299130432501414,33.89990234375
265,2015-02-16,2546.10009765625,2538.89990234375,7.2001953125,,,7.2001953125,,,,,7.2001953125
266,2015-02-23,2539.949951171875,2475.35009765625,64.599853515625,,19.4,64.599853515625,2.2705982556049324,2597.6220104564222,2419.1448415187524,57.672059284546926,64.599853515625
267,2015-03-09,2469.85009765625,2440.5,29.35009765625,,17.58,29.35009765625,2.057583367707975,2520.6693224729443,2390.284677911087,50.819224816694174,29.35009765625
268,2015-03-16,2450.0,2460.5,-10.5,,19.14,10.5,2.240167557333939,2504.8841051546815,2405.3806772517983,54.88410515468151,-10.5
269,2015-03-23,2484.5,2482.85009765625,1.64990234375,,17.26,1.64990234375,2.0201302006052138,2534.6901348340366,2432.6932929977397,50.19013483403654,1.64990234375
270,2015-04-06,2492.0,2493.300048828125,-1.300048828125,,15.74,1.300048828125,1.842227656867095,2537.908313209128,2447.3677857599328,45.908313209128,-1.300048828125
271,2015-04-13,2495.0,2504.949951171875,-9.949951171875,,14.79,9.949951171875,1.7310385670307709,2538.1894122474177,2461.5883014322712,43.189412247417735,-9.949951171875
272,2015-04-20,2504.949951171875,2515.25,-10.300048828125,,15.39,10.300048828125,1.8012632553484493,2550.0706942072025,2469.943725969848,45.12074303532791,-10.300048828125
273,2015-05-04,2512.949951171875,2520.0,-7.050048828125,,17.62,7.050048828125,2.0622650135958205,2564.7736388240655,2468.0309216573855,51.823687652190834,-7.050048828125
274,2015-05-11,2515.0,2564.949951171875,-49.949951171875,,15.94,49.949951171875,1.865635886306321,2561.9207425406044,2517.0973244170164,46.92074254060397,-49.949951171875
275,2015-05-18,2569.0,2537.0,32.0,,15.81,32.0,1.8504205371708242,2616.5373035999182,2490.054830971976,47.537303599918474,32.0
276,2015-05-25,2544.5,2514.39990234375,30.10009765625,,,30.10009765625,,,,,30.10009765625
277,2015-06-01,2514.39990234375,2500.25,14.14990234375,,14.88,14.14990234375,1.7415722702784227,2558.1899938068764,2456.7063393123635,43.790091463126494,14.14990234375
278,2015-06-08,2499.0,2491.449951171875,7.550048828125,,15.14,7.550048828125,1.7720029685494167,2543.2823541840503,2447.3013840771864,44.28235418404992,7.550048828125
279,2015-06-15,2492.0,2503.0,-11.0,,14.34,11.0,1.6783700507925121,2533.8249816657494,2460.9903976286637,41.8249816657494,-11.0
280,2015-06-22,2500.699951171875,2477.25,23.449951171875,,13.85,23.449951171875,1.6210198886664082,2541.2367947362422,2437.0932848080115,40.53684356436725,23.449951171875
281,2015-06-29,2481.0,2450.75,30.25,,14.5,30.25,1.6970966343438931,2523.1049674980723,2409.158404233817,42.104967498071986,30.25
282,2015-07-06,2464.949951171875,2438.5,26.449951171875,,14.25,26.449951171875,1.6678363475448603,2506.0612824063087,2397.8298106651187,41.11133123443381,26.449951171875
283,2015-07-13,2435.0,2418.89990234375,16.10009765625,,13.43,16.10009765625,1.5718626068440333,2473.2748544766523,2380.878119281822,38.27485447665221,16.10009765625
284,2015-07-20,2315.0,2388.85009765625,-73.85009765625,,19.73,73.85009765625,2.309221834179656,2368.458485461259,2333.68624961535,53.45848546125904,-73.85009765625
285,2015-07-27,2394.800048828125,2349.050048828125,45.75,,20.06,45.75,2.3478454127543786,2451.0262519191756,2293.897985013409,56.226203091050756,45.75
286,2015-08-03,2351.050048828125,2347.35009765625,3.699951171875,,17.58,3.699951171875,2.057583367707975,2399.424863599303,2299.051412464998,48.37481477117772,3.699951171875
287,2015-08-10,2341.050048828125,2406.5,-65.449951171875,,16.41,65.449951171875,1.9206452254885025,2386.0133148172386,2360.279672648619,44.96326598911364,-65.449951171875
288,2015-08-17,2415.0,2496.60009765625,-81.60009765625,,15.4,81.60009765625,1.8024336668204106,2458.528773053713,2451.6005369702225,43.52877305371291,-81.60009765625
289,2015-08-24,2511.0,2445.199951171875,65.800048828125,,21.26,65.800048828125,2.4882947893897356,2573.4810821615765,2384.356168196705,62.48108216157625,65.800048828125
290,2015-08-31,2445.0,2449.0,-4.0,,19.34,4.0,2.2635757867731647,2500.344427986604,2393.565028981925,55.344427986603876,-4.0
291,2015-09-07,2450.0,2425.25,24.75,,,24.75,,,,,24.75
292,2015-09-14,2377.0,2454.0,-77.0,,17.63,77.0,2.0634354250677815,2426.047860053861,2403.3632946688367,49.04786005386117,-77.0
293,2015-10-05,2445.0,2441.14990234375,3.85009765625,,16.68,3.85009765625,1.9522463352314576,2492.732422896409,2393.492642837738,47.73242289640914,3.85009765625
294,2015-10-12,2442.0,2501.199951171875,-59.199951171875,,16.24,59.199951171875,1.90074823046516,2488.416271787959,2453.65843735958,46.416271787959204,-59.199951171875
295,2015-10-19,2500.0,2504.60009765625,-4.60009765625,,16.94,4.60009765625,1.9826770335024517,2549.5669258375615,2454.9419667389393,49.566925837561286,-4.60009765625
296,2015-10-26,2485.0,2467.949951171875,17.050048828125,,15.78,17.050048828125,1.8469093027549401,2530.8956961734607,2422.369153936346,45.895696173460266,17.050048828125
297,2015-11-02,2465.0,2426.449951171875,38.550048828125,,15.28,38.550048828125,1.7883887291568747,2509.083782173717,2383.055593726485,44.08378217371696,38.550048828125
298,2015-11-09,2425.0,2399.39990234375,25.60009765625,,17.55,25.60009765625,2.0540721332920913,2474.8112492323335,2350.114497583469,49.81124923233321,25.60009765625
299,2015-11-16,2401.300048828125,2364.14990234375,37.150146484375,,18.5,37.150146484375,2.1652612231284154,2453.294467636364,2312.9598812516724,51.9944188082391,37.150146484375
300,2015-11-23,2359.5,2350.699951171875,8.800048828125,,17.7,8.800048828125,2.0716283053715108,2408.380069865241,2302.0021856090443,48.8800698652408,8.800048828125
301,2015-11-30,2350.699951171875,2350.699951171875,0.0,,16.91,0.0,1.9791657990865676,2397.2242006446136,2304.1757016991364,46.52424947273839,0.0
302,2015-12-07,2350.699951171875,2350.699951171875,0.0,,16.23,0.0,1.8995778189931989,2395.3533260354197,2306.04657630833,44.65337486354489,0.0
303,2015-12-14,2350.699951171875,2350.699951171875,0.0,,19.05,0.0,2.2296338540862872,2403.111953091193,2298.287949252557,52.412001919317944,0.0
304,2015-12-28,2350.699951171875,2350.699951171875,0.0,,16.06,0.0,1.8796808239698566,2394.8856073831216,2306.5142949606284,44.18565621124652,0.0
305,2016-01-04,2350.699951171875,2350.699951171875,0.0,,16.07,0.0,1.880851235441818,2394.913120245021,2306.486782098729,44.213169073146425,0.0
306,2016-01-11,2350.699951171875,2350.699951171875,0.0,,16.43,0.0,1.922986048432425,2395.903583273418,2305.496319070332,45.20363210154298,0.0
307,2016-01-18,2350.699951171875,2350.699951171875,0.0,,,0.0,,,,,0.0
308,2016-01-25,2350.699951171875,2350.699951171875,0.0,,17.13,0.0,2.0049148514697164,2397.8294836064115,2303.5704187373385,47.12953243453629,0.0
309,2016-02-01,2350.699951171875,2350.699951171875,0.0,,16.81,0.0,1.9674616843669546,2396.949072025614,2304.4508303181356,46.24912085373935,0.0
310,2016-02-08,2350.699951171875,2350.699951171875,0.0,,20.38,0.0,2.3852985798571407,2406.7711637238804,2294.6287386198696,56.071212552005235,0.0
311,2016-02-15,2350.699951171875,2350.699951171875,0.0,,,0.0,,,,,0.0
312,2016-02-22,2350.699951171875,2350.699951171875,0.0,,23.31,0.0,2.728229141141803,2414.8324322605527,2286.567470083198,64.13248108867722,0.0
313,2016-02-29,2350.699951171875,2350.699951171875,0.0,,22.59,0.0,2.643959515160589,2412.851506203759,2288.548396139991,62.15155503188411,0.0
314,2016-03-14,2350.699951171875,2350.699951171875,0.0,,21.14,0.0,2.4742498517262,2408.862141228273,2292.537761115477,58.162190056397975,0.0
315,2016-03-28,2350.699951171875,2350.699951171875,0.0,,17.53,0.0,2.0517313103481687,2398.9299980824076,2302.4699042613424,48.23004691053247,0.0
316,2016-04-04,2350.699951171875,2350.699951171875,0.0,,17.95,0.0,2.1008885921705436,2400.0855382822037,2301.3143640615463,49.38558711032846,0.0
317,2016-04-18,2350.699951171875,2350.699951171875,0.0,,17.3,0.0,2.0248118464930585,2398.2972022587096,2303.1027000850404,47.59725108683467,0.0
318,2016-04-25,2350.699951171875,2350.699951171875,0.0,,17.66,0.0,2.0669466594836656,2399.287665287106,2302.1122370566436,48.58771411523123,0.0
319,2016-05-02,2350.699951171875,2350.699951171875,0.0,,19.29,0.0,2.257723729413358,2403.7722617767904,2297.627640566959,53.07231060491565,0.0
320,2016-05-09,2350.699951171875,2350.699951171875,0.0,,18.65,0.0,2.1828173952078345,2402.0114386151968,2299.3884637285532,51.31148744332176,0.0
321,2016-05-16,2350.699951171875,2350.699951171875,0.0,,18.49,0.0,2.164090811656454,2401.5712328247982,2299.8286695189518,50.871281652923294,0.0
322,2016-05-23,2350.699951171875,2350.699951171875,0.0,,16.8,0.0,1.9662912728949935,2396.921559163715,2304.4783431800356,46.221607991839456,0.0
323,2016-05-30,2350.699951171875,2350.699951171875,0.0,,,0.0,,,,,0.0
324,2016-06-06,2350.699951171875,2350.699951171875,0.0,,17.76,0.0,2.078650774203279,2399.5627939061055,2301.8371084376445,48.86284273423028,0.0
325,2016-06-13,2350.699951171875,2350.699951171875,0.0,,21.11,0.0,2.470738617310316,2408.779602642573,2292.6202997011765,58.07965147069826,0.0
326,2016-06-20,2350.699951171875,2350.699951171875,0.0,,21.01,0.0,2.459034502590703,2408.5044740235744,2292.8954283201756,57.804522851699225,0.0
327,2016-06-27,2350.699951171875,2350.699951171875,0.0,,22.52,0.0,2.6357666348568602,2412.6589161704596,2288.7409861732904,61.95896499858479,0.0
328,2016-07-04,2350.699951171875,2350.699951171875,0.0,,,0.0,,,,,0.0
329,2016-07-11,2350.699951171875,2350.699951171875,0.0,,18.93,0.0,2.2155889164227514,2402.781798748394,2298.618103595356,52.081847576519095,0.0
330,2016-07-18,2350.699951171875,2350.699951171875,0.0,,16.96,0.0,1.9850178564463743,2397.361764954113,2304.038137389637,46.66181378223792,0.0
331,2016-07-25,2350.699951171875,2350.699951171875,0.0,,17.74,0.0,2.076309951259356,2399.5077681823054,2301.8921341614446,48.80781701043046,0.0
332,2016-08-01,2350.699951171875,2350.699951171875,0.0,,16.28,0.0,1.9054298763530055,2395.4908903449195,2305.9090119988305,44.79093917304442,0.0
333,2016-08-08,2350.699951171875,2350.699951171875,0.0,,15.49,0.0,1.8129673700680624,2393.317374254827,2308.082528088923,42.617423082951966,0.0
334,2016-08-22,2350.699951171875,2350.699951171875,0.0,,15.82,0.0,1.8515909486427855,2394.2252986975236,2307.174603646226,43.52534752564881,0.0
335,2016-08-29,2350.699951171875,2350.699951171875,0.0,,15.95,0.0,1.8668062977782822,2394.582965902223,2306.8169364415276,43.88301473034757,0.0
336,2016-09-12,2350.699951171875,2350.699951171875,0.0,,15.2,0.0,1.7790254373811842,2392.5195012597296,2308.8804010840204,41.81955008785473,0.0
337,2016-09-19,2350.699951171875,2350.699951171875,0.0,,15.68,0.0,1.835205188035327,2393.840118630925,2307.559783712825,43.14016745905015,0.0
338,2016-09-26,2350.699951171875,2350.699951171875,0.0,,14.98,0.0,1.7532763849980357,2391.9142182979317,2309.4856840458183,41.21426712605684,0.0
339,2016-10-03,2350.699951171875,2350.699951171875,0.0,,14.16,0.0,1.6573026442972087,2389.6581636221395,2311.74173872161,38.95821245026468,0.0
340,2016-10-10,2350.699951171875,2350.699951171875,0.0,,15.6,0.0,1.8258418962596366,2393.6200157357257,2307.779886608024,42.920064563850914,0.0
341,2016-10-17,2350.699951171875,2350.699951171875,0.0,,15.23,0.0,1.7825366717970683,2392.6020398454293,2308.7978624983207,41.902088673554445,0.0
342,2016-10-24,2350.699951171875,2350.699951171875,0.0,,14.95,0.0,1.7497651505821517,2391.8316797122325,2309.568222631518,41.13172854035712,0.0
343,2016-11-07,2350.699951171875,2350.699951171875,0.0,,18.53,0.0,2.1687724575442995,2401.681284272398,2299.718618071352,50.98133310052292,0.0
344,2016-11-21,2350.699951171875,2350.699951171875,0.0,,15.86,0.0,1.8562725945306304,2394.3353501451234,2307.0645521986266,43.63539897324843,0.0
345,2016-11-28,2350.699951171875,2350.699951171875,0.0,,17.39,0.0,2.0353455497407102,2398.544818015809,2302.8550843279413,47.8448668439338,0.0
346,2016-12-05,2350.699951171875,2350.699951171875,0.0,,17.56,0.0,2.0552425447640523,2399.0125366681073,2302.3873656756427,48.31258549623218,0.0
347,2016-12-12,2350.699951171875,2350.699951171875,0.0,,16.97,0.0,1.9861882679183354,2397.389277816013,2304.0106245277375,46.689326644137815,0.0
348,2016-12-19,2350.699951171875,2350.699951171875,0.0,,16.05,0.0,1.8785104124978955,2394.8580945212216,2306.5418078225284,44.158143349346616,0.0
349,2016-12-26,2350.699951171875,2350.699951171875,0.0,,,0.0,,,,,0.0
350,2017-01-02,2350.699951171875,2350.699951171875,0.0,,,0.0,,,,,0.0
351,2017-01-09,2350.699951171875,2350.699951171875,0.0,,14.38,0.0,1.6830516966803575,2390.2634465839374,2311.136455759812,39.56349541206258,0.0
352,2017-01-16,2350.699951171875,2350.699951171875,0.0,,,0.0,,,,,0.0
353,2017-01-23,2350.699951171875,2350.699951171875,0.0,,15.15,0.0,1.773173380021378,2392.3819369502303,2309.0179653935197,41.68198577835522,0.0
354,2017-01-30,2350.699951171875,2350.699951171875,0.0,,15.19,0.0,1.777855025909223,2392.4919883978296,2308.90791394592,41.792037225954836,0.0
355,2017-02-06,2350.699951171875,2350.699951171875,0.0,,15.74,0.0,1.842227656867095,2394.0051958023246,2307.3947065414254,43.30524463044958,0.0
356,2017-02-13,2350.699951171875,2350.699951171875,0.0,,14.61,0.0,1.7099711605354673,2390.8962424076353,2310.5036599361147,40.19629123576037,0.0
357,2017-02-27,2350.699951171875,2350.699951171875,0.0,,14.44,0.0,1.6900741655121252,2390.4285237553368,2310.9713785884132,39.728572583462004,0.0
358,2017-03-06,2350.699951171875,2350.699951171875,0.0,,13.24,0.0,1.5496247888767685,2387.1269803273485,2314.2729220164015,36.42702915547346,0.0
359,2017-03-20,2350.699951171875,2350.699951171875,0.0,,11.35,0.0,1.3284170206760817,2381.9270494282664,2319.472852915483,31.22709825639153,0.0
360,2017-03-27,2350.699951171875,2350.699951171875,0.0,,12.51,0.0,1.4641847514235933,2385.118541408656,2316.2813609350947,34.418590236780446,0.0
361,2017-04-03,2350.699951171875,2350.699951171875,0.0,,12.61,0.0,1.4758888661432061,2385.3936700276545,2316.0062323160955,34.69371885577949,0.0
362,2017-04-17,2350.699951171875,2350.699951171875,0.0,,16.2,0.0,1.8960665845773148,2395.27078744972,2306.12911489403,44.570836277845174,0.0
363,2017-04-24,2350.699951171875,2350.699951171875,0.0,,12.29,0.0,1.4384356990404443,2384.513258446858,2316.8866438968926,33.81330727498254,0.0
364,2017-05-08,2350.699951171875,2350.699951171875,0.0,,11.95,0.0,1.39864170899376,2383.5778211422607,2317.8220812014893,32.877869970385795,0.0
365,2017-05-15,2350.699951171875,2350.699951171875,0.0,,11.28,0.0,1.3202241403723525,2381.7344593949674,2319.665442948783,31.034508223092196,0.0
366,2017-05-22,2350.699951171875,2350.699951171875,0.0,,12.32,0.0,1.4419469334563284,2384.5957970325576,2316.804105311193,33.89584586068226,0.0
367,2017-05-29,2350.699951171875,2350.699951171875,0.0,,,0.0,,,,,0.0
368,2017-06-05,2350.699951171875,2350.699951171875,0.0,,12.44,0.0,1.455991871119864,2384.9259513753564,2316.4739509683936,34.226000203481114,0.0
369,2017-06-12,2350.699951171875,2350.699951171875,0.0,,12.41,0.0,1.4524806367039802,2384.843412789656,2316.556489554094,34.143461617781405,0.0
370,2017-06-19,2350.699951171875,2350.699951171875,0.0,,10.69,0.0,1.2511698635266355,2380.111200542873,2321.2887018008773,29.411249370997837,0.0
371,2017-07-03,2350.699951171875,2350.699951171875,0.0,,11.93,0.0,1.3963008860498374,2383.5227954184606,2317.877106925289,32.82284424658598,0.0
372,2017-07-10,2350.699951171875,2350.699951171875,0.0,,12.22,0.0,1.4302428187367155,2384.320668413558,2317.079233930192,33.620717241683224,0.0
373,2017-07-17,2350.699951171875,2350.699951171875,0.0,,11.08,0.0,1.2968159109331265,2381.184202156969,2320.215700186781,30.484250985094114,0.0
374,2017-07-24,2350.699951171875,2350.699951171875,0.0,,11.8,0.0,1.3810855369143407,2383.1651282137623,2318.2347741299877,32.46517704188724,0.0
375,2017-07-31,2350.699951171875,2350.699951171875,0.0,,11.61,0.0,1.3588477189470756,2382.642383837664,2318.757518506086,31.942432665789042,0.0
376,2017-08-07,2350.699951171875,2350.699951171875,0.0,,10.73,0.0,1.2558515094144809,2380.2212519904724,2321.1786503532776,29.521300818597457,0.0
377,2017-08-14,2350.699951171875,2350.699951171875,0.0,,12.11,0.0,1.417368292545141,2384.0180269326597,2317.3818754110907,33.31807576078427,0.0
378,2017-08-28,2350.699951171875,2350.699951171875,0.0,,14.2,0.0,1.661984290185054,2389.768215069739,2311.631687274011,39.06826389786429,0.0
379,2017-09-04,2350.699951171875,2350.699951171875,0.0,,,0.0,,,,,0.0
380,2017-09-11,2350.699951171875,2350.699951171875,0.0,,13.28,0.0,1.5543064347646136,2387.2370317749483,2314.1628705688017,36.537080603073086,0.0
381,2017-09-18,2350.699951171875,2350.699951171875,0.0,,12.69,0.0,1.4852521579188966,2385.613772922854,2315.7861294208965,34.91382175097872,0.0
382,2017-09-25,2350.699951171875,2350.699951171875,0.0,,13.77,0.0,1.6116565968907177,2388.5851620080434,2312.8147403357066,37.885210836168405,0.0
383,2017-10-09,2350.699951171875,2350.699951171875,0.0,,11.96,0.0,1.3998121204657215,2383.6053340041603,2317.794568339589,32.9053828322857,0.0
384,2017-10-23,2350.699951171875,2350.699951171875,0.0,,11.69,0.0,1.368211010722766,2382.8624867328635,2318.537415610887,32.16253556098828,0.0
385,2017-10-30,2350.699951171875,2350.699951171875,0.0,,11.74,0.0,1.3740630680825727,2383.0000510423624,2318.399851301387,32.300099870487806,0.0
386,2017-11-06,2350.699951171875,2350.699951171875,0.0,,10.94,0.0,1.2804301503256683,2380.7990220903703,2320.6008802533793,30.09907091849545,0.0
387,2017-11-13,2350.699951171875,2350.699951171875,0.0,,11.53,0.0,1.3494844271713853,2382.4222809424646,2318.977621401285,31.722329770589813,0.0
388,2017-11-20,2350.699951171875,2350.699951171875,0.0,,11.18,0.0,1.3085200256527396,2381.4593307759683,2319.9405715677817,30.75937960409316,0.0
389,2017-11-27,2350.699951171875,2350.699951171875,0.0,,10.72,0.0,1.2546810979425196,2380.1937391285724,2321.206163215177,29.493787956697552,0.0
390,2017-12-04,2350.699951171875,2350.699951171875,0.0,,11.38,0.0,1.3319282550919658,2382.009588013966,2319.390314329784,31.309636842091244,0.0
391,2017-12-11,2350.699951171875,2350.699951171875,0.0,,11.46,0.0,1.3412915468676563,2382.2296909091656,2319.1702114345844,31.52973973729048,0.0
392,2017-12-18,2350.699951171875,2350.699951171875,0.0,,9.93,0.0,1.1622185916575765,2378.02022303848,2323.37967930527,27.320271866605104,0.0
393,2018-01-01,2350.699951171875,2350.699951171875,0.0,,,0.0,,,,,0.0
394,2018-01-08,2350.699951171875,2350.699951171875,0.0,,11.19,0.0,1.309690437124701,2381.486843637868,2319.913058705882,30.78689246599306,0.0
395,2018-01-15,2350.699951171875,2350.699951171875,0.0,,,0.0,,,,,0.0
396,2018-01-29,2350.699951171875,2350.699951171875,0.0,,13.25,0.0,1.5507952003487298,2387.1544931892486,2314.2454091545014,36.45454201737337,0.0
397,2018-02-05,2350.699951171875,2350.699951171875,0.0,,14.35,0.0,1.6795404622644734,2390.180907998238,2311.2189943455123,39.48095682636286,0.0
398,2018-02-12,2350.699951171875,2350.699951171875,0.0,,14.37,0.0,1.681881285208396,2390.2359337220373,2311.1639686217122,39.53598255016267,0.0
399,2018-02-19,2350.699951171875,2350.699951171875,0.0,,,0.0,,,,,0.0
400,2018-03-05,2350.699951171875,2350.699951171875,0.0,,11.89,0.0,1.3916192401619925,2383.4127439708614,2317.9871583728886,32.71279279898637,0.0
401,2018-03-12,2350.699951171875,2350.699951171875,0.0,,11.01,0.0,1.2886230306293973,2380.9916121236697,2320.4082902200803,30.29166095179478,0.0
402,2018-03-19,2350.699951171875,2350.699951171875,0.0,,10.99,0.0,1.2862822076854747,2380.93658639987,2320.46331594388,30.23663522799497,0.0
403,2018-04-02,2350.699951171875,2350.699951171875,0.0,,12.86,0.0,1.505149152942239,2386.081491575152,2315.318410768598,35.3815404032771,0.0
404,2018-04-09,2350.699951171875,2350.699951171875,0.0,,12.39,0.0,1.4501398137600576,2384.7883870658566,2316.6115152778934,34.08843589398159,0.0
405,2018-04-16,2350.699951171875,2350.699951171875,0.0,,13.43,0.0,1.5718626068440333,2387.6497247034467,2313.7501776403033,36.94977353157165,0.0
406,2018-04-23,2350.699951171875,2350.699951171875,0.0,,12.13,0.0,1.4197091154890638,2384.073052656459,2317.326849687291,33.373101484584076,0.0
407,2018-04-30,2350.699951171875,2350.699951171875,0.0,,11.15,0.0,1.3050087912368558,2381.376792190268,2320.023110153482,30.676841018393443,0.0
408,2018-05-07,2350.699951171875,2350.699951171875,0.0,,11.32,0.0,1.3249057862601978,2381.8445108425667,2319.5553915011833,31.144559670691816,0.0
409,2018-05-14,2350.699951171875,2350.699951171875,0.0,,11.15,0.0,1.3050087912368558,2381.376792190268,2320.023110153482,30.676841018393443,0.0
410,2018-05-21,2350.699951171875,2350.699951171875,0.0,,11.62,0.0,1.3600181304190369,2382.669896699564,2318.730005644186,31.969945527688946,0.0
411,2018-05-28,2350.699951171875,2350.699951171875,0.0,,,0.0,,,,,0.0
412,2018-06-04,2350.699951171875,2350.699951171875,0.0,,10.54,0.0,1.233613691447216,2379.698507614374,2321.701394729376,28.99855644249927,0.0
413,2018-06-11,2350.699951171875,2350.699951171875,0.0,,10.54,0.0,1.233613691447216,2379.698507614374,2321.701394729376,28.99855644249927,0.0
414,2018-06-18,2350.699951171875,2350.699951171875,0.0,,9.82,0.0,1.149344065466002,2377.717581557581,2323.682320786169,27.017630385706155,0.0
415,2018-06-25,2350.699951171875,2350.699951171875,0.0,,10.83,0.0,1.267555624134094,2380.4963806094715,2320.9035217342785,29.7964294375965,0.0
416,2018-07-02,2350.699951171875,2350.699951171875,0.0,,11.75,0.0,1.375233479554534,2383.0275639042625,2318.372338439487,32.327612732387706,0.0
417,2018-07-09,2350.699951171875,2350.699951171875,0.0,,10.55,0.0,1.2347841029191775,2379.7260204762742,2321.6738818674758,29.026069304399183,0.0
418,2018-07-16,2350.699951171875,2350.699951171875,0.0,,11.46,0.0,1.3412915468676563,2382.2296909091656,2319.1702114345844,31.52973973729048,0.0
419,2018-07-23,2350.699951171875,2350.699951171875,0.0,,12.22,0.0,1.4302428187367155,2384.320668413558,2317.079233930192,33.620717241683224,0.0
420,2018-07-30,2350.699951171875,2350.699951171875,0.0,,11.18,0.0,1.3085200256527396,2381.4593307759683,2319.9405715677817,30.75937960409316,0.0
421,2018-08-06,2350.699951171875,2350.699951171875,0.0,,11.02,0.0,1.2897934421013586,2381.0191249855698,2320.3807773581802,30.319173813694682,0.0
422,2018-08-13,2350.699951171875,2350.699951171875,0.0,,11.73,0.0,1.3728926566106114,2382.972538180463,2318.427364163287,32.2725870085879,0.0
423,2018-08-20,2350.699951171875,2350.699951171875,0.0,,12.4,0.0,1.451310225232019,2384.8158999277566,2316.5840024159934,34.1159487558815,0.0
424,2018-08-27,2350.699951171875,2350.699951171875,0.0,,11.77,0.0,1.3775743024984566,2383.0825896280626,2318.3173127156874,32.38263845618752,0.0
425,2018-09-03,2350.699951171875,2350.699951171875,0.0,,,0.0,,,,,0.0
426,2018-09-10,2350.699951171875,2350.699951171875,0.0,,11.33,0.0,1.3260761977321591,2381.8720237044668,2319.5278786392832,31.17207253259172,0.0
427,2018-09-17,2350.699951171875,2350.699951171875,0.0,,10.85,0.0,1.2698964470780165,2380.5514063332716,2320.848496010479,29.85145516139631,0.0
428,2018-09-24,2350.699951171875,2350.699951171875,0.0,,10.97,0.0,1.2839413847415522,2380.88156067607,2320.51834166768,30.181609504195166,0.0
429,2018-10-01,2350.699951171875,2350.699951171875,0.0,,11.03,0.0,1.2909638535733199,2381.04663784747,2320.35326449628,30.346686675594587,0.0
430,2018-10-08,2350.699951171875,2350.699951171875,0.0,,12.48,0.0,1.4606735170077094,2385.036002822956,2316.3638995207943,34.33605165108074,0.0
431,2018-10-15,2350.699951171875,2350.699951171875,0.0,,13.13,0.0,1.5367502626851943,2386.82433884645,2314.5755634973007,36.12438767457452,0.0
432,2018-10-22,2350.699951171875,2350.699951171875,0.0,,11.68,0.0,1.3670405992508048,2382.8349738709635,2318.5649284727865,32.135022699088374,0.0
433,2018-10-29,2350.699951171875,2350.699951171875,0.0,,12.98,0.0,1.5191940906057746,2386.411645917951,2314.988256425799,35.711694746075956,0.0
434,2018-11-05,2350.699951171875,2350.699951171875,0.0,,12.39,0.0,1.4501398137600576,2384.7883870658566,2316.6115152778934,34.08843589398159,0.0
435,2018-11-12,2350.699951171875,2350.699951171875,0.0,,12.13,0.0,1.4197091154890638,2384.073052656459,2317.326849687291,33.373101484584076,0.0
436,2018-11-26,2350.699951171875,2350.699951171875,0.0,,11.83,0.0,1.3845967713302245,2383.247666799462,2318.152235544288,32.547715627586946,0.0
437,2018-12-03,2350.699951171875,2350.699951171875,0.0,,10.93,0.0,1.279259738853707,2380.77150922847,2320.6283931152793,30.071558056595546,0.0
438,2018-12-10,2350.699951171875,2350.699951171875,0.0,,12.04,0.0,1.4091754122414117,2383.82543689936,2317.57446544439,33.125485727484936,0.0
439,2018-12-17,2350.699951171875,2350.699951171875,0.0,,11.75,0.0,1.375233479554534,2383.0275639042625,2318.372338439487,32.327612732387706,0.0
440,2018-12-24,2350.699951171875,2350.699951171875,0.0,,14.8,0.0,1.7322089785027324,2391.4189867837335,2309.9809155600165,40.719035611858565,0.0
441,2018-12-31,2350.699951171875,2350.699951171875,0.0,,13.48,0.0,1.57771466420384,2387.787289012946,2313.612613330804,37.08733784107118,0.0
442,2019-01-07,2350.699951171875,2350.699951171875,0.0,,11.66,0.0,1.3646997763068822,2382.779948147164,2318.6199541965866,32.079996975288566,0.0
443,2019-01-14,2350.699951171875,2350.699951171875,0.0,,11.06,0.0,1.294475087989204,2381.1291764331695,2320.270725910581,30.429225261294302,0.0
444,2019-01-21,2350.699951171875,2350.699951171875,0.0,,,0.0,,,,,0.0
445,2019-01-28,2350.699951171875,2350.699951171875,0.0,,11.04,0.0,1.2921342650452812,2381.0741507093694,2320.3257516343806,30.37419953749449,0.0
446,2019-02-04,2350.699951171875,2350.699951171875,0.0,,10.11,0.0,1.1832859981528798,2378.5154545526784,2322.8844477910716,27.81550338080338,0.0
447,2019-02-11,2963.5,2986.699951171875,-23.199951171875,,10.18,23.199951171875,1.191478878456609,2998.8094765630617,2951.1140520907884,35.30947656306161,-23.199951171875
448,2019-02-18,2995.050048828125,3008.60009765625,-13.550048828125,,,13.550048828125,,,,,-13.550048828125
449,2019-02-25,3039.0,2944.050048828125,94.949951171875,,9.91,94.949951171875,1.159877768713654,3074.248685391208,2909.902666811964,35.24868539120794,94.949951171875
450,2019-03-11,2892.5,2889.050048828125,3.449951171875,,10.18,3.449951171875,1.191478878456609,2926.9635265593574,2854.6276277082975,34.46352655935741,3.449951171875
451,2019-03-18,2888.5,2884.949951171875,3.550048828125,,9.79,3.550048828125,1.145832831050118,2921.597381324883,2851.893247471983,33.09738132488266,3.550048828125
452,2019-04-01,2860.0,2841.050048828125,18.949951171875,,10.13,18.949951171875,1.1856268210968026,2893.9089270833683,2807.365797448435,33.90892708336855,18.949951171875
453,2019-04-08,2845.5,2855.0,-9.5,,9.71,9.5,1.1364695392744277,2877.8382407400536,2822.553794653715,32.33824074005384,-9.5
454,2019-04-22,2835.5,2857.25,-21.75,,9.56,21.75,1.1189133671950082,2867.2267885268143,2825.2798478158206,31.72678852681446,-21.75
455,2019-05-06,2842.5,2866.5,-24.0,,9.26,24.0,1.083801023036169,2873.3070440798033,2835.432843674668,30.807044079803106,-24.0
456,2019-05-13,2868.050048828125,2876.449951171875,-8.39990234375,,10.51,8.39990234375,1.2301024570313321,2903.3300029476477,2841.066669647233,35.27995411952309,-8.39990234375
457,2019-05-20,2855.0,2850.14990234375,4.85009765625,,9.16,4.85009765625,1.072096908316556,2885.608366732438,2819.593533358335,30.608366732437673,4.85009765625
458,2019-05-27,2850.0,2880.699951171875,-30.699951171875,,,30.699951171875,,,,,-30.699951171875
459,2019-06-03,2890.0,2933.60009765625,-43.60009765625,,11.79,43.60009765625,1.3799151254423792,2929.8795471252847,2893.118906188699,39.87954712528476,-43.60009765625
460,2019-06-10,2929.949951171875,2971.050048828125,-41.10009765625,,10.87,41.10009765625,1.272237270021939,2967.2258664436736,2933.2512427959286,37.2759152717982,-41.10009765625
461,2019-06-17,2971.0,3028.0,-57.0,,11.99,57.0,1.4033233548816053,3012.6927368735323,2985.507368814185,41.69273687353249,-57.0
462,2019-06-24,3042.300048828125,3031.10009765625,11.199951171875,,16.8,11.199951171875,1.9662912728949935,3102.120529183513,2971.4998409633235,59.82048035538755,11.199951171875
463,2019-07-01,3014.949951171875,3050.25,-35.300048828125,,14.08,35.300048828125,1.6479393525215182,3064.634497876065,2999.983729899712,49.68454670418963,-35.300048828125
464,2019-07-08,3050.0,3078.64990234375,-28.64990234375,,12.99,28.64990234375,1.5203645020777359,3096.3711173133706,3031.8432020852647,46.371117313370945,-28.64990234375
465,2019-07-15,3078.800048828125,3149.699951171875,-70.89990234375,,14.9,70.89990234375,1.7439130932223452,3132.491645993775,3094.7719213261707,53.691597165649625,-70.89990234375
466,2019-07-22,3140.0,3112.85009765625,27.14990234375,,14.89,27.14990234375,1.742742681750384,3194.7221202069622,3058.601130385486,54.72212020696205,27.14990234375
467,2019-07-29,3113.0,3164.300048828125,-51.300048828125,,13.59,51.300048828125,1.5905891903954141,3162.515041497009,3113.969034299788,49.51504149700924,-51.300048828125
468,2019-08-05,3227.60009765625,3331.800048828125,-104.199951171875,,16.91,104.199951171875,1.9791657990865676,3291.479654920347,3265.858201767769,63.87955726409715,-104.199951171875
469,2019-08-19,3449.949951171875,3381.449951171875,68.5,,14.94,68.5,1.7485947391101904,3510.275594520001,3322.3220952200395,60.325643348125986,68.5
470,2019-08-26,3525.0,3452.75,72.25,,17.54,72.25,2.0529017218201298,3597.3647856941598,3381.8684357998554,72.36478569415958,72.25
471,2019-09-09,3420.0,3379.050048828125,40.949951171875,,14.76,40.949951171875,1.727527332614887,3479.0814347754294,3320.6760356518826,59.08143477542913,40.949951171875
472,2019-09-16,3381.0,3356.75,24.25,,16.07,24.25,1.880851235441818,3444.591580270288,3293.614526154307,63.59158027028787,24.25
473,2019-09-23,3365.5,3366.199951171875,-0.699951171875,,16.92,0.699951171875,1.9803362105585292,3432.148215166347,3299.537874619015,66.6482151663473,-0.699951171875
474,2019-09-30,3357.0,3417.75,-60.75,,15.37,60.75,1.7989224324045265,3417.3898260558203,3356.267328566494,60.38982605581995,-60.75
475,2019-10-07,3486.10009765625,3448.5,37.60009765625,,15.44,37.60009765625,1.8071153127082558,3549.0979463373333,3386.1816284412557,62.99784868108356,37.60009765625
476,2019-10-14,3439.949951171875,3447.39990234375,-7.449951171875,,15.65,7.449951171875,1.8316939536194432,3502.959306435025,3384.254086775437,63.009355263150226,-7.449951171875
477,2019-11-04,3484.949951171875,3436.800048828125,48.14990234375,,12.45,48.14990234375,1.4571622825918253,3535.731327427554,3386.720294788504,50.78137625567879,48.14990234375
478,2019-11-11,3436.0,3424.0,12.0,,12.87,12.0,1.5063195644142002,3487.757140233272,3372.4236181144574,51.75714023327192,12.0
479,2019-11-18,3424.0,3445.5,-21.5,,11.55,21.5,1.351825250115308,3470.286496563948,3398.922861007277,46.28649656394815,-21.5
480,2019-11-25,3446.0,3418.550048828125,27.449951171875,,11.15,27.449951171875,1.3050087912368558,3490.9706029460217,3373.9376701580863,44.97060294602205,27.449951171875
481,2019-12-02,3420.0,3432.0,-12.0,,10.77,12.0,1.260533155302326,3463.1102339113395,3388.7385021100245,43.11023391133955,-12.0
482,2019-12-09,3414.39990234375,3388.35009765625,26.0498046875,,10.75,26.0498046875,1.2581923323584034,3457.3596201110918,3345.7181365340807,42.95971776734188,26.0498046875
483,2019-12-16,3389.5,3420.449951171875,-30.949951171875,,10.39,30.949951171875,1.2160575193677965,3430.7182696189716,3378.855312344437,41.21826961897146,-30.949951171875
484,2019-12-23,3448.5,3480.89990234375,-32.39990234375,,10.56,32.39990234375,1.2359545143911388,3491.1218914287783,3437.8775628592957,42.62189142877842,-32.39990234375
485,2019-12-30,3480.0,3594.0,-114.0,,12.56,114.0,1.4700368087834,3531.157280945662,3541.1668770923243,51.157280945662315,-114.0
486,2020-01-06,3665.89990234375,3578.25,87.64990234375,,14.21,87.64990234375,1.6631547016570152,3726.86948892762,3518.738166887958,60.969586583870004,87.64990234375
487,2020-01-13,3578.25,3586.050048828125,-7.800048828125,,10.91,7.800048828125,1.2769189159097845,3623.9413511085413,3540.2590974206464,45.69135110854186,-7.800048828125
488,2020-01-20,3589.550048828125,3594.35009765625,-4.800048828125,,,4.800048828125,,,,,-4.800048828125
489,2020-01-27,3522.5,3659.85009765625,-137.35009765625,,12.9,137.35009765625,1.509830798830084,3575.6837898887898,3604.592553690823,53.18378988878971,-137.35009765625
490,2020-02-03,3698.0,3645.64990234375,52.35009765625,,12.48,52.35009765625,1.4606735170077094,3752.0157066589454,3592.3988596973977,54.01570665894509,52.35009765625
491,2020-02-10,3646.0,3671.0,-25.0,,11.91,25.0,1.393960063105915,3696.823783900842,3619.827726083382,50.82378390084166,-25.0
492,2020-02-24,3785.10009765625,3819.0,-33.89990234375,,17.58,33.89990234375,2.057583367707975,3862.9816877167236,3740.4208911872324,77.88159006047331,-33.89990234375
493,2020-03-02,3774.39990234375,3982.25,-207.85009765625,,18.98,207.85009765625,2.221440973782558,3858.245968288823,3893.786666821544,83.84606594507292,-207.85009765625
494,2020-03-09,3862.800048828125,3757.199951171875,105.60009765625,,31.29,105.60009765625,3.662217495766925,4004.264188042802,3619.603117209112,141.46413921467692,105.60009765625
495,2020-03-16,3699.050048828125,3697.14990234375,1.900146484375,,41.43,1.900146484375,4.849014728335689,3878.4175305043095,3517.874559050453,179.36748167618427,1.900146484375
496,2020-03-23,3652.5,3991.949951171875,-339.449951171875,,41.16,339.449951171875,4.817413618592734,3828.4560324190998,3799.641210576715,175.95603241909959,-339.449951171875
497,2020-03-30,3990.0,4141.7001953125,-151.7001953125,,30.42,151.7001953125,3.5603916977062915,4132.0596287384815,3994.239445414709,142.05962873848102,-151.7001953125
498,2020-04-13,4525.60009765625,4751.25,-225.64990234375,,28.41,225.64990234375,3.325138991842069,4676.08259111826,4593.264333650103,150.4824934620107,-225.64990234375
499,2020-04-20,4844.0,4396.60009765625,447.39990234375,,28.01,447.39990234375,3.278322532963617,5002.801943496757,4252.4653659704845,158.80194349675762,447.39990234375
500,2020-05-04,4320.0,4221.9501953125,98.0498046875,,23.68,98.0498046875,2.7715343656043716,4439.730284594109,4104.937394750714,119.73028459410885,98.0498046875
501,2020-05-11,4171.0,4267.10009765625,-96.10009765625,,23.55,96.10009765625,2.7563190164688747,4285.966066176917,4149.485206212788,114.96606617691677,-96.10009765625
502,2020-05-18,4330.0,4264.9501953125,65.0498046875,,22.81,65.0498046875,2.6697085675437378,4445.598380974644,4151.088454546769,115.59838097464385,65.0498046875
503,2020-06-01,4210.0,4206.89990234375,3.10009765625,,18.06,3.10009765625,2.1137631183621175,4298.989427283045,4117.976003781596,88.98942728304515,3.10009765625
504,2020-06-08,4182.0,4269.75,-87.75,,17.94,87.75,2.0997181806985825,4269.810214316814,4180.097282979622,87.81021431681472,-87.75
505,2020-06-15,4299.9501953125,4273.35009765625,26.60009765625,,20.11,26.60009765625,2.3536974701141853,4401.15801427574,4172.768364518593,101.20781896324027,26.60009765625
506,2020-06-22,4389.0,4328.35009765625,60.64990234375,,19.55,60.64990234375,2.2881544276843524,4489.427097831066,4229.310763251048,100.42709783106622,60.64990234375
507,2020-06-29,4340.0,4332.9501953125,7.0498046875,,19.26,7.0498046875,2.2542124949974744,4437.8328222828895,4235.276290607748,97.83282228289039,7.0498046875
508,2020-07-06,4338.5,4418.4501953125,-79.9501953125,,17.42,79.9501953125,2.0388567841565943,4426.955801580633,4328.36432375079,88.45580158063383,-79.9501953125
509,2020-07-13,4429.9501953125,4393.4501953125,36.5,,16.53,36.5,1.9346901631520381,4515.656005973746,4308.4505465608045,85.70581066124544,36.5
510,2020-07-20,4400.0,4588.7001953125,-188.7001953125,,15.3,188.7001953125,1.7907295521007975,4478.792100292435,4506.528984857732,78.7921002924351,-188.7001953125
511,2020-07-27,4660.2001953125,4817.75,-157.5498046875,,25.52,157.5498046875,2.9868900764452517,4799.395252488772,4673.849103342059,139.19505717627132,-157.5498046875
512,2020-08-03,4844.0,5027.25,-183.25,,23.56,183.25,2.7574894279408357,4977.572787889454,4888.624112733844,133.57278788945408,-183.25
513,2020-08-10,4985.0,4734.10009765625,250.89990234375,,23.89,250.89990234375,2.796113006515559,5124.386233374801,4601.729309084218,139.3862333748006,250.89990234375
514,2020-08-17,4721.0,4676.85009765625,44.14990234375,,26.35,44.14990234375,3.0840342286180404,4866.5972559330585,4532.6144398233755,145.59725593305768,44.14990234375
515,2020-08-24,4640.5498046875,4609.85009765625,30.69970703125,,23.86,30.69970703125,2.7926017720996748,4770.141880768371,4481.115342137963,129.59207608087112,30.69970703125
516,2020-08-31,4620.0,4573.39990234375,46.60009765625,,24.32,46.60009765625,2.8464406998098952,4751.505560331218,4443.220786158372,131.50556033121717,46.60009765625
517,2020-09-07,4596.0,4621.5,-25.5,,,25.5,,,,,-25.5
518,2020-09-14,4649.9501953125,4627.14990234375,22.80029296875,,20.91,22.80029296875,2.44733038787109,4763.749839463254,4513.908256691344,113.7996441507539,22.80029296875
519,2020-09-21,4621.0,4474.0,147.0,,21.6,147.0,2.52808877943642,4737.822982497757,4360.893308008014,116.82298249775697,147.0
520,2020-10-05,4240.2001953125,4550.14990234375,-309.94970703125,,22.13,309.94970703125,2.590120587450369,4350.0264935203995,4432.295532963291,109.82629820789981,-309.94970703125
521,2020-10-12,4590.10009765625,4553.2998046875,36.80029296875,,22.66,36.80029296875,2.6521523954643182,4711.836547350451,4432.539354844808,121.73644969420025,36.80029296875
522,2020-10-19,4545.0,4571.5498046875,-26.5498046875,,21.33,26.5498046875,2.4964876696934644,4658.465364587568,4457.4216274995815,113.46536458756795,-26.5498046875
523,2020-10-26,4570.0,4536.7998046875,33.2001953125,,20.93,33.2001953125,2.4496712108150125,4681.949974334246,4425.663125979759,111.94997433424606,33.2001953125
524,2020-11-02,4536.7998046875,4668.0498046875,-131.25,,23.74,131.25,2.7785568344361393,4662.857365725329,4538.345387804473,126.05756103782996,-131.25
525,2020-11-09,4695.0,4541.85009765625,153.14990234375,,21.86,153.14990234375,2.558519477707414,4815.122489478364,4425.645978259442,120.1224894783631,153.14990234375
526,2020-11-23,4492.7998046875,4377.35009765625,115.44970703125,,18.98,115.44970703125,2.221440973782558,4592.604700418851,4280.109849021003,99.80489573135087,115.44970703125
527,2020-12-07,4429.0,4386.64990234375,42.35009765625,,19.79,42.35009765625,2.3162443030114237,4531.586460180376,4285.044373887657,102.58646018037595,42.35009765625
528,2020-12-14,4399.9501953125,4482.60009765625,-82.64990234375,,19.43,82.64990234375,2.2741094900208165,4500.0098802602915,4380.660863435767,100.05968494779101,-82.64990234375
529,2020-12-28,4481.5,4487.9501953125,-6.4501953125,,20.2,6.4501953125,2.364231173361837,4587.453020034211,4381.8446777499685,105.95302003421072,-6.4501953125
530,2021-01-04,4569.9501953125,4499.39990234375,70.55029296875,,21.86,70.55029296875,2.558519477707414,4686.873261181098,4384.281879462337,116.92306586859831,70.55029296875
531,2021-01-11,4499.39990234375,4414.60009765625,84.7998046875,,20.65,84.7998046875,2.4168996896000956,4608.145884617364,4307.90364159891,108.7459822736131,84.7998046875
532,2021-01-18,4409.9501953125,4407.39990234375,2.55029296875,,,2.55029296875,,,,,2.55029296875
533,2021-01-25,4409.0,4362.9501953125,46.0498046875,,18.51,46.0498046875,2.166431634600377,4504.517970769531,4268.429862079392,95.51797076953062,46.0498046875
534,2021-02-01,4399.0,4218.89990234375,180.10009765625,,21.81,180.10009765625,2.5526674203476074,4511.291839821091,4111.205419039544,112.29183982109126,180.10009765625
535,2021-02-08,4218.89990234375,4227.5,-8.60009765625,,18.45,8.60009765625,2.1594091657686088,4310.003213529563,4136.210977517132,91.10331118581382,-8.60009765625
536,2021-02-15,4238.5,4134.64990234375,103.85009765625,,,103.85009765625,,,,,103.85009765625
537,2021-02-22,4196.0,4126.2998046875,69.7001953125,,19.12,69.7001953125,2.2378267343900164,4289.899209775005,4033.96036451712,93.89920977500509,69.7001953125
538,2021-03-01,4126.2998046875,3973.0,153.2998046875,,21.33,153.2998046875,2.4964876696934644,4229.312370526109,3873.8145448830787,103.01256583860894,153.2998046875
539,2021-03-08,4025.0,3972.25,52.75,,20.64,52.75,2.4157292781281345,4122.233103444658,3876.291193749555,97.23310344465742,52.75
540,2021-03-15,4021.0,4020.949951171875,0.050048828125,,17.86,0.050048828125,2.090354888922892,4105.053170083589,3936.897827286411,84.05317008358948,0.050048828125
541,2021-03-22,3993.0,3989.35009765625,3.64990234375,,16.47,3.64990234375,1.9276676943202702,4069.9717710342084,3912.4486846103964,76.97177103420839,3.64990234375
542,2021-04-05,4063.0,4149.7001953125,-86.7001953125,,17.08,86.7001953125,1.9990627941099097,4144.221921324685,4066.7450826409017,81.22192132468564,-86.7001953125
543,2021-04-12,4169.9501953125,4185.0498046875,-15.099609375,,14.88,15.099609375,1.7415722702784227,4242.572891598484,4112.164137791721,72.62269628598344,-15.099609375
544,2021-04-19,4198.5,4254.5498046875,-56.0498046875,,16.01,56.0498046875,1.8738287666100504,4277.172700766123,4174.826826557513,78.67270076612297,-56.0498046875
545,2021-04-26,4249.0,4163.25,85.75,,15.51,85.75,1.815308193011985,4326.132445121079,4087.6741816544286,77.13244512107924,85.75
546,2021-05-03,4194.5,4230.14990234375,-35.64990234375,,15.65,35.64990234375,1.8316939536194432,4271.330402884568,4152.666502353481,76.83040288456755,-35.64990234375
547,2021-05-10,4254.9501953125,4249.75,5.2001953125,,17.19,5.2001953125,2.0119373203014845,4340.5571262522335,4164.247693730488,85.60693093973309,5.2001953125
548,2021-05-17,4273.39990234375,4320.4501953125,-47.05029296875,,17.62,47.05029296875,2.0622650135958205,4361.528733420822,4231.351062504738,88.12883107707312,-47.05029296875
549,2021-05-24,4321.0,4323.4501953125,-2.4501953125,,16.91,2.4501953125,1.9791657990865676,4406.519754178531,4237.881947706333,85.51975417853058,-2.4501953125
550,2021-05-31,4335.0,4316.89990234375,18.10009765625,,,18.10009765625,,,,,18.10009765625
551,2021-06-07,4352.0498046875,4368.60009765625,-16.55029296875,,15.57,16.55029296875,1.8223306618437527,4431.358542697032,4288.989758583324,79.30873800953147,-16.55029296875
552,2021-06-14,4350.0,4207.25,142.75,,16.13,142.75,1.8878737042735858,4432.122506135901,4127.822433576949,82.12250613590099,142.75
553,2021-06-21,4197.5,4195.4501953125,2.0498046875,,16.91,2.0498046875,1.9791657990865676,4280.575484416659,4112.415279929164,83.07548441665867,2.0498046875
554,2021-06-28,4199.9501953125,4219.64990234375,-19.69970703125,,15.36,19.69970703125,1.7977520209325653,4275.454884826892,4143.791060948086,75.50468951439169,-19.69970703125
555,2021-07-05,4237.5,4266.35009765625,-28.85009765625,,,28.85009765625,,,,,-28.85009765625
556,2021-07-12,4271.9501953125,4292.7998046875,-20.849609375,,15.04,20.849609375,1.7602988538298034,4347.149285636766,4217.233698928378,75.19909032426598,-20.849609375
557,2021-07-19,4290.0,4243.64990234375,46.35009765625,,15.96,46.35009765625,1.8679767092502437,4370.136200826836,4164.3795105458485,80.13620082683545,46.35009765625
558,2021-07-26,4243.64990234375,4294.85009765625,-51.2001953125,,15.2,51.2001953125,1.7790254373811842,4319.145513579847,4218.443621921555,75.49561123609709,-51.2001953125
559,2021-08-02,4279.10009765625,4246.2998046875,32.80029296875,,15.23,32.80029296875,1.7825366717970683,4355.376626119877,4170.607953474499,76.27652846362682,32.80029296875
560,2021-08-09,4198.89990234375,4157.89990234375,41.0,,17.26,41.0,2.0201302006052138,4283.723147364179,4073.904910705569,84.82324502042893,41.0
561,2021-08-16,4176.75,4205.60009765625,-28.85009765625,,15.62,28.85009765625,1.8281827192035591,4253.108621724335,4128.71404343209,76.35862172433467,-28.85009765625
562,2021-08-23,4222.9501953125,4194.35009765625,28.60009765625,,15.84,28.60009765625,1.8539317715867079,4301.240810681681,4116.5897085842225,78.29061536918137,28.60009765625
563,2021-08-30,4228.4501953125,4195.25,33.2001953125,,15.52,33.2001953125,1.816478604483946,4305.259088411612,4119.044181345387,76.80889309911119,33.2001953125
564,2021-09-13,4192.64990234375,4128.35009765625,64.2998046875,,15.09,64.2998046875,1.76615091118961,4266.698426796985,4055.4372047893967,74.04852445323445,64.2998046875
565,2021-09-20,4128.35009765625,4105.7998046875,22.55029296875,,16.85,22.55029296875,1.9721433302548,4209.767078756745,4024.8275476857407,81.41698110049526,22.55029296875
566,2021-09-27,4124.4501953125,4129.35009765625,-4.89990234375,,16.2,4.89990234375,1.8960665845773148,4202.652517263354,4051.0548702943793,78.20232195085411,-4.89990234375
567,2021-10-04,4130.0498046875,4163.0,-32.9501953125,,16.77,32.9501953125,1.9627800384791094,4211.113597833152,4081.2894669981147,81.0637931456517,-32.9501953125
568,2021-10-18,4216.7998046875,4227.14990234375,-10.35009765625,,15.53,10.35009765625,1.8176490159559073,4293.446424842233,4150.315153740818,76.64662015473297,-10.35009765625
569,2021-10-25,4237.7998046875,4254.9501953125,-17.150390625,,16.73,17.150390625,1.9580983925912643,4320.780094544321,4171.634083932527,82.98028985682167,-17.150390625
570,2021-11-08,4270.0,4354.64990234375,-84.64990234375,,16.66,84.64990234375,1.949905512287535,4353.260965374678,4269.738343857126,83.26096537467774,-84.64990234375
571,2021-11-22,4357.14990234375,4282.7998046875,74.35009765625,,16.59,74.35009765625,1.9417126319838058,4441.7532323920295,4199.640139877305,84.60333004827865,74.35009765625
572,2021-11-29,4273.9501953125,4215.9501953125,58.0,,17.55,58.0,2.0540721332920913,4361.740215265198,4129.3515371971125,87.79001995269697,58.0
573,2021-12-06,4243.64990234375,4232.39990234375,11.25,,17.44,11.25,2.041197607100517,4330.271182604114,4146.008256814184,86.62128026036405,11.25
574,2021-12-13,4240.0498046875,4318.35009765625,-78.30029296875,,15.97,78.30029296875,1.869147120722205,4319.302573529004,4237.633781143204,79.25276884150388,-78.30029296875
575,2021-12-20,4320.0,4270.0498046875,49.9501953125,,15.77,49.9501953125,1.8457388912829789,4399.735920103425,4191.23583476523,79.73592010342469,49.9501953125
576,2021-12-27,4278.4501953125,4257.85009765625,20.60009765625,,15.44,20.60009765625,1.8071153127082558,4355.766723938588,4180.905836549341,77.31652862608847,20.60009765625
577,2022-01-03,42.657501220703125,0.42149999737739563,42.23600122332573,,15.34,42.23600122332573,1.7954111979886427,43.423378774401776,0.41393233922496003,0.7658775536986459,42.23600122332573
578,2022-01-10,42.349998474121094,42.650001525878906,-0.3000030517578125,,15.56,0.3000030517578125,1.8211602503717914,43.12125981236485,41.87327665130664,0.7712613382437535,-0.3000030517578125
579,2022-01-17,42.650001525878906,42.869998931884766,-0.21999740600585938,,,0.21999740600585938,,,,,-0.21999740600585938
580,2022-01-24,43.189998626708984,42.41999816894531,0.7700004577636719,,16.3,0.7700004577636719,1.907770699296928,44.01396476553609,41.61072187323588,0.8239661388270996,0.7700004577636719
581,2022-01-31,42.47999954223633,42.689998626708984,-0.20999908447265625,,16.7,0.20999908447265625,1.9545871581753802,43.31030815808184,41.85558539572608,0.8303086158455115,-0.20999908447265625
582,2022-02-07,42.790000915527344,43.2400016784668,-0.4500007629394531,,16.15,0.4500007629394531,1.8902145272175084,43.59882372902915,42.42267288517132,0.8088228135018026,-0.4500007629394531
583,2022-02-14,44.41999816894531,44.209999084472656,0.20999908447265625,,18.95,0.20999908447265625,2.217929739366674,45.405202518560486,43.229452367004406,0.9852043496151701,0.20999908447265625
584,2022-02-21,44.4900016784668,44.630001068115234,-0.1399993896484375,,,0.1399993896484375,,,,,-0.1399993896484375
585,2022-02-28,45.58000183105469,45.650001525878906,-0.06999969482421875,,20.97,0.06999969482421875,2.4543528567028576,46.698695908080396,44.5295894093436,1.1186940770257054,-0.06999969482421875
586,2022-03-07,46.70000076293945,46.04999923706055,0.6500015258789062,,29.67,0.6500015258789062,3.472610837309194,48.32171005045676,44.45086197297358,1.6217092875173116,0.6500015258789062
587,2022-03-21,45.4900016784668,45.689998626708984,-0.1999969482421875,,21.89,0.1999969482421875,2.5620307121232977,46.65546949241452,44.51940682952399,1.165467813947723,-0.1999969482421875
588,2022-03-28,45.9900016784668,45.689998626708984,0.3000030517578125,,23.2,0.3000030517578125,2.7153546149502286,47.238793311458736,44.449353140427945,1.2487916329919357,0.3000030517578125
589,2022-04-04,45.81999969482422,45.790000915527344,0.029998779296875,,19.22,0.029998779296875,2.2495308491096293,46.85073472302123,44.75994071912498,1.030735028197009,0.029998779296875
590,2022-04-18,46.90999984741211,46.650001525878906,0.2599983215332031,,19.07,0.2599983215332031,2.23197467703021,47.957019165001256,45.60878530498708,1.0470193175891482,0.2599983215332031
591,2022-04-25,49.939998626708984,46.0,3.9399986267089844,,19.47,3.9399986267089844,2.2787911359086617,51.07802688868733,44.95175607748202,1.1380282619783517,3.9399986267089844
592,2022-05-02,45.849998474121094,45.75,0.09999847412109375,,20.06,0.09999847412109375,2.3478454127543786,46.926485560043695,44.67586072366487,1.0764870859226048,0.09999847412109375
593,2022-05-09,45.95000076293945,44.52000045776367,1.4300003051757812,,20.49,1.4300003051757812,2.398173106048715,47.05196132346544,43.45233377997282,1.1019605605259932,1.4300003051757812
594,2022-05-16,44.52000045776367,45.18000030517578,-0.6599998474121094,,21.16,0.6599998474121094,2.4765906746701227,45.62257863746374,44.061076630801864,1.1025781797000709,-0.6599998474121094
595,2022-05-23,45.279998779296875,45.310001373291016,-0.030002593994140625,,19.63,0.030002593994140625,2.2975177194600427,46.32031477462252,44.268996063052064,1.0403159953256367,-0.030002593994140625
596,2022-05-30,45.11000061035156,45.349998474121094,-0.23999786376953125,,,0.23999786376953125,,,,,-0.23999786376953125
597,2022-06-06,45.38999938964844,45.15999984741211,0.22999954223632812,,16.81,0.22999954223632812,1.9674616843669546,46.28303023617416,44.2714941537541,0.8930308465257276,0.22999954223632812
598,2022-06-13,45.59000015258789,45.2599983215332,0.3300018310546875,,20.84,0.3300018310546875,2.4391375075673607,46.702002946009685,44.15604472654833,1.1120027934217882,0.3300018310546875
599,2022-06-20,45.15999984741211,44.869998931884766,0.29000091552734375,,,0.29000091552734375,,,,,0.29000091552734375
600,2022-06-27,45.09000015258789,45.70000076293945,-0.6100006103515625,,17.88,0.6100006103515625,2.0926957118668144,46.033596652261835,44.74363880665032,0.9435964996739469,-0.6100006103515625
601,2022-07-04,46.45000076293945,44.88999938964844,1.5600013732910156,,,1.5600013732910156,,,,,1.5600013732910156
602,2022-07-11,45.189998626708984,44.84000015258789,0.34999847412109375,,19.72,0.34999847412109375,2.3080514227076945,46.233007032934324,43.805069891123956,1.0430084062253442,0.34999847412109375
603,2022-07-18,45.189998626708984,45.20000076293945,-0.01000213623046875,,19.42,0.01000213623046875,2.2729390785488555,46.21713976509115,44.17263228209422,1.0271411383821596,-0.01000213623046875
604,2022-07-25,45.45000076293945,45.2400016784668,0.20999908447265625,,18.3,0.20999908447265625,2.1418529936891892,46.42347296491223,44.271027348171515,0.9734722019727781,0.20999908447265625
605,2022-08-01,45.470001220703125,45.83000183105469,-0.3600006103515625,,17.52,0.3600006103515625,2.050560898876207,46.4023912864534,44.89022973355283,0.9323900657502723,-0.3600006103515625
606,2022-08-08,45.9900016784668,46.290000915527344,-0.2999992370605469,,16.76,0.2999992370605469,1.9616096270071484,46.892145978852355,45.38197180122666,0.9021443003855537,-0.2999992370605469
607,2022-08-22,45.650001525878906,45.540000915527344,0.1100006103515625,,16.57,0.1100006103515625,1.9393718090398833,46.535324786298084,44.6568109759351,0.885323260419172,0.1100006103515625
608,2022-08-29,45.540000915527344,44.439998626708984,1.1000022888183594,,16.02,1.1000022888183594,1.8749991780820114,46.39387555839202,43.606749017718535,0.8538746428646782,1.1000022888183594
609,2022-09-05,44.7400016784668,44.81999969482422,-0.07999801635742188,,,0.07999801635742188,,,,,-0.07999801635742188
610,2022-09-12,44.790000915527344,43.439998626708984,1.3500022888183594,,15.79,1.3500022888183594,1.8480797142269014,45.61775583644924,42.63719282422833,0.8277549209219042,1.3500022888183594
611,2022-09-19,43.68000030517578,43.84000015258789,-0.15999984741210938,,18.37,0.15999984741210938,2.1500458739929185,44.61914034949731,42.89742003814868,0.9391400443215261,-0.15999984741210938
612,2022-09-26,45.5,44.29999923706055,1.2000007629394531,,20.26,1.2000007629394531,2.3712536421936052,46.5789204071981,43.24953389166001,1.0789204071980902,1.2000007629394531
613,2022-10-03,44.52000045776367,45.70000076293945,-1.1800003051757812,,20.29,1.1800003051757812,2.374764876609489,45.577245791701024,44.6147331962109,1.0572453339373553,-1.1800003051757812
614,2022-10-10,45.68000030517578,44.529998779296875,1.1500015258789062,,20.54,1.1500015258789062,2.4040251634085217,46.77815900715729,43.45948640337707,1.0981587019815153,1.1500015258789062
615,2022-10-17,44.47999954223633,44.09000015258789,0.3899993896484375,,19.96,0.3899993896484375,2.336141298034766,45.51911518090819,43.0599954507197,1.0391156386718576,0.3899993896484375
616,2022-10-24,44.09000015258789,44.61000061035156,-0.5200004577636719,,19.58,0.5200004577636719,2.291665662100236,45.10039554650469,43.587688544501425,1.0103953939167984,-0.5200004577636719
617,2022-10-31,44.540000915527344,44.43000030517578,0.1100006103515625,,18.27,0.1100006103515625,2.138341759273305,45.49241835468477,43.47993505500495,0.9524174391574336,0.1100006103515625
618,2022-11-07,45.2400016784668,46.029998779296875,-0.7899971008300781,,18.12,0.7899971008300781,2.1207855871938857,46.19944511370999,45.05380119940003,0.9594434352431958,-0.7899971008300781
619,2022-11-14,46.040000915527344,46.41999816894531,-0.37999725341796875,,17.41,0.37999725341796875,2.037686372684633,46.97815174016692,45.47410419205626,0.9381508246395809,-0.37999725341796875
620,2022-11-21,46.33000183105469,46.220001220703125,0.1100006103515625,,16.68,0.1100006103515625,1.9522463352314576,47.23447759391412,45.317672940728016,0.9044757628594324,0.1100006103515625
621,2022-11-28,46.34000015258789,47.290000915527344,-0.9500007629394531,,15.77,0.9500007629394531,1.8457388912829789,47.1953155576248,46.41715097694138,0.8553154050369065,-0.9500007629394531
622,2022-12-05,47.43000030517578,47.27000045776367,0.15999984741210938,,15.81,0.15999984741210938,1.8504205371708242,48.307654771602934,46.395306661372466,0.8776544664271573,0.15999984741210938
623,2022-12-12,47.16999816894531,47.54999923706055,-0.3800010681152344,,15.51,0.3800010681152344,1.815308193011985,48.02627901034978,46.686820205133046,0.8562808414044676,-0.3800010681152344
624,2022-12-19,48.209999084472656,47.77000045776367,0.4399986267089844,,14.49,0.4399986267089844,1.6959262228719318,49.027605100992545,46.959856493334414,0.81760601651989,0.4399986267089844
625,2022-12-26,47.970001220703125,48.099998474121094,-0.12999725341796875,,,0.12999725341796875,,,,,-0.12999725341796875
626,2023-01-02,48.119998931884766,48.68000030517578,-0.5600013732910156,,,0.5600013732910156,,,,,-0.5600013732910156
627,2023-01-09,49.380001068115234,49.540000915527344,-0.15999984741210938,,16.92,0.15999984741210938,1.9803362105585292,50.35789111004131,48.55894233868613,0.9778900419260744,-0.15999984741210938
628,2023-01-16,49.779998779296875,50.150001525878906,-0.37000274658203125,,,0.37000274658203125,,,,,-0.37000274658203125
629,2023-01-23,50.25,50.09000015258789,0.15999984741210938,,16.2,0.15999984741210938,1.8960665845773148,51.202773458750094,49.14026039747994,0.9527734587501007,0.15999984741210938
630,2023-01-30,50.2400016784668,50.84000015258789,-0.5999984741210938,,15.59,0.5999984741210938,1.8246714847876753,51.156716663050624,49.91233716693761,0.916714984583833,-0.5999984741210938
631,2023-02-06,50.720001220703125,50.02000045776367,0.7000007629394531,,15.81,0.7000007629394531,1.8504205371708242,51.6585345397443,49.094420096600274,0.9385333190411834,0.7000007629394531
632,2023-02-13,50.290000915527344,49.220001220703125,1.0699996948242188,,15.58,1.0699996948242188,1.823501073315714,51.207039621992465,48.322473970157596,0.9170387064651234,1.0699996948242188
633,2023-02-20,49.59000015258789,49.15999984741211,0.43000030517578125,,,0.43000030517578125,,,,,0.43000030517578125
634,2023-02-27,50.650001525878906,49.2400016784668,1.4099998474121094,,14.35,1.4099998474121094,1.6795404622644734,51.50068879564362,48.41299592665724,0.8506872697647094,1.4099998474121094
635,2023-03-06,49.5,48.9900016784668,0.5099983215332031,,14.24,0.5099983215332031,1.666665936072899,50.32499963835608,48.17350200841025,0.8249996383560849,0.5099983215332031
636,2023-03-13,50.45000076293945,50.959999084472656,-0.5099983215332031,,20.0,0.5099983215332031,2.340822943922611,51.63094595600747,49.76711573368056,1.180945193068019,-0.5099983215332031
