,Date,VXAPLCLS
0,2010-06-01,44.97
1,2010-06-02,43.26
2,2010-06-03,40.29
3,2010-06-04,45.4
4,2010-06-07,47.77
5,2010-06-08,47.14
6,2010-06-09,47.41
7,2010-06-10,43.04
8,2010-06-11,40.18
9,2010-06-14,41.08
10,2010-06-15,37.59
11,2010-06-16,37.26
12,2010-06-17,38.01
13,2010-06-18,37.98
14,2010-06-21,38.97
15,2010-06-22,39.5
16,2010-06-23,42.02
17,2010-06-24,43.28
18,2010-06-25,42.16
19,2010-06-28,42.86
20,2010-06-29,48.61
21,2010-06-30,49.24
22,2010-07-01,49.61
23,2010-07-02,47.17
24,2010-07-05,
25,2010-07-06,47.61
26,2010-07-07,43.6
27,2010-07-08,43.66
28,2010-07-09,42.45
29,2010-07-12,41.92
30,2010-07-13,43.71
31,2010-07-14,44.1
32,2010-07-15,46.07
33,2010-07-16,45.11
34,2010-07-19,45.27
35,2010-07-20,41.96
36,2010-07-21,35.84
37,2010-07-22,33.09
38,2010-07-23,31.24
39,2010-07-26,31.07
40,2010-07-27,30.95
41,2010-07-28,30.51
42,2010-07-29,30.9
43,2010-07-30,31.57
44,2010-08-02,30.22
45,2010-08-03,29.94
46,2010-08-04,30.14
47,2010-08-05,30.47
48,2010-08-06,29.85
49,2010-08-09,29.88
50,2010-08-10,29.88
51,2010-08-11,33.47
52,2010-08-12,33.28
53,2010-08-13,33.13
54,2010-08-16,32.43
55,2010-08-17,31.67
56,2010-08-18,31.62
57,2010-08-19,32.45
58,2010-08-20,31.49
59,2010-08-23,33.69
60,2010-08-24,36.32
61,2010-08-25,36.6
62,2010-08-26,35.97
63,2010-08-27,34.65
64,2010-08-30,35.25
65,2010-08-31,34.61
66,2010-09-01,31.14
67,2010-09-02,29.86
68,2010-09-03,28.62
69,2010-09-06,
70,2010-09-07,31.17
71,2010-09-08,30.78
72,2010-09-09,30.8
73,2010-09-10,30.82
74,2010-09-13,29.81
75,2010-09-14,29.4
76,2010-09-15,29.51
77,2010-09-16,31.15
78,2010-09-17,31.05
79,2010-09-20,31.54
80,2010-09-21,32.43
81,2010-09-22,33.07
82,2010-09-23,34.17
83,2010-09-24,34.25
84,2010-09-27,34.68
85,2010-09-28,35.38
86,2010-09-29,35.48
87,2010-09-30,35.92
88,2010-10-01,35.57
89,2010-10-04,36.5
90,2010-10-05,36.13
91,2010-10-06,36.52
92,2010-10-07,36.28
93,2010-10-08,36.03
94,2010-10-11,36.89
95,2010-10-12,36.0
96,2010-10-13,35.93
97,2010-10-14,36.45
98,2010-10-15,42.34
99,2010-10-18,45.44
100,2010-10-19,33.75
101,2010-10-20,30.19
102,2010-10-21,29.26
103,2010-10-22,29.11
104,2010-10-25,29.19
105,2010-10-26,29.71
106,2010-10-27,30.31
107,2010-10-28,30.94
108,2010-10-29,32.58
109,2010-11-01,32.03
110,2010-11-02,31.66
111,2010-11-03,29.97
112,2010-11-04,29.75
113,2010-11-05,30.89
114,2010-11-08,30.61
115,2010-11-09,29.42
116,2010-11-10,28.89
117,2010-11-11,30.55
118,2010-11-12,33.87
119,2010-11-15,33.13
120,2010-11-16,33.41
121,2010-11-17,32.97
122,2010-11-18,30.01
123,2010-11-19,30.58
124,2010-11-22,30.03
125,2010-11-23,32.85
126,2010-11-24,30.69
127,2010-11-25,
128,2010-11-26,31.91
129,2010-11-29,33.05
130,2010-11-30,35.24
131,2010-12-01,31.74
132,2010-12-02,30.71
133,2010-12-03,29.41
134,2010-12-06,29.56
135,2010-12-07,29.25
136,2010-12-08,28.6
137,2010-12-09,28.81
138,2010-12-10,28.98
139,2010-12-13,27.06
140,2010-12-14,25.08
141,2010-12-15,24.95
142,2010-12-16,25.12
143,2010-12-17,25.2
144,2010-12-20,25.7
145,2010-12-21,25.52
146,2010-12-22,26.3
147,2010-12-23,26.84
148,2010-12-24,
149,2010-12-27,32.42
150,2010-12-28,32.77
151,2010-12-29,31.96
152,2010-12-30,32.35
153,2010-12-31,34.29
154,2011-01-03,32.73
155,2011-01-04,32.49
156,2011-01-05,31.83
157,2011-01-06,31.92
158,2011-01-07,31.57
159,2011-01-10,32.7
160,2011-01-11,31.77
161,2011-01-12,30.16
162,2011-01-13,30.45
163,2011-01-14,29.75
164,2011-01-17,
165,2011-01-18,34.26
166,2011-01-19,29.27
167,2011-01-20,28.79
168,2011-01-21,31.03
169,2011-01-24,28.84
170,2011-01-25,27.96
171,2011-01-26,26.77
172,2011-01-27,26.53
173,2011-01-28,28.73
174,2011-01-31,27.43
175,2011-02-01,25.17
176,2011-02-02,25.15
177,2011-02-03,25.11
178,2011-02-04,24.2
179,2011-02-07,24.45
180,2011-02-08,23.88
181,2011-02-09,24.51
182,2011-02-10,26.02
183,2011-02-11,24.64
184,2011-02-14,23.94
185,2011-02-15,23.58
186,2011-02-16,23.12
187,2011-02-17,27.23
188,2011-02-18,31.71
189,2011-02-21,
190,2011-02-22,36.82
191,2011-02-23,34.09
192,2011-02-24,33.31
193,2011-02-25,31.06
194,2011-02-28,30.76
195,2011-03-01,32.24
196,2011-03-02,29.75
197,2011-03-03,26.89
198,2011-03-04,28.12
199,2011-03-07,30.45
200,2011-03-08,28.97
201,2011-03-09,29.09
202,2011-03-10,31.39
203,2011-03-11,29.81
204,2011-03-14,30.13
205,2011-03-15,32.78
206,2011-03-16,42.62
207,2011-03-17,39.72
208,2011-03-18,38.32
209,2011-03-21,33.65
210,2011-03-22,32.09
211,2011-03-23,31.74
212,2011-03-24,29.63
213,2011-03-25,29.41
214,2011-03-28,31.02
215,2011-03-29,30.56
216,2011-03-30,30.14
217,2011-03-31,30.24
218,2011-04-01,30.54
219,2011-04-04,31.55
220,2011-04-05,31.07
221,2011-04-06,31.5
222,2011-04-07,31.35
223,2011-04-08,30.87
224,2011-04-11,32.14
225,2011-04-12,32.99
226,2011-04-13,32.27
227,2011-04-14,32.36
228,2011-04-15,32.67
229,2011-04-18,33.61
230,2011-04-19,29.94
231,2011-04-20,29.32
232,2011-04-21,23.45
233,2011-04-22,
234,2011-04-25,23.37
235,2011-04-26,23.02
236,2011-04-27,23.13
237,2011-04-28,23.61
238,2011-04-29,24.55
239,2011-05-02,24.8
240,2011-05-03,24.91
241,2011-05-04,24.83
242,2011-05-05,25.36
243,2011-05-06,24.67
244,2011-05-09,24.27
245,2011-05-10,22.83
246,2011-05-11,23.79
247,2011-05-12,23.27
248,2011-05-13,25.13
249,2011-05-16,27.15
250,2011-05-17,26.36
251,2011-05-18,24.84
252,2011-05-19,24.25
253,2011-05-20,24.96
254,2011-05-23,25.84
255,2011-05-24,25.78
256,2011-05-25,23.96
257,2011-05-26,23.06
258,2011-05-27,22.31
259,2011-05-30,
260,2011-05-31,22.74
261,2011-06-01,25.06
262,2011-06-02,24.23
263,2011-06-03,24.53
264,2011-06-06,24.81
265,2011-06-07,24.82
266,2011-06-08,24.15
267,2011-06-09,23.66
268,2011-06-10,24.92
269,2011-06-13,24.93
270,2011-06-14,22.73
271,2011-06-15,26.11
272,2011-06-16,29.57
273,2011-06-17,31.75
274,2011-06-20,32.22
275,2011-06-21,27.2
276,2011-06-22,26.94
277,2011-06-23,26.52
278,2011-06-24,28.31
279,2011-06-27,27.98
280,2011-06-28,26.83
281,2011-06-29,26.52
282,2011-06-30,25.78
283,2011-07-01,24.22
284,2011-07-04,
285,2011-07-05,26.08
286,2011-07-06,25.92
287,2011-07-07,26.33
288,2011-07-08,27.86
289,2011-07-11,30.24
290,2011-07-12,28.95
291,2011-07-13,28.54
292,2011-07-14,29.98
293,2011-07-15,30.63
294,2011-07-18,34.76
295,2011-07-19,32.64
296,2011-07-20,25.85
297,2011-07-21,24.52
298,2011-07-22,23.98
299,2011-07-25,25.95
300,2011-07-26,26.13
301,2011-07-27,29.38
302,2011-07-28,28.62
303,2011-07-29,30.69
304,2011-08-01,29.69
305,2011-08-02,30.47
306,2011-08-03,29.23
307,2011-08-04,37.87
308,2011-08-05,40.18
309,2011-08-08,50.49
310,2011-08-09,40.77
311,2011-08-10,46.54
312,2011-08-11,41.98
313,2011-08-12,38.76
314,2011-08-15,33.39
315,2011-08-16,32.97
316,2011-08-17,31.72
317,2011-08-18,44.32
318,2011-08-19,49.81
319,2011-08-22,45.9
320,2011-08-23,38.21
321,2011-08-24,37.48
322,2011-08-25,39.62
323,2011-08-26,35.87
324,2011-08-29,33.72
325,2011-08-30,33.42
326,2011-08-31,35.36
327,2011-09-01,34.91
328,2011-09-02,37.29
329,2011-09-05,
330,2011-09-06,38.84
331,2011-09-07,36.17
332,2011-09-08,36.28
333,2011-09-09,40.53
334,2011-09-12,41.09
335,2011-09-13,37.26
336,2011-09-14,34.82
337,2011-09-15,33.63
338,2011-09-16,32.21
339,2011-09-19,34.86
340,2011-09-20,36.02
341,2011-09-21,39.78
342,2011-09-22,44.46
343,2011-09-23,42.6
344,2011-09-26,43.79
345,2011-09-27,43.89
346,2011-09-28,45.46
347,2011-09-29,48.57
348,2011-09-30,50.71
349,2011-10-03,54.05
350,2011-10-04,54.63
351,2011-10-05,48.24
352,2011-10-06,47.31
353,2011-10-07,47.56
354,2011-10-10,45.08
355,2011-10-11,43.6
356,2011-10-12,41.65
357,2011-10-13,40.48
358,2011-10-14,39.87
359,2011-10-17,43.74
360,2011-10-18,39.94
361,2011-10-19,35.6
362,2011-10-20,35.0
363,2011-10-21,32.41
364,2011-10-24,30.56
365,2011-10-25,32.82
366,2011-10-26,32.32
367,2011-10-27,30.1
368,2011-10-28,28.59
369,2011-10-31,30.15
370,2011-11-01,35.43
371,2011-11-02,34.0
372,2011-11-03,30.49
373,2011-11-04,30.38
374,2011-11-07,30.8
375,2011-11-08,29.63
376,2011-11-09,35.08
377,2011-11-10,37.42
378,2011-11-11,34.0
379,2011-11-14,34.09
380,2011-11-15,32.56
381,2011-11-16,34.59
382,2011-11-17,37.71
383,2011-11-18,35.98
384,2011-11-21,38.16
385,2011-11-22,35.77
386,2011-11-23,38.62
387,2011-11-24,
388,2011-11-25,38.37
389,2011-11-28,36.85
390,2011-11-29,36.53
391,2011-11-30,33.0
392,2011-12-01,32.72
393,2011-12-02,31.96
394,2011-12-05,32.81
395,2011-12-06,32.54
396,2011-12-07,33.45
397,2011-12-08,34.31
398,2011-12-09,32.67
399,2011-12-12,32.08
400,2011-12-13,33.17
401,2011-12-14,34.44
402,2011-12-15,33.78
403,2011-12-16,32.93
404,2011-12-19,32.18
405,2011-12-20,30.34
406,2011-12-21,29.86
407,2011-12-22,28.91
408,2011-12-23,28.19
409,2011-12-26,
410,2011-12-27,31.05
411,2011-12-28,32.08
412,2011-12-29,32.59
413,2011-12-30,32.69
414,2012-01-02,
415,2012-01-03,33.29
416,2012-01-04,31.09
417,2012-01-05,30.55
418,2012-01-06,30.07
419,2012-01-09,32.05
420,2012-01-10,31.47
421,2012-01-11,31.48
422,2012-01-12,32.64
423,2012-01-13,32.61
424,2012-01-16,
425,2012-01-17,33.88
426,2012-01-18,32.7
427,2012-01-19,32.45
428,2012-01-20,33.56
429,2012-01-23,33.49
430,2012-01-24,33.16
431,2012-01-25,22.18
432,2012-01-26,21.48
433,2012-01-27,21.24
434,2012-01-30,21.52
435,2012-01-31,21.14
436,2012-02-01,20.75
437,2012-02-02,19.67
438,2012-02-03,19.55
439,2012-02-06,20.0
440,2012-02-07,22.63
441,2012-02-08,24.7
442,2012-02-09,27.31
443,2012-02-10,29.09
444,2012-02-13,30.82
445,2012-02-14,31.52
446,2012-02-15,32.93
447,2012-02-16,32.62
448,2012-02-17,33.43
449,2012-02-20,
450,2012-02-21,32.77
451,2012-02-22,32.78
452,2012-02-23,30.34
453,2012-02-24,28.76
454,2012-02-27,29.69
455,2012-02-28,30.96
456,2012-02-29,34.6
457,2012-03-01,34.24
458,2012-03-02,32.47
459,2012-03-05,33.81
460,2012-03-06,34.4
461,2012-03-07,32.91
462,2012-03-08,30.08
463,2012-03-09,29.44
464,2012-03-12,28.99
465,2012-03-13,28.31
466,2012-03-14,37.24
467,2012-03-15,42.06
468,2012-03-16,40.73
469,2012-03-19,38.9
470,2012-03-20,36.89
471,2012-03-21,33.6
472,2012-03-22,32.98
473,2012-03-23,32.39
474,2012-03-26,31.89
475,2012-03-27,32.3
476,2012-03-28,34.07
477,2012-03-29,34.69
478,2012-03-30,35.46
479,2012-04-02,34.14
480,2012-04-03,34.37
481,2012-04-04,35.01
482,2012-04-05,36.41
483,2012-04-06,
484,2012-04-09,40.13
485,2012-04-10,42.84
486,2012-04-11,43.98
487,2012-04-12,42.72
488,2012-04-13,44.82
489,2012-04-16,48.77
490,2012-04-17,46.78
491,2012-04-18,45.95
492,2012-04-19,48.11
493,2012-04-20,47.87
494,2012-04-23,46.6
495,2012-04-24,42.17
496,2012-04-25,33.65
497,2012-04-26,32.58
498,2012-04-27,32.31
499,2012-04-30,34.04
500,2012-05-01,32.0
501,2012-05-02,31.17
502,2012-05-03,30.74
503,2012-05-04,31.97
504,2012-05-07,32.81
505,2012-05-08,33.66
506,2012-05-09,33.29
507,2012-05-10,31.49
508,2012-05-11,30.4
509,2012-05-14,32.22
510,2012-05-15,32.32
511,2012-05-16,34.37
512,2012-05-17,37.29
513,2012-05-18,35.92
514,2012-05-21,32.72
515,2012-05-22,33.03
516,2012-05-23,33.83
517,2012-05-24,33.51
518,2012-05-25,33.28
519,2012-05-28,
520,2012-05-29,32.3
521,2012-05-30,32.86
522,2012-05-31,32.84
523,2012-06-01,37.14
524,2012-06-04,37.99
525,2012-06-05,35.69
526,2012-06-06,32.16
527,2012-06-07,30.99
528,2012-06-08,29.09
529,2012-06-11,27.52
530,2012-06-12,25.37
531,2012-06-13,27.05
532,2012-06-14,27.7
533,2012-06-15,27.17
534,2012-06-18,26.83
535,2012-06-19,27.04
536,2012-06-20,26.31
537,2012-06-21,27.24
538,2012-06-22,26.31
539,2012-06-25,29.48
540,2012-06-26,29.37
541,2012-06-27,28.71
542,2012-06-28,28.66
543,2012-06-29,27.59
544,2012-07-02,29.08
545,2012-07-03,29.24
546,2012-07-04,
547,2012-07-05,29.9
548,2012-07-06,31.04
549,2012-07-09,32.11
550,2012-07-10,35.06
551,2012-07-11,35.45
552,2012-07-12,35.14
553,2012-07-13,34.7
554,2012-07-16,35.14
555,2012-07-17,34.3
556,2012-07-18,34.68
557,2012-07-19,34.11
558,2012-07-20,33.53
559,2012-07-23,34.82
560,2012-07-24,34.34
561,2012-07-25,25.33
562,2012-07-26,24.53
563,2012-07-27,23.32
564,2012-07-30,24.0
565,2012-07-31,26.29
566,2012-08-01,26.3
567,2012-08-02,25.94
568,2012-08-03,24.52
569,2012-08-06,25.1
570,2012-08-07,24.36
571,2012-08-08,24.06
572,2012-08-09,23.4
573,2012-08-10,22.22
574,2012-08-13,20.03
575,2012-08-14,21.05
576,2012-08-15,21.58
577,2012-08-16,21.22
578,2012-08-17,22.78
579,2012-08-20,27.28
580,2012-08-21,29.12
581,2012-08-22,29.2
582,2012-08-23,29.96
583,2012-08-24,29.05
584,2012-08-27,28.68
585,2012-08-28,28.0
586,2012-08-29,27.65
587,2012-08-30,28.16
588,2012-08-31,27.72
589,2012-09-03,
590,2012-09-04,30.32
591,2012-09-05,29.76
592,2012-09-06,28.68
593,2012-09-07,28.56
594,2012-09-10,31.29
595,2012-09-11,31.11
596,2012-09-12,29.29
597,2012-09-13,27.19
598,2012-09-14,26.71
599,2012-09-17,26.5
600,2012-09-18,26.01
601,2012-09-19,25.29
602,2012-09-20,26.52
603,2012-09-21,27.52
604,2012-09-24,29.88
605,2012-09-25,32.45
606,2012-09-26,34.65
607,2012-09-27,33.18
608,2012-09-28,34.93
609,2012-10-01,36.54
610,2012-10-02,36.06
611,2012-10-03,34.45
612,2012-10-04,34.27
613,2012-10-05,37.03
614,2012-10-08,39.4
615,2012-10-09,38.68
616,2012-10-10,38.05
617,2012-10-11,37.91
618,2012-10-12,37.03
619,2012-10-15,36.79
620,2012-10-16,36.96
621,2012-10-17,36.31
622,2012-10-18,37.79
623,2012-10-19,43.78
624,2012-10-22,39.69
625,2012-10-23,39.87
626,2012-10-24,38.34
627,2012-10-25,37.96
628,2012-10-26,31.3
629,2012-10-29,
630,2012-10-30,
631,2012-10-31,31.76
632,2012-11-01,29.33
633,2012-11-02,32.82
634,2012-11-05,31.78
635,2012-11-06,31.14
636,2012-11-07,33.24
637,2012-11-08,37.64
638,2012-11-09,36.43
639,2012-11-12,32.71
640,2012-11-13,31.25
641,2012-11-14,31.36
642,2012-11-15,34.94
643,2012-11-16,38.2
644,2012-11-19,34.36
645,2012-11-20,33.3
646,2012-11-21,32.47
647,2012-11-22,
648,2012-11-23,31.59
649,2012-11-26,32.53
650,2012-11-27,32.52
651,2012-11-28,32.68
652,2012-11-29,31.92
653,2012-11-30,32.55
654,2012-12-03,33.37
655,2012-12-04,34.43
656,2012-12-05,40.21
657,2012-12-06,40.22
658,2012-12-07,41.59
659,2012-12-10,41.68
660,2012-12-11,38.77
661,2012-12-12,38.97
662,2012-12-13,39.79
663,2012-12-14,43.63
664,2012-12-17,42.88
665,2012-12-18,40.08
666,2012-12-19,40.27
667,2012-12-20,39.58
668,2012-12-21,39.47
669,2012-12-24,37.42
670,2012-12-25,
671,2012-12-26,39.6
672,2012-12-27,39.73
673,2012-12-28,41.73
674,2012-12-31,41.01
675,2013-01-01,
676,2013-01-02,38.1
677,2013-01-03,37.07
678,2013-01-04,38.34
679,2013-01-07,39.6
680,2013-01-08,38.53
681,2013-01-09,39.49
682,2013-01-10,40.46
683,2013-01-11,40.59
684,2013-01-14,43.49
685,2013-01-15,44.97
686,2013-01-16,44.27
687,2013-01-17,43.08
688,2013-01-18,42.75
689,2013-01-21,
690,2013-01-22,42.92
691,2013-01-23,43.84
692,2013-01-24,32.71
693,2013-01-25,32.83
694,2013-01-28,30.93
695,2013-01-29,28.72
696,2013-01-30,28.2
697,2013-01-31,26.87
698,2013-02-01,27.32
699,2013-02-04,29.64
700,2013-02-05,28.11
701,2013-02-06,29.66
702,2013-02-07,29.65
703,2013-02-08,28.64
704,2013-02-11,30.79
705,2013-02-12,31.3
706,2013-02-13,30.51
707,2013-02-14,29.64
708,2013-02-15,28.07
709,2013-02-18,
710,2013-02-19,29.35
711,2013-02-20,30.8
712,2013-02-21,30.75
713,2013-02-22,29.66
714,2013-02-25,32.11
715,2013-02-26,31.9
716,2013-02-27,30.48
717,2013-02-28,30.05
718,2013-03-01,32.04
719,2013-03-04,34.86
720,2013-03-05,31.95
721,2013-03-06,32.55
722,2013-03-07,32.51
723,2013-03-08,30.53
724,2013-03-11,28.63
725,2013-03-12,29.92
726,2013-03-13,29.53
727,2013-03-14,28.65
728,2013-03-15,28.08
729,2013-03-18,29.49
730,2013-03-19,29.55
731,2013-03-20,29.74
732,2013-03-21,29.0
733,2013-03-22,28.92
734,2013-03-25,29.21
735,2013-03-26,27.95
736,2013-03-27,29.55
737,2013-03-28,31.08
738,2013-03-29,
739,2013-04-01,35.75
740,2013-04-02,35.09
741,2013-04-03,35.54
742,2013-04-04,36.16
743,2013-04-05,37.71
744,2013-04-08,38.28
745,2013-04-09,36.93
746,2013-04-10,36.42
747,2013-04-11,36.03
748,2013-04-12,36.1
749,2013-04-15,41.0
750,2013-04-16,38.39
751,2013-04-17,45.56
752,2013-04-18,45.22
753,2013-04-19,43.5
754,2013-04-22,42.71
755,2013-04-23,43.28
756,2013-04-24,30.33
757,2013-04-25,28.63
758,2013-04-26,26.57
759,2013-04-29,28.58
760,2013-04-30,28.69
761,2013-05-01,29.22
762,2013-05-02,27.38
763,2013-05-03,26.11
764,2013-05-06,27.52
765,2013-05-07,27.46
766,2013-05-08,26.69
767,2013-05-09,26.72
768,2013-05-10,26.28
769,2013-05-13,26.58
770,2013-05-14,26.82
771,2013-05-15,30.22
772,2013-05-16,29.7
773,2013-05-17,28.9
774,2013-05-20,28.35
775,2013-05-21,28.8
776,2013-05-22,28.47
777,2013-05-23,28.39
778,2013-05-24,27.31
779,2013-05-27,
780,2013-05-28,27.86
781,2013-05-29,27.72
782,2013-05-30,27.54
783,2013-05-31,27.23
784,2013-06-03,28.34
785,2013-06-04,27.96
786,2013-06-05,28.53
787,2013-06-06,29.48
788,2013-06-07,29.06
789,2013-06-10,27.94
790,2013-06-11,27.13
791,2013-06-12,27.23
792,2013-06-13,26.13
793,2013-06-14,26.42
794,2013-06-17,25.16
795,2013-06-18,24.4
796,2013-06-19,24.4
797,2013-06-20,27.83
798,2013-06-21,28.23
799,2013-06-24,30.64
800,2013-06-25,29.63
801,2013-06-26,29.94
802,2013-06-27,30.67
803,2013-06-28,30.18
804,2013-07-01,30.29
805,2013-07-02,29.23
806,2013-07-03,29.06
807,2013-07-04,
808,2013-07-05,29.75
809,2013-07-08,30.32
810,2013-07-09,31.01
811,2013-07-10,30.59
812,2013-07-11,29.67
813,2013-07-12,29.57
814,2013-07-15,30.92
815,2013-07-16,30.15
816,2013-07-17,29.27
817,2013-07-18,28.74
818,2013-07-19,30.2
819,2013-07-22,29.88
820,2013-07-23,30.23
821,2013-07-24,23.46
822,2013-07-25,23.92
823,2013-07-26,22.92
824,2013-07-29,23.6
825,2013-07-30,23.26
826,2013-07-31,23.07
827,2013-08-01,23.03
828,2013-08-02,23.09
829,2013-08-05,24.28
830,2013-08-06,23.6
831,2013-08-07,23.73
832,2013-08-08,22.88
833,2013-08-09,22.51
834,2013-08-12,24.41
835,2013-08-13,27.62
836,2013-08-14,28.86
837,2013-08-15,29.08
838,2013-08-16,29.71
839,2013-08-19,30.97
840,2013-08-20,30.54
841,2013-08-21,29.98
842,2013-08-22,29.31
843,2013-08-23,28.67
844,2013-08-26,29.1
845,2013-08-27,31.63
846,2013-08-28,30.86
847,2013-08-29,30.2
848,2013-08-30,31.05
849,2013-09-02,
850,2013-09-03,31.34
851,2013-09-04,30.62
852,2013-09-05,30.82
853,2013-09-06,31.26
854,2013-09-09,30.76
855,2013-09-10,29.87
856,2013-09-11,29.49
857,2013-09-12,27.72
858,2013-09-13,27.36
859,2013-09-16,28.53
860,2013-09-17,27.82
861,2013-09-18,27.86
862,2013-09-19,28.13
863,2013-09-20,29.56
864,2013-09-23,29.95
865,2013-09-24,29.48
866,2013-09-25,30.16
867,2013-09-26,29.68
868,2013-09-27,30.62
869,2013-09-30,32.37
870,2013-10-01,31.08
871,2013-10-02,30.6
872,2013-10-03,31.04
873,2013-10-04,30.57
874,2013-10-07,31.92
875,2013-10-08,34.01
876,2013-10-09,34.14
877,2013-10-10,32.95
878,2013-10-11,31.93
879,2013-10-14,32.26
880,2013-10-15,31.61
881,2013-10-16,31.06
882,2013-10-17,30.3
883,2013-10-18,32.19
884,2013-10-21,34.22
885,2013-10-22,35.08
886,2013-10-23,34.67
887,2013-10-24,34.51
888,2013-10-25,36.68
889,2013-10-28,34.57
890,2013-10-29,27.38
891,2013-10-30,26.49
892,2013-10-31,25.78
893,2013-11-01,25.96
894,2013-11-04,25.02
895,2013-11-05,25.01
896,2013-11-06,24.16
897,2013-11-07,24.16
898,2013-11-08,22.78
899,2013-11-11,21.64
900,2013-11-12,22.08
901,2013-11-13,21.75
902,2013-11-14,21.53
903,2013-11-15,22.02
904,2013-11-18,22.65
905,2013-11-19,21.77
906,2013-11-20,21.68
907,2013-11-21,21.79
908,2013-11-22,22.06
909,2013-11-25,21.77
910,2013-11-26,22.05
911,2013-11-27,22.42
912,2013-11-28,
913,2013-11-29,25.72
914,2013-12-02,25.95
915,2013-12-03,27.12
916,2013-12-04,27.3
917,2013-12-05,28.2
918,2013-12-06,28.03
919,2013-12-09,26.5
920,2013-12-10,25.61
921,2013-12-11,27.46
922,2013-12-12,27.23
923,2013-12-13,27.89
924,2013-12-16,27.22
925,2013-12-17,27.78
926,2013-12-18,28.8
927,2013-12-19,29.32
928,2013-12-20,28.87
929,2013-12-23,27.87
930,2013-12-24,27.82
931,2013-12-25,
932,2013-12-26,28.04
933,2013-12-27,28.52
934,2013-12-30,29.69
935,2013-12-31,28.65
936,2014-01-01,
937,2014-01-02,30.35
938,2014-01-03,32.28
939,2014-01-06,31.49
940,2014-01-07,30.87
941,2014-01-08,30.38
942,2014-01-09,30.6
943,2014-01-10,30.46
944,2014-01-13,32.6
945,2014-01-14,30.8
946,2014-01-15,31.03
947,2014-01-16,31.68
948,2014-01-17,34.17
949,2014-01-20,
950,2014-01-21,32.17
951,2014-01-22,31.75
952,2014-01-23,31.61
953,2014-01-24,33.66
954,2014-01-27,32.19
955,2014-01-28,25.23
956,2014-01-29,24.39
957,2014-01-30,25.18
958,2014-01-31,23.91
959,2014-02-03,25.76
960,2014-02-04,23.76
961,2014-02-05,23.47
962,2014-02-06,22.55
963,2014-02-07,22.63
964,2014-02-10,22.27
965,2014-02-11,22.31
966,2014-02-12,22.42
967,2014-02-13,21.64
968,2014-02-14,21.45
969,2014-02-17,
970,2014-02-18,21.37
971,2014-02-19,22.02
972,2014-02-20,21.58
973,2014-02-21,22.28
974,2014-02-24,21.31
975,2014-02-25,21.39
976,2014-02-26,22.34
977,2014-02-27,21.51
978,2014-02-28,21.08
979,2014-03-03,21.78
980,2014-03-04,20.13
981,2014-03-05,19.94
982,2014-03-06,20.01
983,2014-03-07,19.29
984,2014-03-10,19.09
985,2014-03-11,19.62
986,2014-03-12,19.67
987,2014-03-13,20.66
988,2014-03-14,21.27
989,2014-03-17,19.65
990,2014-03-18,18.61
991,2014-03-19,19.14
992,2014-03-20,19.63
993,2014-03-21,20.3
994,2014-03-24,20.82
995,2014-03-25,20.21
996,2014-03-26,20.72
997,2014-03-27,21.52
998,2014-03-28,22.99
999,2014-03-31,23.36
1000,2014-04-01,22.44
1001,2014-04-02,22.46
1002,2014-04-03,22.96
1003,2014-04-04,24.82
1004,2014-04-07,27.07
1005,2014-04-08,26.68
1006,2014-04-09,25.79
1007,2014-04-10,26.59
1008,2014-04-11,28.13
1009,2014-04-14,27.8
1010,2014-04-15,27.26
1011,2014-04-16,26.24
1012,2014-04-17,24.86
1013,2014-04-18,
1014,2014-04-21,24.79
1015,2014-04-22,24.17
1016,2014-04-23,25.89
1017,2014-04-24,20.0
1018,2014-04-25,20.22
1019,2014-04-28,22.97
1020,2014-04-29,21.65
1021,2014-04-30,21.45
1022,2014-05-01,20.86
1023,2014-05-02,20.48
1024,2014-05-05,21.76
1025,2014-05-06,20.85
1026,2014-05-07,20.84
1027,2014-05-08,19.49
1028,2014-05-09,19.52
1029,2014-05-12,19.27
1030,2014-05-13,17.96
1031,2014-05-14,18.84
1032,2014-05-15,18.83
1033,2014-05-16,19.63
1034,2014-05-19,20.18
1035,2014-05-20,20.08
1036,2014-05-21,19.37
1037,2014-05-22,19.93
1038,2014-05-23,19.96
1039,2014-05-26,
1040,2014-05-27,21.63
1041,2014-05-28,22.21
1042,2014-05-29,23.36
1043,2014-05-30,24.65
1044,2014-06-02,22.42
1045,2014-06-03,21.79
1046,2014-06-04,23.88
1047,2014-06-05,24.49
1048,2014-06-06,24.35
1049,2014-06-09,21.89
1050,2014-06-10,21.86
1051,2014-06-11,21.4
1052,2014-06-12,21.52
1053,2014-06-13,21.91
1054,2014-06-16,21.17
1055,2014-06-17,21.53
1056,2014-06-18,20.62
1057,2014-06-19,20.93
1058,2014-06-20,21.34
1059,2014-06-23,21.53
1060,2014-06-24,21.87
1061,2014-06-25,22.74
1062,2014-06-26,22.52
1063,2014-06-27,22.73
1064,2014-06-30,25.38
1065,2014-07-01,24.27
1066,2014-07-02,24.37
1067,2014-07-03,24.89
1068,2014-07-04,
1069,2014-07-07,26.07
1070,2014-07-08,27.0
1071,2014-07-09,26.55
1072,2014-07-10,26.96
1073,2014-07-11,27.44
1074,2014-07-14,28.26
1075,2014-07-15,28.62
1076,2014-07-16,28.9
1077,2014-07-17,31.3
1078,2014-07-18,28.84
1079,2014-07-21,29.08
1080,2014-07-22,28.34
1081,2014-07-23,21.99
1082,2014-07-24,21.44
1083,2014-07-25,22.13
1084,2014-07-28,22.94
1085,2014-07-29,23.06
1086,2014-07-30,22.54
1087,2014-07-31,26.31
1088,2014-08-01,27.63
1089,2014-08-04,26.25
1090,2014-08-05,27.96
1091,2014-08-06,28.13
1092,2014-08-07,28.55
1093,2014-08-08,28.16
1094,2014-08-11,27.67
1095,2014-08-12,26.66
1096,2014-08-13,25.8
1097,2014-08-14,24.87
1098,2014-08-15,26.07
1099,2014-08-18,25.25
1100,2014-08-19,25.1
1101,2014-08-20,24.66
1102,2014-08-21,24.35
1103,2014-08-22,24.35
1104,2014-08-25,25.09
1105,2014-08-26,24.6
1106,2014-08-27,25.56
1107,2014-08-28,26.01
1108,2014-08-29,26.2
1109,2014-09-01,
1110,2014-09-02,25.95
1111,2014-09-03,31.71
1112,2014-09-04,30.79
1113,2014-09-05,30.44
1114,2014-09-08,30.3
1115,2014-09-09,27.25
1116,2014-09-10,25.15
1117,2014-09-11,25.31
1118,2014-09-12,25.58
1119,2014-09-15,24.71
1120,2014-09-16,24.65
1121,2014-09-17,23.65
1122,2014-09-18,23.15
1123,2014-09-19,24.55
1124,2014-09-22,24.14
1125,2014-09-23,23.61
1126,2014-09-24,23.53
1127,2014-09-25,28.08
1128,2014-09-26,24.82
1129,2014-09-29,26.81
1130,2014-09-30,25.57
1131,2014-10-01,28.24
1132,2014-10-02,26.99
1133,2014-10-03,26.99
1134,2014-10-06,27.25
1135,2014-10-07,28.53
1136,2014-10-08,27.23
1137,2014-10-09,28.21
1138,2014-10-10,29.69
1139,2014-10-13,33.77
1140,2014-10-14,32.85
1141,2014-10-15,36.97
1142,2014-10-16,34.2
1143,2014-10-17,31.7
1144,2014-10-20,29.67
1145,2014-10-21,22.45
1146,2014-10-22,22.7
1147,2014-10-23,21.65
1148,2014-10-24,21.74
1149,2014-10-27,22.22
1150,2014-10-28,21.48
1151,2014-10-29,21.6
1152,2014-10-30,21.74
1153,2014-10-31,21.2
1154,2014-11-03,22.15
1155,2014-11-04,22.34
1156,2014-11-05,22.21
1157,2014-11-06,22.53
1158,2014-11-07,22.31
1159,2014-11-10,22.35
1160,2014-11-11,22.13
1161,2014-11-12,21.65
1162,2014-11-13,22.29
1163,2014-11-14,22.82
1164,2014-11-17,25.1
1165,2014-11-18,25.15
1166,2014-11-19,25.19
1167,2014-11-20,25.41
1168,2014-11-21,25.35
1169,2014-11-24,24.42
1170,2014-11-25,24.41
1171,2014-11-26,24.48
1172,2014-11-27,
1173,2014-11-28,25.78
1174,2014-12-01,28.88
1175,2014-12-02,27.67
1176,2014-12-03,26.09
1177,2014-12-04,26.22
1178,2014-12-05,24.75
1179,2014-12-08,27.44
1180,2014-12-09,26.82
1181,2014-12-10,30.39
1182,2014-12-11,29.78
1183,2014-12-12,32.46
1184,2014-12-15,32.48
1185,2014-12-16,35.63
1186,2014-12-17,30.4
1187,2014-12-18,28.29
1188,2014-12-19,28.43
1189,2014-12-22,28.3
1190,2014-12-23,27.61
1191,2014-12-24,27.76
1192,2014-12-25,
1193,2014-12-26,28.87
1194,2014-12-29,29.78
1195,2014-12-30,30.08
1196,2014-12-31,31.87
1197,2015-01-01,
1198,2015-01-02,34.1
1199,2015-01-05,37.81
1200,2015-01-06,38.25
1201,2015-01-07,36.84
1202,2015-01-08,35.05
1203,2015-01-09,35.73
1204,2015-01-12,40.75
1205,2015-01-13,39.98
1206,2015-01-14,41.53
1207,2015-01-15,44.44
1208,2015-01-16,41.81
1209,2015-01-19,
1210,2015-01-20,38.01
1211,2015-01-21,38.07
1212,2015-01-22,35.67
1213,2015-01-23,35.91
1214,2015-01-26,39.98
1215,2015-01-27,42.25
1216,2015-01-28,30.83
1217,2015-01-29,29.26
1218,2015-01-30,31.57
1219,2015-02-02,29.13
1220,2015-02-03,27.59
1221,2015-02-04,28.41
1222,2015-02-05,27.36
1223,2015-02-06,28.73
1224,2015-02-09,27.58
1225,2015-02-10,25.91
1226,2015-02-11,26.16
1227,2015-02-12,26.05
1228,2015-02-13,25.87
1229,2015-02-16,
1230,2015-02-17,26.78
1231,2015-02-18,25.21
1232,2015-02-19,25.11
1233,2015-02-20,25.14
1234,2015-02-23,26.76
1235,2015-02-24,26.27
1236,2015-02-25,28.04
1237,2015-02-26,28.7
1238,2015-02-27,29.32
1239,2015-03-02,28.3
1240,2015-03-03,27.86
1241,2015-03-04,28.0
1242,2015-03-05,28.77
1243,2015-03-06,29.8
1244,2015-03-09,27.02
1245,2015-03-10,28.1
1246,2015-03-11,28.79
1247,2015-03-12,27.08
1248,2015-03-13,27.7
1249,2015-03-16,25.72
1250,2015-03-17,26.11
1251,2015-03-18,24.67
1252,2015-03-19,25.26
1253,2015-03-20,24.94
1254,2015-03-23,26.38
1255,2015-03-24,26.63
1256,2015-03-25,30.43
1257,2015-03-26,30.46
1258,2015-03-27,32.17
1259,2015-03-30,29.95
1260,2015-03-31,31.23
1261,2015-04-01,31.95
1262,2015-04-02,30.88
1263,2015-04-03,
1264,2015-04-06,31.59
1265,2015-04-07,32.59
1266,2015-04-08,33.42
1267,2015-04-09,33.54
1268,2015-04-10,33.75
1269,2015-04-13,35.82
1270,2015-04-14,35.58
1271,2015-04-15,34.91
1272,2015-04-16,34.34
1273,2015-04-17,36.65
1274,2015-04-20,32.47
1275,2015-04-21,33.06
1276,2015-04-22,32.35
1277,2015-04-23,32.17
1278,2015-04-24,34.27
1279,2015-04-27,34.34
1280,2015-04-28,27.63
1281,2015-04-29,27.74
1282,2015-04-30,30.32
1283,2015-05-01,28.06
1284,2015-05-04,25.87
1285,2015-05-05,27.44
1286,2015-05-06,29.43
1287,2015-05-07,27.16
1288,2015-05-08,24.8
1289,2015-05-11,25.18
1290,2015-05-12,25.24
1291,2015-05-13,24.77
1292,2015-05-14,23.96
1293,2015-05-15,23.2
1294,2015-05-18,21.24
1295,2015-05-19,21.0
1296,2015-05-20,20.48
1297,2015-05-21,19.76
1298,2015-05-22,19.52
1299,2015-05-25,
1300,2015-05-26,22.76
1301,2015-05-27,21.31
1302,2015-05-28,21.0
1303,2015-05-29,21.22
1304,2015-06-01,21.03
1305,2015-06-02,21.1
1306,2015-06-03,21.07
1307,2015-06-04,22.24
1308,2015-06-05,22.18
1309,2015-06-08,22.89
1310,2015-06-09,22.7
1311,2015-06-10,20.95
1312,2015-06-11,21.19
1313,2015-06-12,21.48
1314,2015-06-15,21.5
1315,2015-06-16,21.32
1316,2015-06-17,21.38
1317,2015-06-18,20.84
1318,2015-06-19,21.27
1319,2015-06-22,20.17
1320,2015-06-23,20.45
1321,2015-06-24,21.3
1322,2015-06-25,21.62
1323,2015-06-26,22.59
1324,2015-06-29,26.77
1325,2015-06-30,24.93
1326,2015-07-01,23.57
1327,2015-07-02,23.72
1328,2015-07-03,
1329,2015-07-06,24.75
1330,2015-07-07,25.66
1331,2015-07-08,30.07
1332,2015-07-09,33.53
1333,2015-07-10,29.63
1334,2015-07-13,28.36
1335,2015-07-14,27.54
1336,2015-07-15,27.4
1337,2015-07-16,26.46
1338,2015-07-17,29.67
1339,2015-07-20,30.18
1340,2015-07-21,29.26
1341,2015-07-22,22.27
1342,2015-07-23,23.01
1343,2015-07-24,23.53
1344,2015-07-27,25.61
1345,2015-07-28,22.75
1346,2015-07-29,22.45
1347,2015-07-30,24.07
1348,2015-07-31,27.74
1349,2015-08-03,31.06
1350,2015-08-04,34.32
1351,2015-08-05,31.71
1352,2015-08-06,31.3
1353,2015-08-07,31.17
1354,2015-08-10,28.37
1355,2015-08-11,35.87
1356,2015-08-12,34.35
1357,2015-08-13,31.3
1358,2015-08-14,30.15
1359,2015-08-17,29.74
1360,2015-08-18,29.24
1361,2015-08-19,29.74
1362,2015-08-20,34.47
1363,2015-08-21,52.7
1364,2015-08-24,62.6
1365,2015-08-25,59.63
1366,2015-08-26,44.5
1367,2015-08-27,39.69
1368,2015-08-28,39.49
1369,2015-08-31,40.39
1370,2015-09-01,50.49
1371,2015-09-02,41.62
1372,2015-09-03,42.87
1373,2015-09-04,45.31
1374,2015-09-07,
1375,2015-09-08,42.19
1376,2015-09-09,42.52
1377,2015-09-10,38.58
1378,2015-09-11,36.77
1379,2015-09-14,36.78
1380,2015-09-15,34.25
1381,2015-09-16,33.12
1382,2015-09-17,34.55
1383,2015-09-18,35.28
1384,2015-09-21,32.29
1385,2015-09-22,35.79
1386,2015-09-23,34.18
1387,2015-09-24,35.87
1388,2015-09-25,35.96
1389,2015-09-28,43.63
1390,2015-09-29,45.25
1391,2015-09-30,40.23
1392,2015-10-01,40.95
1393,2015-10-02,39.7
1394,2015-10-05,38.84
1395,2015-10-06,38.27
1396,2015-10-07,38.71
1397,2015-10-08,39.67
1398,2015-10-09,37.48
1399,2015-10-12,39.65
1400,2015-10-13,38.42
1401,2015-10-14,40.32
1402,2015-10-15,37.75
1403,2015-10-16,38.73
1404,2015-10-19,36.45
1405,2015-10-20,35.75
1406,2015-10-21,36.17
1407,2015-10-22,32.88
1408,2015-10-23,33.68
1409,2015-10-26,41.37
1410,2015-10-27,40.09
1411,2015-10-28,26.78
1412,2015-10-29,26.55
1413,2015-10-30,26.32
1414,2015-11-02,25.3
1415,2015-11-03,25.03
1416,2015-11-04,25.23
1417,2015-11-05,25.57
1418,2015-11-06,26.69
1419,2015-11-09,27.19
1420,2015-11-10,30.57
1421,2015-11-11,29.51
1422,2015-11-12,29.32
1423,2015-11-13,32.26
1424,2015-11-16,30.71
1425,2015-11-17,30.42
1426,2015-11-18,28.39
1427,2015-11-19,27.53
1428,2015-11-20,25.89
1429,2015-11-23,25.71
1430,2015-11-24,25.38
1431,2015-11-25,25.33
1432,2015-11-26,
1433,2015-11-27,25.1
1434,2015-11-30,24.69
1435,2015-12-01,25.05
1436,2015-12-02,25.42
1437,2015-12-03,27.46
1438,2015-12-04,23.36
1439,2015-12-07,24.94
1440,2015-12-08,25.25
1441,2015-12-09,28.54
1442,2015-12-10,27.06
1443,2015-12-11,33.38
1444,2015-12-14,32.16
1445,2015-12-15,33.11
1446,2015-12-16,29.18
1447,2015-12-17,30.53
1448,2015-12-18,34.17
1449,2015-12-21,30.27
1450,2015-12-22,28.88
1451,2015-12-23,27.04
1452,2015-12-24,27.74
1453,2015-12-25,
1454,2015-12-28,29.7
1455,2015-12-29,28.22
1456,2015-12-30,29.17
1457,2015-12-31,31.82
1458,2016-01-01,
1459,2016-01-04,34.42
1460,2016-01-05,36.38
1461,2016-01-06,37.84
1462,2016-01-07,42.36
1463,2016-01-08,40.24
1464,2016-01-11,40.77
1465,2016-01-12,38.11
1466,2016-01-13,41.21
1467,2016-01-14,38.27
1468,2016-01-15,43.01
1469,2016-01-18,
1470,2016-01-19,40.11
1471,2016-01-20,43.43
1472,2016-01-21,39.63
1473,2016-01-22,37.96
1474,2016-01-25,41.44
1475,2016-01-26,40.36
1476,2016-01-27,32.72
1477,2016-01-28,31.45
1478,2016-01-29,27.4
1479,2016-02-01,28.78
1480,2016-02-02,30.42
1481,2016-02-03,29.12
1482,2016-02-04,29.29
1483,2016-02-05,32.49
1484,2016-02-08,33.13
1485,2016-02-09,34.18
1486,2016-02-10,34.04
1487,2016-02-11,34.99
1488,2016-02-12,32.76
1489,2016-02-15,
1490,2016-02-16,31.01
1491,2016-02-17,30.03
1492,2016-02-18,30.58
1493,2016-02-19,29.13
1494,2016-02-22,26.11
1495,2016-02-23,28.73
1496,2016-02-24,27.26
1497,2016-02-25,26.63
1498,2016-02-26,26.65
1499,2016-02-29,27.23
1500,2016-03-01,25.03
1501,2016-03-02,24.36
1502,2016-03-03,24.6
1503,2016-03-04,23.6
1504,2016-03-07,25.72
1505,2016-03-08,25.22
1506,2016-03-09,24.67
1507,2016-03-10,25.48
1508,2016-03-11,23.88
1509,2016-03-14,23.09
1510,2016-03-15,23.04
1511,2016-03-16,24.1
1512,2016-03-17,24.44
1513,2016-03-18,23.49
1514,2016-03-21,22.99
1515,2016-03-22,23.4
1516,2016-03-23,23.72
1517,2016-03-24,24.24
1518,2016-03-25,
1519,2016-03-28,25.3
1520,2016-03-29,25.4
1521,2016-03-30,26.17
1522,2016-03-31,26.71
1523,2016-04-01,26.02
1524,2016-04-04,28.49
1525,2016-04-05,29.62
1526,2016-04-06,29.52
1527,2016-04-07,32.03
1528,2016-04-08,30.78
1529,2016-04-11,32.83
1530,2016-04-12,31.44
1531,2016-04-13,31.67
1532,2016-04-14,30.75
1533,2016-04-15,32.16
1534,2016-04-18,31.57
1535,2016-04-19,30.87
1536,2016-04-20,28.6
1537,2016-04-21,29.64
1538,2016-04-22,28.71
1539,2016-04-25,28.96
1540,2016-04-26,30.53
1541,2016-04-27,24.25
1542,2016-04-28,26.59
1543,2016-04-29,27.7
1544,2016-05-02,26.74
1545,2016-05-03,25.16
1546,2016-05-04,25.46
1547,2016-05-05,26.17
1548,2016-05-06,25.87
1549,2016-05-09,25.4
1550,2016-05-10,24.29
1551,2016-05-11,24.49
1552,2016-05-12,25.97
1553,2016-05-13,25.87
1554,2016-05-16,23.97
1555,2016-05-17,23.81
1556,2016-05-18,23.6
1557,2016-05-19,23.57
1558,2016-05-20,23.0
1559,2016-05-23,22.68
1560,2016-05-24,21.94
1561,2016-05-25,22.09
1562,2016-05-26,22.18
1563,2016-05-27,22.04
1564,2016-05-30,
1565,2016-05-31,22.09
1566,2016-06-01,22.29
1567,2016-06-02,22.39
1568,2016-06-03,21.43
1569,2016-06-06,21.7
1570,2016-06-07,21.43
1571,2016-06-08,20.9
1572,2016-06-09,21.02
1573,2016-06-10,23.13
1574,2016-06-13,24.37
1575,2016-06-14,24.77
1576,2016-06-15,24.22
1577,2016-06-16,24.17
1578,2016-06-17,25.66
1579,2016-06-20,24.89
1580,2016-06-21,24.09
1581,2016-06-22,25.23
1582,2016-06-23,23.47
1583,2016-06-24,26.83
1584,2016-06-27,28.15
1585,2016-06-28,25.02
1586,2016-06-29,24.55
1587,2016-06-30,23.16
1588,2016-07-01,22.8
1589,2016-07-04,
1590,2016-07-05,24.74
1591,2016-07-06,24.72
1592,2016-07-07,24.51
1593,2016-07-08,23.79
1594,2016-07-11,24.93
1595,2016-07-12,24.09
1596,2016-07-13,24.42
1597,2016-07-14,24.47
1598,2016-07-15,23.68
1599,2016-07-18,23.17
1600,2016-07-19,23.77
1601,2016-07-20,24.47
1602,2016-07-21,24.65
1603,2016-07-22,23.83
1604,2016-07-25,25.37
1605,2016-07-26,26.15
1606,2016-07-27,19.19
1607,2016-07-28,19.39
1608,2016-07-29,18.78
1609,2016-08-01,20.3
1610,2016-08-02,20.48
1611,2016-08-03,20.4
1612,2016-08-04,19.97
1613,2016-08-05,21.22
1614,2016-08-08,21.63
1615,2016-08-09,20.69
1616,2016-08-10,20.57
1617,2016-08-11,20.57
1618,2016-08-12,20.23
1619,2016-08-15,20.76
1620,2016-08-16,20.9
1621,2016-08-17,20.65
1622,2016-08-18,20.31
1623,2016-08-19,19.93
1624,2016-08-22,19.9
1625,2016-08-23,19.79
1626,2016-08-24,20.69
1627,2016-08-25,21.25
1628,2016-08-26,21.39
1629,2016-08-29,21.92
1630,2016-08-30,21.75
1631,2016-08-31,22.45
1632,2016-09-01,22.31
1633,2016-09-02,21.02
1634,2016-09-05,
1635,2016-09-06,22.03
1636,2016-09-07,21.16
1637,2016-09-08,22.08
1638,2016-09-09,23.18
1639,2016-09-12,19.73
1640,2016-09-13,20.89
1641,2016-09-14,22.48
1642,2016-09-15,23.26
1643,2016-09-16,22.12
1644,2016-09-19,21.78
1645,2016-09-20,21.55
1646,2016-09-21,21.02
1647,2016-09-22,20.52
1648,2016-09-23,22.29
1649,2016-09-26,23.88
1650,2016-09-27,23.03
1651,2016-09-28,22.96
1652,2016-09-29,24.99
1653,2016-09-30,23.97
1654,2016-10-03,25.31
1655,2016-10-04,25.81
1656,2016-10-05,25.95
1657,2016-10-06,25.74
1658,2016-10-07,25.78
1659,2016-10-10,26.45
1660,2016-10-11,27.62
1661,2016-10-12,27.02
1662,2016-10-13,27.81
1663,2016-10-14,26.8
1664,2016-10-17,27.95
1665,2016-10-18,27.88
1666,2016-10-19,27.49
1667,2016-10-20,26.93
1668,2016-10-21,27.54
1669,2016-10-24,27.12
1670,2016-10-25,26.33
1671,2016-10-26,20.4
1672,2016-10-27,21.05
1673,2016-10-28,21.27
1674,2016-10-31,21.09
1675,2016-11-01,23.61
1676,2016-11-02,23.85
1677,2016-11-03,25.47
1678,2016-11-04,26.94
1679,2016-11-07,24.49
1680,2016-11-08,24.37
1681,2016-11-09,23.12
1682,2016-11-10,25.73
1683,2016-11-11,24.62
1684,2016-11-14,27.81
1685,2016-11-15,25.07
1686,2016-11-16,23.74
1687,2016-11-17,23.58
1688,2016-11-18,22.79
1689,2016-11-21,20.06
1690,2016-11-22,19.67
1691,2016-11-23,19.65
1692,2016-11-24,
1693,2016-11-25,19.84
1694,2016-11-28,20.93
1695,2016-11-29,20.51
1696,2016-11-30,20.72
1697,2016-12-01,21.98
1698,2016-12-02,20.51
1699,2016-12-05,20.26
1700,2016-12-06,19.51
1701,2016-12-07,19.2
1702,2016-12-08,19.43
1703,2016-12-09,20.09
1704,2016-12-12,16.64
1705,2016-12-13,17.52
1706,2016-12-14,18.93
1707,2016-12-15,18.31
1708,2016-12-16,18.23
1709,2016-12-19,17.8
1710,2016-12-20,17.58
1711,2016-12-21,17.59
1712,2016-12-22,18.63
1713,2016-12-23,17.95
1714,2016-12-26,
1715,2016-12-27,20.43
1716,2016-12-28,21.75
1717,2016-12-29,21.97
1718,2016-12-30,22.5
1719,2017-01-02,
1720,2017-01-03,23.1
1721,2017-01-04,22.06
1722,2017-01-05,22.18
1723,2017-01-06,22.17
1724,2017-01-09,23.61
1725,2017-01-10,23.73
1726,2017-01-11,23.91
1727,2017-01-12,23.96
1728,2017-01-13,23.85
1729,2017-01-16,
1730,2017-01-17,24.8
1731,2017-01-18,24.1
1732,2017-01-19,24.54
1733,2017-01-20,23.32
1734,2017-01-23,22.48
1735,2017-01-24,22.29
1736,2017-01-25,21.67
1737,2017-01-26,21.8
1738,2017-01-27,21.42
1739,2017-01-30,22.81
1740,2017-01-31,22.97
1741,2017-02-01,18.67
1742,2017-02-02,17.35
1743,2017-02-03,16.94
1744,2017-02-06,17.54
1745,2017-02-07,17.24
1746,2017-02-08,17.34
1747,2017-02-09,17.01
1748,2017-02-10,17.12
1749,2017-02-13,17.57
1750,2017-02-14,18.37
1751,2017-02-15,19.06
1752,2017-02-16,19.15
1753,2017-02-17,18.22
1754,2017-02-20,
1755,2017-02-21,17.67
1756,2017-02-22,17.42
1757,2017-02-23,17.34
1758,2017-02-24,17.2
1759,2017-02-27,17.36
1760,2017-02-28,17.75
1761,2017-03-01,17.55
1762,2017-03-02,17.5
1763,2017-03-03,17.0
1764,2017-03-06,17.41
1765,2017-03-07,17.68
1766,2017-03-08,17.69
1767,2017-03-09,17.44
1768,2017-03-10,16.75
1769,2017-03-13,12.52
1770,2017-03-14,13.18
1771,2017-03-15,13.05
1772,2017-03-16,13.29
1773,2017-03-17,13.7
1774,2017-03-20,13.36
1775,2017-03-21,16.54
1776,2017-03-22,16.71
1777,2017-03-23,16.73
1778,2017-03-24,17.06
1779,2017-03-27,18.65
1780,2017-03-28,19.19
1781,2017-03-29,19.88
1782,2017-03-30,19.86
1783,2017-03-31,19.52
1784,2017-04-03,20.55
1785,2017-04-04,20.57
1786,2017-04-05,20.94
1787,2017-04-06,20.93
1788,2017-04-07,21.12
1789,2017-04-10,21.72
1790,2017-04-11,22.48
1791,2017-04-12,22.48
1792,2017-04-13,22.36
1793,2017-04-14,
1794,2017-04-17,22.97
1795,2017-04-18,22.66
1796,2017-04-19,22.5
1797,2017-04-20,22.11
1798,2017-04-21,22.74
1799,2017-04-24,20.97
1800,2017-04-25,21.05
1801,2017-04-26,22.43
1802,2017-04-27,22.15
1803,2017-04-28,21.57
1804,2017-05-01,22.1
1805,2017-05-02,22.4
1806,2017-05-03,16.81
1807,2017-05-04,15.79
1808,2017-05-05,16.27
1809,2017-05-08,17.8
1810,2017-05-09,18.4
1811,2017-05-10,18.62
1812,2017-05-11,18.7
1813,2017-05-12,19.42
1814,2017-05-15,20.1
1815,2017-05-16,19.84
1816,2017-05-17,24.14
1817,2017-05-18,23.25
1818,2017-05-19,20.93
1819,2017-05-22,19.06
1820,2017-05-23,19.38
1821,2017-05-24,18.62
1822,2017-05-25,18.5
1823,2017-05-26,17.4
1824,2017-05-29,
1825,2017-05-30,17.87
1826,2017-05-31,18.83
1827,2017-06-01,18.06
1828,2017-06-02,18.33
1829,2017-06-05,18.5
1830,2017-06-06,18.76
1831,2017-06-07,18.89
1832,2017-06-08,18.78
1833,2017-06-09,24.81
1834,2017-06-12,22.42
1835,2017-06-13,18.25
1836,2017-06-14,19.53
1837,2017-06-15,20.65
1838,2017-06-16,20.89
1839,2017-06-19,19.77
1840,2017-06-20,19.45
1841,2017-06-21,19.65
1842,2017-06-22,19.78
1843,2017-06-23,19.02
1844,2017-06-26,21.2
1845,2017-06-27,23.37
1846,2017-06-28,22.24
1847,2017-06-29,24.04
1848,2017-06-30,23.72
1849,2017-07-03,25.09
1850,2017-07-04,
1851,2017-07-05,24.79
1852,2017-07-06,25.77
1853,2017-07-07,24.23
1854,2017-07-10,24.85
1855,2017-07-11,24.37
1856,2017-07-12,24.36
1857,2017-07-13,24.27
1858,2017-07-14,24.03
1859,2017-07-17,26.05
1860,2017-07-18,26.19
1861,2017-07-19,25.44
1862,2017-07-20,25.35
1863,2017-07-21,25.32
1864,2017-07-24,26.2
1865,2017-07-25,25.75
1866,2017-07-26,25.41
1867,2017-07-27,27.79
1868,2017-07-28,27.42
1869,2017-07-31,26.96
1870,2017-08-01,27.41
1871,2017-08-02,22.93
1872,2017-08-03,22.42
1873,2017-08-04,21.38
1874,2017-08-07,21.54
1875,2017-08-08,22.47
1876,2017-08-09,22.56
1877,2017-08-10,27.62
1878,2017-08-11,26.15
1879,2017-08-14,23.41
1880,2017-08-15,23.07
1881,2017-08-16,22.59
1882,2017-08-17,26.57
1883,2017-08-18,26.1
1884,2017-08-21,25.28
1885,2017-08-22,25.04
1886,2017-08-23,24.74
1887,2017-08-24,25.49
1888,2017-08-25,24.27
1889,2017-08-28,24.65
1890,2017-08-29,25.0
1891,2017-08-30,25.08
1892,2017-08-31,24.25
1893,2017-09-01,24.98
1894,2017-09-04,
1895,2017-09-05,26.25
1896,2017-09-06,26.1
1897,2017-09-07,25.91
1898,2017-09-08,26.16
1899,2017-09-11,23.39
1900,2017-09-12,21.63
1901,2017-09-13,19.84
1902,2017-09-14,20.33
1903,2017-09-15,20.2
1904,2017-09-18,20.63
1905,2017-09-19,20.36
1906,2017-09-20,21.61
1907,2017-09-21,21.84
1908,2017-09-22,22.72
1909,2017-09-25,25.11
1910,2017-09-26,24.22
1911,2017-09-27,23.84
1912,2017-09-28,23.84
1913,2017-09-29,22.55
1914,2017-10-02,24.46
1915,2017-10-03,24.53
1916,2017-10-04,24.61
1917,2017-10-05,24.65
1918,2017-10-06,24.18
1919,2017-10-09,24.32
1920,2017-10-10,25.09
1921,2017-10-11,24.45
1922,2017-10-12,24.58
1923,2017-10-13,24.6
1924,2017-10-16,25.77
1925,2017-10-17,25.5
1926,2017-10-18,25.13
1927,2017-10-19,27.01
1928,2017-10-20,26.45
1929,2017-10-23,27.16
1930,2017-10-24,26.34
1931,2017-10-25,26.45
1932,2017-10-26,26.36
1933,2017-10-27,28.07
1934,2017-10-30,29.38
1935,2017-10-31,30.38
1936,2017-11-01,30.08
1937,2017-11-02,30.27
1938,2017-11-03,22.49
1939,2017-11-06,21.51
1940,2017-11-07,21.61
1941,2017-11-08,20.71
1942,2017-11-09,20.84
1943,2017-11-10,20.69
1944,2017-11-13,20.98
1945,2017-11-14,21.68
1946,2017-11-15,23.16
1947,2017-11-16,21.06
1948,2017-11-17,21.0
1949,2017-11-20,20.49
1950,2017-11-21,19.43
1951,2017-11-22,19.01
1952,2017-11-23,
1953,2017-11-24,19.02
1954,2017-11-27,19.64
1955,2017-11-28,20.44
1956,2017-11-29,23.23
1957,2017-11-30,21.35
1958,2017-12-01,22.23
1959,2017-12-04,25.14
1960,2017-12-05,22.89
1961,2017-12-06,22.75
1962,2017-12-07,22.0
1963,2017-12-08,21.75
1964,2017-12-11,15.91
1965,2017-12-12,17.71
1966,2017-12-13,17.3
1967,2017-12-14,17.38
1968,2017-12-15,18.08
1969,2017-12-18,19.07
1970,2017-12-19,20.16
1971,2017-12-20,19.89
1972,2017-12-21,19.03
1973,2017-12-22,19.23
1974,2017-12-25,
1975,2017-12-26,22.96
1976,2017-12-27,23.08
1977,2017-12-28,22.72
1978,2017-12-29,23.63
1979,2018-01-01,
1980,2018-01-02,24.25
1981,2018-01-03,24.47
1982,2018-01-04,23.88
1983,2018-01-05,24.46
1984,2018-01-08,25.15
1985,2018-01-09,25.23
1986,2018-01-10,25.52
1987,2018-01-11,24.7
1988,2018-01-12,25.64
1989,2018-01-15,
1990,2018-01-16,28.38
1991,2018-01-17,29.6
1992,2018-01-18,29.38
1993,2018-01-19,27.98
1994,2018-01-22,27.37
1995,2018-01-23,27.83
1996,2018-01-24,28.98
1997,2018-01-25,29.82
1998,2018-01-26,29.94
1999,2018-01-29,34.39
2000,2018-01-30,33.68
2001,2018-01-31,33.99
2002,2018-02-01,34.01
2003,2018-02-02,28.69
2004,2018-02-05,33.36
2005,2018-02-06,29.89
2006,2018-02-07,29.81
2007,2018-02-08,36.12
2008,2018-02-09,33.75
2009,2018-02-12,27.71
2010,2018-02-13,26.88
2011,2018-02-14,24.78
2012,2018-02-15,25.12
2013,2018-02-16,24.59
2014,2018-02-19,
2015,2018-02-20,24.49
2016,2018-02-21,23.59
2017,2018-02-22,23.01
2018,2018-02-23,21.06
2019,2018-02-26,21.39
2020,2018-02-27,23.14
2021,2018-02-28,24.55
2022,2018-03-01,26.81
2023,2018-03-02,24.89
2024,2018-03-05,23.79
2025,2018-03-06,23.59
2026,2018-03-07,23.68
2027,2018-03-08,22.33
2028,2018-03-09,20.28
2029,2018-03-12,18.43
2030,2018-03-13,20.03
2031,2018-03-14,20.9
2032,2018-03-15,19.42
2033,2018-03-16,19.03
2034,2018-03-19,22.59
2035,2018-03-20,22.22
2036,2018-03-21,24.34
2037,2018-03-22,27.68
2038,2018-03-23,31.56
2039,2018-03-26,27.43
2040,2018-03-27,31.61
2041,2018-03-28,33.07
2042,2018-03-29,30.36
2043,2018-03-30,
2044,2018-04-02,34.48
2045,2018-04-03,32.15
2046,2018-04-04,29.66
2047,2018-04-05,28.32
2048,2018-04-06,31.98
2049,2018-04-09,31.7
2050,2018-04-10,29.41
2051,2018-04-11,29.94
2052,2018-04-12,27.81
2053,2018-04-13,27.54
2054,2018-04-16,27.43
2055,2018-04-17,27.1
2056,2018-04-18,27.33
2057,2018-04-19,30.51
2058,2018-04-20,34.01
2059,2018-04-23,31.6
2060,2018-04-24,32.58
2061,2018-04-25,31.87
2062,2018-04-26,30.52
2063,2018-04-27,30.7
2064,2018-04-30,30.07
2065,2018-05-01,28.98
2066,2018-05-02,21.1
2067,2018-05-03,21.94
2068,2018-05-04,21.35
2069,2018-05-07,22.38
2070,2018-05-08,21.81
2071,2018-05-09,21.68
2072,2018-05-10,21.98
2073,2018-05-11,20.4
2074,2018-05-14,20.01
2075,2018-05-15,20.31
2076,2018-05-16,19.59
2077,2018-05-17,19.6
2078,2018-05-18,19.03
2079,2018-05-21,18.63
2080,2018-05-22,18.31
2081,2018-05-23,17.71
2082,2018-05-24,18.33
2083,2018-05-25,17.7
2084,2018-05-28,
2085,2018-05-29,19.55
2086,2018-05-30,19.41
2087,2018-05-31,19.63
2088,2018-06-01,18.57
2089,2018-06-04,18.9
2090,2018-06-05,18.64
2091,2018-06-06,18.12
2092,2018-06-07,18.63
2093,2018-06-08,19.11
2094,2018-06-11,16.68
2095,2018-06-12,16.25
2096,2018-06-13,16.91
2097,2018-06-14,16.99
2098,2018-06-15,18.09
2099,2018-06-18,18.45
2100,2018-06-19,20.29
2101,2018-06-20,20.11
2102,2018-06-21,21.57
2103,2018-06-22,20.84
2104,2018-06-25,24.34
2105,2018-06-26,23.5
2106,2018-06-27,25.48
2107,2018-06-28,24.31
2108,2018-06-29,24.13
2109,2018-07-02,24.49
2110,2018-07-03,26.39
2111,2018-07-04,
2112,2018-07-05,25.75
2113,2018-07-06,25.0
2114,2018-07-09,24.63
2115,2018-07-10,23.97
2116,2018-07-11,25.01
2117,2018-07-12,24.38
2118,2018-07-13,23.82
2119,2018-07-16,24.98
2120,2018-07-17,24.48
2121,2018-07-18,25.03
2122,2018-07-19,25.64
2123,2018-07-20,24.73
2124,2018-07-23,23.81
2125,2018-07-24,23.45
2126,2018-07-25,22.56
2127,2018-07-26,24.23
2128,2018-07-27,26.21
2129,2018-07-30,27.93
2130,2018-07-31,29.64
2131,2018-08-01,20.25
2132,2018-08-02,20.33
2133,2018-08-03,19.89
2134,2018-08-06,18.98
2135,2018-08-07,19.32
2136,2018-08-08,19.0
2137,2018-08-09,19.12
2138,2018-08-10,19.52
2139,2018-08-13,19.52
2140,2018-08-14,18.44
2141,2018-08-15,20.72
2142,2018-08-16,20.52
2143,2018-08-17,21.05
2144,2018-08-20,20.51
2145,2018-08-21,20.33
2146,2018-08-22,19.32
2147,2018-08-23,20.0
2148,2018-08-24,18.75
2149,2018-08-27,19.52
2150,2018-08-28,20.46
2151,2018-08-29,20.83
2152,2018-08-30,23.85
2153,2018-08-31,25.5
2154,2018-09-03,
2155,2018-09-04,26.39
2156,2018-09-05,26.8
2157,2018-09-06,26.65
2158,2018-09-07,28.23
2159,2018-09-10,28.19
2160,2018-09-11,27.74
2161,2018-09-12,25.8
2162,2018-09-13,24.68
2163,2018-09-14,23.97
2164,2018-09-17,27.05
2165,2018-09-18,27.13
2166,2018-09-19,25.98
2167,2018-09-20,24.64
2168,2018-09-21,23.46
2169,2018-09-24,24.45
2170,2018-09-25,24.45
2171,2018-09-26,25.36
2172,2018-09-27,24.82
2173,2018-09-28,23.93
2174,2018-10-01,24.95
2175,2018-10-02,26.18
2176,2018-10-03,26.9
2177,2018-10-04,28.81
2178,2018-10-05,32.22
2179,2018-10-08,30.88
2180,2018-10-09,30.16
2181,2018-10-10,37.62
2182,2018-10-11,40.39
2183,2018-10-12,33.56
2184,2018-10-15,35.98
2185,2018-10-16,33.79
2186,2018-10-17,33.12
2187,2018-10-18,36.63
2188,2018-10-19,36.85
2189,2018-10-22,34.63
2190,2018-10-23,35.57
2191,2018-10-24,50.03
2192,2018-10-25,37.39
2193,2018-10-26,42.52
2194,2018-10-29,46.26
2195,2018-10-30,42.87
2196,2018-10-31,41.65
2197,2018-11-01,46.86
2198,2018-11-02,33.77
2199,2018-11-05,32.1
2200,2018-11-06,30.28
2201,2018-11-07,26.97
2202,2018-11-08,26.61
2203,2018-11-09,27.78
2204,2018-11-12,33.93
2205,2018-11-13,32.5
2206,2018-11-14,34.8
2207,2018-11-15,32.66
2208,2018-11-16,32.19
2209,2018-11-19,36.27
2210,2018-11-20,41.13
2211,2018-11-21,36.37
2212,2018-11-22,
2213,2018-11-23,37.74
2214,2018-11-26,35.52
2215,2018-11-27,34.17
2216,2018-11-28,31.93
2217,2018-11-29,32.19
2218,2018-11-30,32.97
2219,2018-12-03,26.99
2220,2018-12-04,32.56
2221,2018-12-05,
2222,2018-12-06,35.64
2223,2018-12-07,39.99
2224,2018-12-10,35.92
2225,2018-12-11,35.36
2226,2018-12-12,33.71
2227,2018-12-13,32.44
2228,2018-12-14,35.47
2229,2018-12-17,38.3
2230,2018-12-18,36.96
2231,2018-12-19,37.66
2232,2018-12-20,42.55
2233,2018-12-21,45.85
2234,2018-12-24,52.58
2235,2018-12-25,
2236,2018-12-26,43.31
2237,2018-12-27,45.49
2238,2018-12-28,44.11
2239,2018-12-31,41.61
2240,2019-01-01,
2241,2019-01-02,40.21
2242,2019-01-03,44.12
2243,2019-01-04,37.55
2244,2019-01-07,37.92
2245,2019-01-08,36.38
2246,2019-01-09,35.6
2247,2019-01-10,35.47
2248,2019-01-11,34.8
2249,2019-01-14,35.42
2250,2019-01-15,33.54
2251,2019-01-16,33.07
2252,2019-01-17,32.85
2253,2019-01-18,32.77
2254,2019-01-21,
2255,2019-01-22,35.72
2256,2019-01-23,35.32
2257,2019-01-24,34.48
2258,2019-01-25,32.83
2259,2019-01-28,35.39
2260,2019-01-29,36.28
2261,2019-01-30,26.42
2262,2019-01-31,25.97
2263,2019-02-01,25.21
2264,2019-02-04,25.01
2265,2019-02-05,24.33
2266,2019-02-06,24.2
2267,2019-02-07,24.88
2268,2019-02-08,25.04
2269,2019-02-11,25.14
2270,2019-02-12,24.37
2271,2019-02-13,24.47
2272,2019-02-14,24.12
2273,2019-02-15,23.05
2274,2019-02-18,
2275,2019-02-19,22.31
2276,2019-02-20,21.99
2277,2019-02-21,22.24
2278,2019-02-22,21.38
2279,2019-02-25,21.6
2280,2019-02-26,21.38
2281,2019-02-27,21.13
2282,2019-02-28,21.62
2283,2019-03-01,20.31
2284,2019-03-04,21.66
2285,2019-03-05,21.58
2286,2019-03-06,21.98
2287,2019-03-07,23.34
2288,2019-03-08,22.91
2289,2019-03-11,19.52
2290,2019-03-12,19.64
2291,2019-03-13,19.48
2292,2019-03-14,19.64
2293,2019-03-15,20.18
2294,2019-03-18,22.07
2295,2019-03-19,22.82
2296,2019-03-20,23.38
2297,2019-03-21,25.95
2298,2019-03-22,27.46
2299,2019-03-25,26.99
2300,2019-03-26,27.07
2301,2019-03-27,26.97
2302,2019-03-28,26.2
2303,2019-03-29,25.67
2304,2019-04-01,26.5
2305,2019-04-02,26.35
2306,2019-04-03,26.38
2307,2019-04-04,26.78
2308,2019-04-05,27.03
2309,2019-04-08,28.78
2310,2019-04-09,30.32
2311,2019-04-10,30.3
2312,2019-04-11,30.33
2313,2019-04-12,29.58
2314,2019-04-15,29.76
2315,2019-04-16,29.78
2316,2019-04-17,29.75
2317,2019-04-18,28.82
2318,2019-04-19,
2319,2019-04-22,28.9
2320,2019-04-23,28.61
2321,2019-04-24,29.23
2322,2019-04-25,29.41
2323,2019-04-26,28.89
2324,2019-04-29,29.25
2325,2019-04-30,30.35
2326,2019-05-01,21.44
2327,2019-05-02,22.3
2328,2019-05-03,20.44
2329,2019-05-06,23.19
2330,2019-05-07,28.56
2331,2019-05-08,28.31
2332,2019-05-09,30.05
2333,2019-05-10,27.56
2334,2019-05-13,35.16
2335,2019-05-14,30.38
2336,2019-05-15,27.45
2337,2019-05-16,28.71
2338,2019-05-17,30.68
2339,2019-05-20,32.84
2340,2019-05-21,30.28
2341,2019-05-22,33.04
2342,2019-05-23,34.35
2343,2019-05-24,31.74
2344,2019-05-27,
2345,2019-05-28,32.25
2346,2019-05-29,31.29
2347,2019-05-30,32.43
2348,2019-05-31,32.91
2349,2019-06-03,33.35
2350,2019-06-04,30.65
2351,2019-06-05,31.15
2352,2019-06-06,29.59
2353,2019-06-07,29.06
2354,2019-06-10,29.4
2355,2019-06-11,29.71
2356,2019-06-12,29.64
2357,2019-06-13,28.92
2358,2019-06-14,28.75
2359,2019-06-17,27.74
2360,2019-06-18,26.79
2361,2019-06-19,26.53
2362,2019-06-20,26.55
2363,2019-06-21,26.62
2364,2019-06-24,27.15
2365,2019-06-25,28.67
2366,2019-06-26,28.56
2367,2019-06-27,28.98
2368,2019-06-28,30.09
2369,2019-07-01,27.27
2370,2019-07-02,26.47
2371,2019-07-03,25.93
2372,2019-07-04,
2373,2019-07-05,26.52
2374,2019-07-08,29.49
2375,2019-07-09,29.24
2376,2019-07-10,27.52
2377,2019-07-11,28.27
2378,2019-07-12,27.16
2379,2019-07-15,28.07
2380,2019-07-16,27.97
2381,2019-07-17,28.65
2382,2019-07-18,27.82
2383,2019-07-19,28.97
2384,2019-07-22,28.59
2385,2019-07-23,28.37
2386,2019-07-24,28.09
2387,2019-07-25,27.99
2388,2019-07-26,27.7
2389,2019-07-29,29.17
2390,2019-07-30,28.64
2391,2019-07-31,24.95
2392,2019-08-01,30.16
2393,2019-08-02,29.77
2394,2019-08-05,36.71
2395,2019-08-06,33.5
2396,2019-08-07,32.76
2397,2019-08-08,29.6
2398,2019-08-09,31.09
2399,2019-08-12,32.51
2400,2019-08-13,27.43
2401,2019-08-14,34.52
2402,2019-08-15,34.06
2403,2019-08-16,29.87
2404,2019-08-19,28.17
2405,2019-08-20,27.13
2406,2019-08-21,27.36
2407,2019-08-22,27.81
2408,2019-08-23,36.54
2409,2019-08-26,33.41
2410,2019-08-27,34.32
2411,2019-08-28,33.16
2412,2019-08-29,31.04
2413,2019-08-30,30.91
2414,2019-09-02,
2415,2019-09-03,32.77
2416,2019-09-04,29.81
2417,2019-09-05,27.44
2418,2019-09-06,27.09
2419,2019-09-09,27.39
2420,2019-09-10,26.37
2421,2019-09-11,25.74
2422,2019-09-12,25.66
2423,2019-09-13,26.35
2424,2019-09-16,26.27
2425,2019-09-17,26.22
2426,2019-09-18,25.73
2427,2019-09-19,25.77
2428,2019-09-20,26.87
2429,2019-09-23,27.09
2430,2019-09-24,29.43
2431,2019-09-25,28.09
2432,2019-09-26,28.24
2433,2019-09-27,29.07
2434,2019-09-30,28.85
2435,2019-10-01,30.45
2436,2019-10-02,33.37
2437,2019-10-03,31.87
2438,2019-10-04,29.49
2439,2019-10-07,31.37
2440,2019-10-08,33.4
2441,2019-10-09,32.14
2442,2019-10-10,32.1
2443,2019-10-11,31.3
2444,2019-10-14,31.52
2445,2019-10-15,30.21
2446,2019-10-16,29.41
2447,2019-10-17,28.96
2448,2019-10-18,29.75
2449,2019-10-21,28.77
2450,2019-10-22,29.52
2451,2019-10-23,28.93
2452,2019-10-24,28.2
2453,2019-10-25,27.82
2454,2019-10-28,28.65
2455,2019-10-29,31.46
2456,2019-10-30,35.14
2457,2019-10-31,23.7
2458,2019-11-01,23.42
2459,2019-11-04,25.4
2460,2019-11-05,22.4
2461,2019-11-06,21.81
2462,2019-11-07,21.73
2463,2019-11-08,21.54
2464,2019-11-11,21.03
2465,2019-11-12,21.36
2466,2019-11-13,21.77
2467,2019-11-14,22.14
2468,2019-11-15,21.54
2469,2019-11-18,22.32
2470,2019-11-19,23.39
2471,2019-11-20,24.85
2472,2019-11-21,26.26
2473,2019-11-22,24.17
2474,2019-11-25,23.08
2475,2019-11-26,22.92
2476,2019-11-27,22.35
2477,2019-11-28,
2478,2019-11-29,23.68
2479,2019-12-02,25.5
2480,2019-12-03,27.33
2481,2019-12-04,26.22
2482,2019-12-05,25.87
2483,2019-12-06,23.52
2484,2019-12-09,24.75
2485,2019-12-10,23.58
2486,2019-12-11,23.86
2487,2019-12-12,23.42
2488,2019-12-13,21.45
2489,2019-12-16,21.47
2490,2019-12-17,21.36
2491,2019-12-18,21.02
2492,2019-12-19,21.88
2493,2019-12-20,21.55
2494,2019-12-23,22.28
2495,2019-12-24,23.4
2496,2019-12-25,
2497,2019-12-26,25.25
2498,2019-12-27,27.81
2499,2019-12-30,28.82
2500,2019-12-31,28.13
2501,2020-01-01,
2502,2020-01-02,29.29
2503,2020-01-03,29.29
2504,2020-01-06,29.32
2505,2020-01-07,29.54
2506,2020-01-08,28.8
2507,2020-01-09,30.58
2508,2020-01-10,31.67
2509,2020-01-13,34.47
2510,2020-01-14,34.83
2511,2020-01-15,34.88
2512,2020-01-16,33.05
2513,2020-01-17,31.54
2514,2020-01-20,
2515,2020-01-21,31.97
2516,2020-01-22,31.44
2517,2020-01-23,31.72
2518,2020-01-24,35.01
2519,2020-01-27,38.0
2520,2020-01-28,34.34
2521,2020-01-29,28.23
2522,2020-01-30,27.73
2523,2020-01-31,35.24
2524,2020-02-03,31.94
2525,2020-02-04,28.74
2526,2020-02-05,28.75
2527,2020-02-06,26.99
2528,2020-02-07,29.7
2529,2020-02-10,29.91
2530,2020-02-11,30.43
2531,2020-02-12,28.32
2532,2020-02-13,27.98
2533,2020-02-14,26.54
2534,2020-02-17,
2535,2020-02-18,27.59
2536,2020-02-19,25.9
2537,2020-02-20,28.08
2538,2020-02-21,31.64
2539,2020-02-24,39.68
2540,2020-02-25,42.97
2541,2020-02-26,39.83
2542,2020-02-27,50.65
2543,2020-02-28,58.81
2544,2020-03-02,43.32
2545,2020-03-03,51.03
2546,2020-03-04,42.36
2547,2020-03-05,52.39
2548,2020-03-06,56.65
2549,2020-03-09,69.01
2550,2020-03-10,60.76
2551,2020-03-11,66.91
2552,2020-03-12,83.52
2553,2020-03-13,68.0
2554,2020-03-16,101.69
2555,2020-03-17,90.64
2556,2020-03-18,93.29
2557,2020-03-19,87.3
2558,2020-03-20,84.61
2559,2020-03-23,74.14
2560,2020-03-24,68.68
2561,2020-03-25,75.04
2562,2020-03-26,67.53
2563,2020-03-27,70.52
2564,2020-03-30,64.36
2565,2020-03-31,61.56
2566,2020-04-01,69.41
2567,2020-04-02,63.17
2568,2020-04-03,60.19
2569,2020-04-06,51.61
2570,2020-04-07,54.2
2571,2020-04-08,49.23
2572,2020-04-09,48.18
2573,2020-04-10,
2574,2020-04-13,47.92
2575,2020-04-14,44.42
2576,2020-04-15,47.92
2577,2020-04-16,46.84
2578,2020-04-17,46.34
2579,2020-04-20,50.57
2580,2020-04-21,53.62
2581,2020-04-22,50.22
2582,2020-04-23,48.48
2583,2020-04-24,42.77
2584,2020-04-27,40.74
2585,2020-04-28,42.71
2586,2020-04-29,38.45
2587,2020-04-30,39.11
2588,2020-05-01,39.01
2589,2020-05-04,37.43
2590,2020-05-05,35.33
2591,2020-05-06,34.45
2592,2020-05-07,32.92
2593,2020-05-08,30.66
2594,2020-05-11,32.46
2595,2020-05-12,34.05
2596,2020-05-13,39.3
2597,2020-05-14,38.18
2598,2020-05-15,36.57
2599,2020-05-18,33.0
2600,2020-05-19,35.08
2601,2020-05-20,32.89
2602,2020-05-21,34.16
2603,2020-05-22,31.47
2604,2020-05-25,
2605,2020-05-26,31.84
2606,2020-05-27,31.66
2607,2020-05-28,31.75
2608,2020-05-29,31.09
2609,2020-06-01,30.99
2610,2020-06-02,29.5
2611,2020-06-03,28.53
2612,2020-06-04,29.17
2613,2020-06-05,27.07
2614,2020-06-08,27.89
2615,2020-06-09,30.27
2616,2020-06-10,31.65
2617,2020-06-11,39.96
2618,2020-06-12,38.83
2619,2020-06-15,37.33
2620,2020-06-16,36.2
2621,2020-06-17,36.8
2622,2020-06-18,36.35
2623,2020-06-19,37.39
2624,2020-06-22,36.53
2625,2020-06-23,37.23
2626,2020-06-24,39.68
2627,2020-06-25,39.23
2628,2020-06-26,41.19
2629,2020-06-29,39.12
2630,2020-06-30,37.08
2631,2020-07-01,36.61
2632,2020-07-02,33.97
2633,2020-07-03,
2634,2020-07-06,35.35
2635,2020-07-07,37.52
2636,2020-07-08,38.17
2637,2020-07-09,40.31
2638,2020-07-10,39.74
2639,2020-07-13,45.42
2640,2020-07-14,46.87
2641,2020-07-15,47.02
2642,2020-07-16,46.51
2643,2020-07-17,41.98
2644,2020-07-20,39.31
2645,2020-07-21,39.72
2646,2020-07-22,38.01
2647,2020-07-23,41.37
2648,2020-07-24,38.61
2649,2020-07-27,36.98
2650,2020-07-28,36.67
2651,2020-07-29,36.02
2652,2020-07-30,34.93
2653,2020-07-31,37.08
2654,2020-08-03,40.37
2655,2020-08-04,38.6
2656,2020-08-05,36.5
2657,2020-08-06,38.57
2658,2020-08-07,40.45
2659,2020-08-10,42.29
2660,2020-08-11,43.53
2661,2020-08-12,40.28
2662,2020-08-13,41.45
2663,2020-08-14,41.17
2664,2020-08-17,41.03
2665,2020-08-18,38.57
2666,2020-08-19,38.96
2667,2020-08-20,39.8
2668,2020-08-21,48.28
2669,2020-08-24,53.51
2670,2020-08-25,49.7
2671,2020-08-26,54.87
2672,2020-08-27,56.53
2673,2020-08-28,53.61
2674,2020-08-31,53.59
2675,2020-09-01,56.2
2676,2020-09-02,61.64
2677,2020-09-03,66.29
2678,2020-09-04,62.87
2679,2020-09-07,
2680,2020-09-08,63.31
2681,2020-09-09,55.72
2682,2020-09-10,54.05
2683,2020-09-11,50.83
2684,2020-09-14,49.29
2685,2020-09-15,48.31
2686,2020-09-16,50.6
2687,2020-09-17,51.54
2688,2020-09-18,51.93
2689,2020-09-21,54.55
2690,2020-09-22,51.83
2691,2020-09-23,54.39
2692,2020-09-24,54.08
2693,2020-09-25,51.06
2694,2020-09-28,50.63
2695,2020-09-29,50.46
2696,2020-09-30,48.65
2697,2020-10-01,49.92
2698,2020-10-02,52.38
2699,2020-10-05,49.9
2700,2020-10-06,53.22
2701,2020-10-07,50.36
2702,2020-10-08,48.79
2703,2020-10-09,47.44
2704,2020-10-12,50.26
2705,2020-10-13,50.27
2706,2020-10-14,48.7
2707,2020-10-15,48.86
2708,2020-10-16,48.24
2709,2020-10-19,50.23
2710,2020-10-20,48.57
2711,2020-10-21,49.15
2712,2020-10-22,48.43
2713,2020-10-23,47.25
2714,2020-10-26,50.57
2715,2020-10-27,49.0
2716,2020-10-28,54.69
2717,2020-10-29,49.71
2718,2020-10-30,46.72
2719,2020-11-02,47.39
2720,2020-11-03,44.65
2721,2020-11-04,41.2
2722,2020-11-05,39.69
2723,2020-11-06,36.68
2724,2020-11-09,38.42
2725,2020-11-10,38.84
2726,2020-11-11,35.62
2727,2020-11-12,37.14
2728,2020-11-13,34.15
2729,2020-11-16,33.89
2730,2020-11-17,34.15
2731,2020-11-18,34.25
2732,2020-11-19,33.99
2733,2020-11-20,33.69
2734,2020-11-23,35.75
2735,2020-11-24,34.49
2736,2020-11-25,34.6
2737,2020-11-26,
2738,2020-11-27,35.28
2739,2020-11-30,37.78
2740,2020-12-01,38.7
2741,2020-12-02,39.59
2742,2020-12-03,38.17
2743,2020-12-04,37.3
2744,2020-12-07,38.36
2745,2020-12-08,37.79
2746,2020-12-09,39.14
2747,2020-12-10,39.02
2748,2020-12-11,39.74
2749,2020-12-14,38.44
2750,2020-12-15,39.7
2751,2020-12-16,38.97
2752,2020-12-17,38.62
2753,2020-12-18,41.09
2754,2020-12-21,43.16
2755,2020-12-22,42.17
2756,2020-12-23,41.12
2757,2020-12-24,42.22
2758,2020-12-25,
2759,2020-12-28,43.17
2760,2020-12-29,41.66
2761,2020-12-30,42.28
2762,2020-12-31,42.47
2763,2021-01-01,
2764,2021-01-04,46.74
2765,2021-01-05,44.2
2766,2021-01-06,46.12
2767,2021-01-07,43.92
2768,2021-01-08,44.22
2769,2021-01-11,48.97
2770,2021-01-12,48.34
2771,2021-01-13,47.2
2772,2021-01-14,48.26
2773,2021-01-15,47.49
2774,2021-01-18,
2775,2021-01-19,43.99
2776,2021-01-20,45.36
2777,2021-01-21,46.27
2778,2021-01-22,46.48
2779,2021-01-25,51.12
2780,2021-01-26,51.91
2781,2021-01-27,50.72
2782,2021-01-28,46.93
2783,2021-01-29,50.01
2784,2021-02-01,44.38
2785,2021-02-02,39.26
2786,2021-02-03,39.16
2787,2021-02-04,37.9
2788,2021-02-05,35.89
2789,2021-02-08,35.79
2790,2021-02-09,36.68
2791,2021-02-10,36.69
2792,2021-02-11,35.59
2793,2021-02-12,34.65
2794,2021-02-15,
2795,2021-02-16,35.52
2796,2021-02-17,36.57
2797,2021-02-18,37.27
2798,2021-02-19,34.73
2799,2021-02-22,38.7
2800,2021-02-23,40.66
2801,2021-02-24,39.77
2802,2021-02-25,46.53
2803,2021-02-26,43.55
2804,2021-03-01,37.07
2805,2021-03-02,38.57
2806,2021-03-03,41.67
2807,2021-03-04,44.58
2808,2021-03-05,40.86
2809,2021-03-08,45.48
2810,2021-03-09,40.02
2811,2021-03-10,40.66
2812,2021-03-11,38.41
2813,2021-03-12,38.34
2814,2021-03-15,38.0
2815,2021-03-16,36.06
2816,2021-03-17,36.75
2817,2021-03-18,40.8
2818,2021-03-19,37.91
2819,2021-03-22,33.96
2820,2021-03-23,33.93
2821,2021-03-24,35.6
2822,2021-03-25,35.32
2823,2021-03-26,34.02
2824,2021-03-29,35.69
2825,2021-03-30,35.43
2826,2021-03-31,33.99
2827,2021-04-01,32.29
2828,2021-04-02,
2829,2021-04-05,33.77
2830,2021-04-06,33.22
2831,2021-04-07,32.81
2832,2021-04-08,32.98
2833,2021-04-09,33.25
2834,2021-04-12,34.41
2835,2021-04-13,35.53
2836,2021-04-14,36.83
2837,2021-04-15,35.15
2838,2021-04-16,34.64
2839,2021-04-19,34.91
2840,2021-04-20,35.91
2841,2021-04-21,34.4
2842,2021-04-22,35.1
2843,2021-04-23,32.86
2844,2021-04-26,33.79
2845,2021-04-27,32.56
2846,2021-04-28,31.55
2847,2021-04-29,28.41
2848,2021-04-30,27.68
2849,2021-05-03,27.06
2850,2021-05-04,31.27
2851,2021-05-05,30.43
2852,2021-05-06,29.53
2853,2021-05-07,28.22
2854,2021-05-10,30.66
2855,2021-05-11,32.71
2856,2021-05-12,39.62
2857,2021-05-13,35.17
2858,2021-05-14,29.73
2859,2021-05-17,30.43
2860,2021-05-18,31.0
2861,2021-05-19,32.55
2862,2021-05-20,28.59
2863,2021-05-21,29.3
2864,2021-05-24,26.8
2865,2021-05-25,27.06
2866,2021-05-26,26.18
2867,2021-05-27,26.41
2868,2021-05-28,25.58
2869,2021-05-31,
2870,2021-06-01,27.33
2871,2021-06-02,26.31
2872,2021-06-03,27.44
2873,2021-06-04,26.02
2874,2021-06-07,26.13
2875,2021-06-08,26.02
2876,2021-06-09,25.79
2877,2021-06-10,24.75
2878,2021-06-11,23.22
2879,2021-06-14,24.67
2880,2021-06-15,25.19
2881,2021-06-16,25.79
2882,2021-06-17,24.78
2883,2021-06-18,26.83
2884,2021-06-21,25.15
2885,2021-06-22,25.63
2886,2021-06-23,25.29
2887,2021-06-24,24.98
2888,2021-06-25,24.77
2889,2021-06-28,25.52
2890,2021-06-29,25.51
2891,2021-06-30,26.02
2892,2021-07-01,26.15
2893,2021-07-02,26.36
2894,2021-07-05,
2895,2021-07-06,29.64
2896,2021-07-07,30.47
2897,2021-07-08,32.09
2898,2021-07-09,31.43
2899,2021-07-12,30.58
2900,2021-07-13,30.78
2901,2021-07-14,31.63
2902,2021-07-15,31.73
2903,2021-07-16,32.25
2904,2021-07-19,34.69
2905,2021-07-20,32.98
2906,2021-07-21,32.14
2907,2021-07-22,31.88
2908,2021-07-23,29.98
2909,2021-07-26,30.44
2910,2021-07-27,30.99
2911,2021-07-28,28.08
2912,2021-07-29,25.98
2913,2021-07-30,26.35
2914,2021-08-02,26.45
2915,2021-08-03,26.22
2916,2021-08-04,26.45
2917,2021-08-05,25.75
2918,2021-08-06,24.54
2919,2021-08-09,24.62
2920,2021-08-10,25.28
2921,2021-08-11,24.87
2922,2021-08-12,25.91
2923,2021-08-13,25.09
2924,2021-08-16,27.17
2925,2021-08-17,30.01
2926,2021-08-18,31.41
2927,2021-08-19,32.77
2928,2021-08-20,30.26
2929,2021-08-23,27.95
2930,2021-08-24,26.95
2931,2021-08-25,26.09
2932,2021-08-26,27.48
2933,2021-08-27,25.27
2934,2021-08-30,28.04
2935,2021-08-31,28.15
2936,2021-09-01,27.21
2937,2021-09-02,27.86
2938,2021-09-03,27.02
2939,2021-09-06,
2940,2021-09-07,29.15
2941,2021-09-08,29.81
2942,2021-09-09,29.23
2943,2021-09-10,32.22
2944,2021-09-13,29.25
2945,2021-09-14,29.06
2946,2021-09-15,27.69
2947,2021-09-16,27.33
2948,2021-09-17,29.38
2949,2021-09-20,34.55
2950,2021-09-21,32.54
2951,2021-09-22,30.2
2952,2021-09-23,28.72
2953,2021-09-24,28.04
2954,2021-09-27,29.34
2955,2021-09-28,34.37
2956,2021-09-29,33.52
2957,2021-09-30,34.29
2958,2021-10-01,30.39
2959,2021-10-04,35.13
2960,2021-10-05,32.35
2961,2021-10-06,31.68
2962,2021-10-07,30.9
2963,2021-10-08,30.05
2964,2021-10-11,30.81
2965,2021-10-12,31.15
2966,2021-10-13,29.72
2967,2021-10-14,27.04
2968,2021-10-15,26.08
2969,2021-10-18,25.92
2970,2021-10-19,26.06
2971,2021-10-20,26.2
2972,2021-10-21,25.89
2973,2021-10-22,26.79
2974,2021-10-25,27.1
2975,2021-10-26,26.78
2976,2021-10-27,28.29
2977,2021-10-28,26.97
2978,2021-10-29,24.42
2979,2021-11-01,24.4
2980,2021-11-02,24.4
2981,2021-11-03,24.16
2982,2021-11-04,24.68
2983,2021-11-05,25.13
2984,2021-11-08,25.5
2985,2021-11-09,26.49
2986,2021-11-10,27.56
2987,2021-11-11,26.35
2988,2021-11-12,25.5
2989,2021-11-15,25.63
2990,2021-11-16,25.07
2991,2021-11-17,25.86
2992,2021-11-18,27.96
2993,2021-11-19,27.37
2994,2021-11-22,28.71
2995,2021-11-23,30.32
2996,2021-11-24,29.66
2997,2021-11-25,
2998,2021-11-26,34.07
2999,2021-11-29,30.36
3000,2021-11-30,33.12
3001,2021-12-01,37.7
3002,2021-12-02,34.87
3003,2021-12-03,36.82
3004,2021-12-06,34.42
3005,2021-12-07,33.22
3006,2021-12-08,33.39
3007,2021-12-09,35.04
3008,2021-12-10,33.71
3009,2021-12-13,34.35
3010,2021-12-14,34.96
3011,2021-12-15,33.12
3012,2021-12-16,37.33
3013,2021-12-17,34.93
3014,2021-12-20,35.73
3015,2021-12-21,32.37
3016,2021-12-22,31.21
3017,2021-12-23,29.99
3018,2021-12-24,
3019,2021-12-27,31.38
3020,2021-12-28,31.65
3021,2021-12-29,30.87
3022,2021-12-30,30.53
3023,2021-12-31,30.34
3024,2022-01-03,30.75
3025,2022-01-04,31.35
3026,2022-01-05,34.01
3027,2022-01-06,33.63
3028,2022-01-07,33.03
3029,2022-01-10,33.59
3030,2022-01-11,31.54
3031,2022-01-12,30.91
3032,2022-01-13,33.89
3033,2022-01-14,32.37
3034,2022-01-17,
3035,2022-01-18,37.32
3036,2022-01-19,37.21
3037,2022-01-20,38.29
3038,2022-01-21,40.59
3039,2022-01-24,42.39
3040,2022-01-25,45.32
3041,2022-01-26,44.97
3042,2022-01-27,45.91
3043,2022-01-28,35.63
3044,2022-01-31,31.41
3045,2022-02-01,30.46
3046,2022-02-02,29.46
3047,2022-02-03,34.18
3048,2022-02-04,31.94
3049,2022-02-07,32.1
3050,2022-02-08,29.77
3051,2022-02-09,28.0
3052,2022-02-10,30.86
3053,2022-02-11,34.77
3054,2022-02-14,34.63
3055,2022-02-15,30.67
3056,2022-02-16,29.9
3057,2022-02-17,34.12
3058,2022-02-18,33.75
3059,2022-02-21,
3060,2022-02-22,34.74
3061,2022-02-23,37.52
3062,2022-02-24,35.64
3063,2022-02-25,32.86
3064,2022-02-28,34.19
3065,2022-03-01,38.08
3066,2022-03-02,34.44
3067,2022-03-03,34.73
3068,2022-03-04,38.74
3069,2022-03-07,42.83
3070,2022-03-08,41.93
3071,2022-03-09,36.77
3072,2022-03-10,38.16
3073,2022-03-11,40.61
3074,2022-03-14,43.66
3075,2022-03-15,38.99
3076,2022-03-16,33.96
3077,2022-03-17,32.79
3078,2022-03-18,30.56
3079,2022-03-21,32.04
3080,2022-03-22,30.07
3081,2022-03-23,32.09
3082,2022-03-24,30.74
3083,2022-03-25,29.91
3084,2022-03-28,30.78
3085,2022-03-29,29.59
3086,2022-03-30,30.83
3087,2022-03-31,31.63
3088,2022-04-01,29.98
3089,2022-04-04,29.79
3090,2022-04-05,31.64
3091,2022-04-06,33.58
3092,2022-04-07,33.3
3093,2022-04-08,33.11
3094,2022-04-11,36.67
3095,2022-04-12,35.14
3096,2022-04-13,32.59
3097,2022-04-14,35.23
3098,2022-04-15,
3099,2022-04-18,34.63
3100,2022-04-19,28.65
3101,2022-04-20,34.78
3102,2022-04-21,36.71
3103,2022-04-22,42.24
3104,2022-04-25,42.03
3105,2022-04-26,47.45
3106,2022-04-27,46.13
3107,2022-04-28,41.94
3108,2022-04-29,41.05
3109,2022-05-02,38.82
3110,2022-05-03,37.36
3111,2022-05-04,33.22
3112,2022-05-05,40.38
3113,2022-05-06,39.02
3114,2022-05-09,43.41
3115,2022-05-10,41.43
3116,2022-05-11,44.98
3117,2022-05-12,47.08
3118,2022-05-13,41.27
3119,2022-05-16,41.32
3120,2022-05-17,37.14
3121,2022-05-18,43.4
3122,2022-05-19,42.17
3123,2022-05-20,42.57
3124,2022-05-23,40.85
3125,2022-05-24,42.92
3126,2022-05-25,41.41
3127,2022-05-26,39.46
3128,2022-05-27,36.79
3129,2022-05-30,
3130,2022-05-31,38.34
3131,2022-06-01,37.45
3132,2022-06-02,35.05
3133,2022-06-03,37.64
3134,2022-06-06,36.58
3135,2022-06-07,34.7
3136,2022-06-08,34.42
3137,2022-06-09,37.19
3138,2022-06-10,39.55
3139,2022-06-13,45.52
3140,2022-06-14,43.22
3141,2022-06-15,39.9
3142,2022-06-16,43.62
3143,2022-06-17,40.2
3144,2022-06-20,
3145,2022-06-21,37.92
3146,2022-06-22,38.76
3147,2022-06-23,38.03
3148,2022-06-24,36.13
3149,2022-06-27,38.93
3150,2022-06-28,41.36
3151,2022-06-29,41.56
3152,2022-06-30,44.2
3153,2022-07-01,41.67
3154,2022-07-04,
3155,2022-07-05,41.76
3156,2022-07-06,40.33
3157,2022-07-07,38.03
3158,2022-07-08,36.63
3159,2022-07-11,39.3
3160,2022-07-12,40.04
3161,2022-07-13,39.79
3162,2022-07-14,39.87
3163,2022-07-15,36.79
3164,2022-07-18,38.7
3165,2022-07-19,36.34
3166,2022-07-20,35.34
3167,2022-07-21,34.85
3168,2022-07-22,35.26
3169,2022-07-25,36.4
3170,2022-07-26,37.64
3171,2022-07-27,35.1
3172,2022-07-28,33.34
3173,2022-07-29,27.6
3174,2022-08-01,29.57
3175,2022-08-02,31.06
3176,2022-08-03,29.27
3177,2022-08-04,28.65
3178,2022-08-05,27.82
3179,2022-08-08,28.13
3180,2022-08-09,29.1
3181,2022-08-10,26.11
3182,2022-08-11,26.48
3183,2022-08-12,25.26
3184,2022-08-15,25.49
3185,2022-08-16,25.56
3186,2022-08-17,27.7
3187,2022-08-18,27.64
3188,2022-08-19,28.19
3189,2022-08-22,30.24
3190,2022-08-23,30.32
3191,2022-08-24,29.34
3192,2022-08-25,27.76
3193,2022-08-26,32.12
3194,2022-08-29,33.49
3195,2022-08-30,33.39
3196,2022-08-31,33.15
3197,2022-09-01,33.18
3198,2022-09-02,33.72
3199,2022-09-05,
3200,2022-09-06,35.4
3201,2022-09-07,32.87
3202,2022-09-08,32.21
3203,2022-09-09,29.63
3204,2022-09-12,30.62
3205,2022-09-13,35.92
3206,2022-09-14,34.73
3207,2022-09-15,36.11
3208,2022-09-16,38.22
3209,2022-09-19,36.17
3210,2022-09-20,37.23
3211,2022-09-21,39.15
3212,2022-09-22,38.59
3213,2022-09-23,40.24
3214,2022-09-26,43.87
3215,2022-09-27,43.9
3216,2022-09-28,43.71
3217,2022-09-29,47.79
3218,2022-09-30,48.34
3219,2022-10-03,44.58
3220,2022-10-04,42.46
3221,2022-10-05,42.58
3222,2022-10-06,44.15
3223,2022-10-07,46.36
3224,2022-10-10,47.53
3225,2022-10-11,48.0
3226,2022-10-12,48.8
3227,2022-10-13,46.22
3228,2022-10-14,47.2
3229,2022-10-17,45.81
3230,2022-10-18,44.8
3231,2022-10-19,44.8
3232,2022-10-20,43.58
3233,2022-10-21,42.03
3234,2022-10-24,41.61
3235,2022-10-25,39.6
3236,2022-10-26,40.69
3237,2022-10-27,44.85
3238,2022-10-28,33.44
3239,2022-10-31,34.31
3240,2022-11-01,34.77
3241,2022-11-02,36.03
3242,2022-11-03,37.46
3243,2022-11-04,37.97
3244,2022-11-07,38.22
3245,2022-11-08,38.53
3246,2022-11-09,40.46
3247,2022-11-10,34.65
3248,2022-11-11,34.5
3249,2022-11-14,35.68
3250,2022-11-15,35.72
3251,2022-11-16,35.81
3252,2022-11-17,34.73
3253,2022-11-18,33.59
3254,2022-11-21,33.82
3255,2022-11-22,31.67
3256,2022-11-23,31.14
3257,2022-11-24,
3258,2022-11-25,32.71
3259,2022-11-28,35.01
3260,2022-11-29,35.67
3261,2022-11-30,31.53
3262,2022-12-01,31.22
3263,2022-12-02,30.09
3264,2022-12-05,32.25
3265,2022-12-06,34.61
3266,2022-12-07,35.76
3267,2022-12-08,34.25
3268,2022-12-09,34.77
3269,2022-12-12,35.76
3270,2022-12-13,33.85
3271,2022-12-14,33.44
3272,2022-12-15,37.17
3273,2022-12-16,37.26
3274,2022-12-19,36.69
3275,2022-12-20,36.16
3276,2022-12-21,34.1
3277,2022-12-22,37.64
3278,2022-12-23,37.01
3279,2022-12-26,
3280,2022-12-27,39.72
3281,2022-12-28,43.49
3282,2022-12-29,39.98
3283,2022-12-30,40.63
3284,2023-01-02,
3285,2023-01-03,45.15
3286,2023-01-04,43.3
3287,2023-01-05,43.68
3288,2023-01-06,40.26
3289,2023-01-09,40.07
3290,2023-01-10,39.28
3291,2023-01-11,38.73
3292,2023-01-12,37.28
3293,2023-01-13,35.34
3294,2023-01-16,
3295,2023-01-17,37.09
3296,2023-01-18,37.25
3297,2023-01-19,37.76
3298,2023-01-20,35.19
3299,2023-01-23,33.47
3300,2023-01-24,32.98
3301,2023-01-25,33.99
3302,2023-01-26,32.45
3303,2023-01-27,33.26
3304,2023-01-30,38.73
3305,2023-01-31,34.17
3306,2023-02-01,32.81
3307,2023-02-02,36.88
3308,2023-02-03,30.38
3309,2023-02-06,30.79
3310,2023-02-07,29.53
3311,2023-02-08,31.13
3312,2023-02-09,32.38
3313,2023-02-10,32.01
3314,2023-02-13,32.46
3315,2023-02-14,30.12
3316,2023-02-15,29.03
3317,2023-02-16,30.39
3318,2023-02-17,29.58
3319,2023-02-20,
3320,2023-02-21,32.36
3321,2023-02-22,32.03
3322,2023-02-23,30.08
3323,2023-02-24,30.72
3324,2023-02-27,30.21
3325,2023-02-28,29.45
3326,2023-03-01,30.18
3327,2023-03-02,29.25
3328,2023-03-03,26.74
3329,2023-03-06,27.47
3330,2023-03-07,27.85
3331,2023-03-08,27.26
3332,2023-03-09,30.13
3333,2023-03-10,33.31
3334,2023-03-13,33.0
3335,2023-03-14,30.87
3336,2023-03-15,32.24
3337,2023-03-16,29.23
3338,2023-03-17,31.17
