,Date,VXEWZCLS
0,2011-03-16,32.16
1,2011-03-17,30.93
2,2011-03-18,28.49
3,2011-03-21,26.77
4,2011-03-22,25.07
5,2011-03-23,24.46
6,2011-03-24,24.69
7,2011-03-25,24.67
8,2011-03-28,25.21
9,2011-03-29,24.8
10,2011-03-30,23.28
11,2011-03-31,23.75
12,2011-04-01,23.06
13,2011-04-04,23.67
14,2011-04-05,23.22
15,2011-04-06,24.52
16,2011-04-07,24.42
17,2011-04-08,24.17
18,2011-04-11,24.28
19,2011-04-12,25.28
20,2011-04-13,24.88
21,2011-04-14,24.1
22,2011-04-15,23.45
23,2011-04-18,25.44
24,2011-04-19,23.42
25,2011-04-20,22.36
26,2011-04-21,22.25
27,2011-04-22,
28,2011-04-25,23.57
29,2011-04-26,23.15
30,2011-04-27,23.87
31,2011-04-28,24.52
32,2011-04-29,24.78
33,2011-05-02,25.42
34,2011-05-03,27.16
35,2011-05-04,28.28
36,2011-05-05,28.7
37,2011-05-06,27.43
38,2011-05-09,26.74
39,2011-05-10,25.3
40,2011-05-11,26.91
41,2011-05-12,25.97
42,2011-05-13,27.63
43,2011-05-16,28.39
44,2011-05-17,28.02
45,2011-05-18,27.22
46,2011-05-19,27.83
47,2011-05-20,27.05
48,2011-05-23,28.0
49,2011-05-24,26.68
50,2011-05-25,25.39
51,2011-05-26,23.98
52,2011-05-27,23.77
53,2011-05-30,
54,2011-05-31,24.38
55,2011-06-01,26.4
56,2011-06-02,26.17
57,2011-06-03,25.75
58,2011-06-06,28.81
59,2011-06-07,27.68
60,2011-06-08,28.03
61,2011-06-09,26.96
62,2011-06-10,27.96
63,2011-06-13,28.65
64,2011-06-14,26.81
65,2011-06-15,28.49
66,2011-06-16,31.45
67,2011-06-17,32.1
68,2011-06-20,29.3
69,2011-06-21,28.16
70,2011-06-22,26.7
71,2011-06-23,27.58
72,2011-06-24,28.11
73,2011-06-27,27.6
74,2011-06-28,25.68
75,2011-06-29,24.08
76,2011-06-30,23.16
77,2011-07-01,22.56
78,2011-07-04,
79,2011-07-05,22.6
80,2011-07-06,23.37
81,2011-07-07,23.46
82,2011-07-08,24.6
83,2011-07-11,25.46
84,2011-07-12,26.18
85,2011-07-13,25.45
86,2011-07-14,26.44
87,2011-07-15,25.26
88,2011-07-18,26.83
89,2011-07-19,25.6
90,2011-07-20,24.42
91,2011-07-21,24.11
92,2011-07-22,23.84
93,2011-07-25,25.0
94,2011-07-26,25.5
95,2011-07-27,28.81
96,2011-07-28,29.57
97,2011-07-29,29.64
98,2011-08-01,29.52
99,2011-08-02,30.79
100,2011-08-03,30.94
101,2011-08-04,41.14
102,2011-08-05,43.23
103,2011-08-08,59.06
104,2011-08-09,53.19
105,2011-08-10,61.66
106,2011-08-11,53.78
107,2011-08-12,50.57
108,2011-08-15,43.57
109,2011-08-16,42.5
110,2011-08-17,38.21
111,2011-08-18,47.85
112,2011-08-19,49.12
113,2011-08-22,49.21
114,2011-08-23,42.48
115,2011-08-24,42.87
116,2011-08-25,47.28
117,2011-08-26,41.82
118,2011-08-29,37.85
119,2011-08-30,36.79
120,2011-08-31,35.12
121,2011-09-01,37.01
122,2011-09-02,38.83
123,2011-09-05,
124,2011-09-06,44.42
125,2011-09-07,40.97
126,2011-09-08,42.51
127,2011-09-09,49.45
128,2011-09-12,51.24
129,2011-09-13,48.48
130,2011-09-14,47.27
131,2011-09-15,43.21
132,2011-09-16,38.39
133,2011-09-19,42.83
134,2011-09-20,43.2
135,2011-09-21,48.62
136,2011-09-22,57.8
137,2011-09-23,58.51
138,2011-09-26,55.82
139,2011-09-27,53.1
140,2011-09-28,58.03
141,2011-09-29,56.2
142,2011-09-30,60.46
143,2011-10-03,63.49
144,2011-10-04,59.0
145,2011-10-05,53.01
146,2011-10-06,50.16
147,2011-10-07,51.3
148,2011-10-10,47.45
149,2011-10-11,46.19
150,2011-10-12,43.28
151,2011-10-13,42.53
152,2011-10-14,40.59
153,2011-10-17,46.91
154,2011-10-18,43.48
155,2011-10-19,45.66
156,2011-10-20,47.38
157,2011-10-21,44.34
158,2011-10-24,40.16
159,2011-10-25,44.01
160,2011-10-26,41.51
161,2011-10-27,36.87
162,2011-10-28,34.54
163,2011-10-31,39.35
164,2011-11-01,45.2
165,2011-11-02,42.28
166,2011-11-03,41.51
167,2011-11-04,42.3
168,2011-11-07,41.47
169,2011-11-08,38.88
170,2011-11-09,46.68
171,2011-11-10,44.69
172,2011-11-11,41.22
173,2011-11-14,42.9
174,2011-11-15,42.37
175,2011-11-16,44.4
176,2011-11-17,47.74
177,2011-11-18,44.53
178,2011-11-21,46.08
179,2011-11-22,44.75
180,2011-11-23,47.26
181,2011-11-24,
182,2011-11-25,49.16
183,2011-11-28,46.52
184,2011-11-29,44.55
185,2011-11-30,40.5
186,2011-12-01,40.38
187,2011-12-02,40.34
188,2011-12-05,40.17
189,2011-12-06,41.11
190,2011-12-07,41.77
191,2011-12-08,43.98
192,2011-12-09,39.66
193,2011-12-12,40.82
194,2011-12-13,39.42
195,2011-12-14,39.7
196,2011-12-15,36.67
197,2011-12-16,35.42
198,2011-12-19,38.6
199,2011-12-20,34.64
200,2011-12-21,33.8
201,2011-12-22,32.63
202,2011-12-23,31.51
203,2011-12-26,
204,2011-12-27,32.72
205,2011-12-28,35.55
206,2011-12-29,33.97
207,2011-12-30,34.88
208,2012-01-02,
209,2012-01-03,33.76
210,2012-01-04,32.71
211,2012-01-05,32.77
212,2012-01-06,32.46
213,2012-01-09,31.27
214,2012-01-10,30.12
215,2012-01-11,30.18
216,2012-01-12,30.75
217,2012-01-13,32.7
218,2012-01-16,
219,2012-01-17,31.61
220,2012-01-18,30.47
221,2012-01-19,30.79
222,2012-01-20,29.31
223,2012-01-23,29.69
224,2012-01-24,29.36
225,2012-01-25,28.65
226,2012-01-26,30.52
227,2012-01-27,29.27
228,2012-01-30,30.2
229,2012-01-31,29.63
230,2012-02-01,28.11
231,2012-02-02,28.77
232,2012-02-03,28.4
233,2012-02-06,30.28
234,2012-02-07,29.38
235,2012-02-08,29.86
236,2012-02-09,29.11
237,2012-02-10,31.6
238,2012-02-13,30.72
239,2012-02-14,32.11
240,2012-02-15,33.42
241,2012-02-16,32.02
242,2012-02-17,30.66
243,2012-02-20,
244,2012-02-21,28.64
245,2012-02-22,27.79
246,2012-02-23,26.89
247,2012-02-24,26.02
248,2012-02-27,27.86
249,2012-02-28,27.28
250,2012-02-29,28.28
251,2012-03-01,26.97
252,2012-03-02,26.67
253,2012-03-05,28.03
254,2012-03-06,31.35
255,2012-03-07,30.22
256,2012-03-08,28.29
257,2012-03-09,29.12
258,2012-03-12,28.55
259,2012-03-13,27.31
260,2012-03-14,29.09
261,2012-03-15,26.86
262,2012-03-16,25.98
263,2012-03-19,26.05
264,2012-03-20,27.1
265,2012-03-21,25.45
266,2012-03-22,26.69
267,2012-03-23,26.35
268,2012-03-26,25.73
269,2012-03-27,26.29
270,2012-03-28,26.98
271,2012-03-29,26.52
272,2012-03-30,26.5
273,2012-04-02,25.44
274,2012-04-03,25.82
275,2012-04-04,26.85
276,2012-04-05,26.62
277,2012-04-06,
278,2012-04-09,28.41
279,2012-04-10,30.25
280,2012-04-11,29.94
281,2012-04-12,28.14
282,2012-04-13,29.55
283,2012-04-16,29.84
284,2012-04-17,28.89
285,2012-04-18,28.15
286,2012-04-19,27.83
287,2012-04-20,26.66
288,2012-04-23,28.43
289,2012-04-24,27.21
290,2012-04-25,27.07
291,2012-04-26,26.19
292,2012-04-27,25.95
293,2012-04-30,27.21
294,2012-05-01,26.31
295,2012-05-02,25.91
296,2012-05-03,26.34
297,2012-05-04,29.44
298,2012-05-07,29.33
299,2012-05-08,30.49
300,2012-05-09,32.43
301,2012-05-10,31.96
302,2012-05-11,32.77
303,2012-05-14,37.36
304,2012-05-15,39.06
305,2012-05-16,39.43
306,2012-05-17,44.53
307,2012-05-18,43.63
308,2012-05-21,38.33
309,2012-05-22,40.3
310,2012-05-23,39.23
311,2012-05-24,38.3
312,2012-05-25,38.03
313,2012-05-28,
314,2012-05-29,37.2
315,2012-05-30,39.31
316,2012-05-31,37.69
317,2012-06-01,40.11
318,2012-06-04,40.14
319,2012-06-05,38.76
320,2012-06-06,37.18
321,2012-06-07,36.26
322,2012-06-08,36.39
323,2012-06-11,39.28
324,2012-06-12,37.85
325,2012-06-13,40.02
326,2012-06-14,39.8
327,2012-06-15,37.15
328,2012-06-18,34.06
329,2012-06-19,31.87
330,2012-06-20,29.49
331,2012-06-21,32.26
332,2012-06-22,32.32
333,2012-06-25,34.24
334,2012-06-26,33.56
335,2012-06-27,32.79
336,2012-06-28,32.56
337,2012-06-29,29.75
338,2012-07-02,28.94
339,2012-07-03,28.89
340,2012-07-04,
341,2012-07-05,29.36
342,2012-07-06,29.97
343,2012-07-09,30.81
344,2012-07-10,31.22
345,2012-07-11,30.34
346,2012-07-12,30.01
347,2012-07-13,28.06
348,2012-07-16,29.26
349,2012-07-17,28.0
350,2012-07-18,27.1
351,2012-07-19,26.41
352,2012-07-20,28.12
353,2012-07-23,32.07
354,2012-07-24,32.42
355,2012-07-25,32.02
356,2012-07-26,28.89
357,2012-07-27,28.83
358,2012-07-30,29.59
359,2012-07-31,31.31
360,2012-08-01,31.71
361,2012-08-02,31.76
362,2012-08-03,28.53
363,2012-08-06,29.33
364,2012-08-07,29.15
365,2012-08-08,27.85
366,2012-08-09,27.73
367,2012-08-10,27.0
368,2012-08-13,25.26
369,2012-08-14,26.81
370,2012-08-15,26.34
371,2012-08-16,25.66
372,2012-08-17,25.03
373,2012-08-20,26.98
374,2012-08-21,26.9
375,2012-08-22,27.64
376,2012-08-23,27.61
377,2012-08-24,28.0
378,2012-08-27,28.89
379,2012-08-28,29.24
380,2012-08-29,30.97
381,2012-08-30,31.27
382,2012-08-31,30.28
383,2012-09-03,
384,2012-09-04,31.86
385,2012-09-05,31.11
386,2012-09-06,28.52
387,2012-09-07,28.49
388,2012-09-10,29.15
389,2012-09-11,29.16
390,2012-09-12,29.46
391,2012-09-13,26.91
392,2012-09-14,26.62
393,2012-09-17,27.27
394,2012-09-18,26.47
395,2012-09-19,26.05
396,2012-09-20,25.91
397,2012-09-21,25.16
398,2012-09-24,24.95
399,2012-09-25,26.89
400,2012-09-26,27.13
401,2012-09-27,26.07
402,2012-09-28,26.69
403,2012-10-01,26.59
404,2012-10-02,26.14
405,2012-10-03,25.82
406,2012-10-04,25.67
407,2012-10-05,24.93
408,2012-10-08,25.17
409,2012-10-09,25.39
410,2012-10-10,25.36
411,2012-10-11,24.41
412,2012-10-12,24.82
413,2012-10-15,23.54
414,2012-10-16,24.21
415,2012-10-17,23.76
416,2012-10-18,23.49
417,2012-10-19,23.8
418,2012-10-22,23.87
419,2012-10-23,26.33
420,2012-10-24,26.68
421,2012-10-25,25.48
422,2012-10-26,25.1
423,2012-10-29,
424,2012-10-30,
425,2012-10-31,25.34
426,2012-11-01,23.88
427,2012-11-02,24.65
428,2012-11-05,25.2
429,2012-11-06,24.67
430,2012-11-07,24.53
431,2012-11-08,25.81
432,2012-11-09,26.28
433,2012-11-12,24.55
434,2012-11-13,26.19
435,2012-11-14,26.65
436,2012-11-15,26.81
437,2012-11-16,25.03
438,2012-11-19,23.42
439,2012-11-20,23.1
440,2012-11-21,22.67
441,2012-11-22,
442,2012-11-23,21.51
443,2012-11-26,22.24
444,2012-11-27,23.02
445,2012-11-28,23.46
446,2012-11-29,22.82
447,2012-11-30,23.29
448,2012-12-03,24.15
449,2012-12-04,24.12
450,2012-12-05,23.75
451,2012-12-06,22.95
452,2012-12-07,21.83
453,2012-12-10,22.04
454,2012-12-11,21.83
455,2012-12-12,22.36
456,2012-12-13,22.93
457,2012-12-14,22.94
458,2012-12-17,22.98
459,2012-12-18,22.09
460,2012-12-19,22.56
461,2012-12-20,22.48
462,2012-12-21,22.59
463,2012-12-24,22.59
464,2012-12-25,
465,2012-12-26,22.64
466,2012-12-27,22.98
467,2012-12-28,24.74
468,2012-12-31,23.67
469,2013-01-01,
470,2013-01-02,19.96
471,2013-01-03,19.92
472,2013-01-04,19.38
473,2013-01-07,19.73
474,2013-01-08,19.64
475,2013-01-09,19.11
476,2013-01-10,19.02
477,2013-01-11,19.32
478,2013-01-14,18.66
479,2013-01-15,18.43
480,2013-01-16,18.96
481,2013-01-17,18.62
482,2013-01-18,17.48
483,2013-01-21,
484,2013-01-22,17.73
485,2013-01-23,17.72
486,2013-01-24,18.39
487,2013-01-25,18.36
488,2013-01-28,19.62
489,2013-01-29,19.5
490,2013-01-30,20.1
491,2013-01-31,19.71
492,2013-02-01,18.86
493,2013-02-04,20.39
494,2013-02-05,19.65
495,2013-02-06,19.52
496,2013-02-07,19.67
497,2013-02-08,19.01
498,2013-02-11,18.3
499,2013-02-12,17.71
500,2013-02-13,17.46
501,2013-02-14,17.46
502,2013-02-15,16.91
503,2013-02-18,
504,2013-02-19,16.67
505,2013-02-20,18.14
506,2013-02-21,19.39
507,2013-02-22,19.31
508,2013-02-25,21.13
509,2013-02-26,20.36
510,2013-02-27,18.87
511,2013-02-28,18.71
512,2013-03-01,19.04
513,2013-03-04,19.27
514,2013-03-05,18.72
515,2013-03-06,18.29
516,2013-03-07,18.0
517,2013-03-08,17.45
518,2013-03-11,17.35
519,2013-03-12,17.31
520,2013-03-13,18.36
521,2013-03-14,18.37
522,2013-03-15,17.74
523,2013-03-18,19.29
524,2013-03-19,20.35
525,2013-03-20,20.14
526,2013-03-21,21.65
527,2013-03-22,21.76
528,2013-03-25,20.51
529,2013-03-26,19.28
530,2013-03-27,18.5
531,2013-03-28,18.01
532,2013-03-29,
533,2013-04-01,19.17
534,2013-04-02,19.07
535,2013-04-03,19.14
536,2013-04-04,19.51
537,2013-04-05,19.65
538,2013-04-08,19.6
539,2013-04-09,19.1
540,2013-04-10,19.42
541,2013-04-11,19.5
542,2013-04-12,19.73
543,2013-04-15,23.61
544,2013-04-16,21.54
545,2013-04-17,24.04
546,2013-04-18,24.16
547,2013-04-19,22.28
548,2013-04-22,22.18
549,2013-04-23,21.35
550,2013-04-24,20.77
551,2013-04-25,20.37
552,2013-04-26,21.24
553,2013-04-29,20.41
554,2013-04-30,20.02
555,2013-05-01,20.98
556,2013-05-02,20.74
557,2013-05-03,20.22
558,2013-05-06,20.09
559,2013-05-07,19.53
560,2013-05-08,19.6
561,2013-05-09,20.06
562,2013-05-10,20.59
563,2013-05-13,20.41
564,2013-05-14,20.21
565,2013-05-15,19.84
566,2013-05-16,19.29
567,2013-05-17,18.06
568,2013-05-20,18.42
569,2013-05-21,18.25
570,2013-05-22,19.85
571,2013-05-23,20.48
572,2013-05-24,20.66
573,2013-05-27,
574,2013-05-28,21.24
575,2013-05-29,23.77
576,2013-05-30,23.67
577,2013-05-31,26.78
578,2013-06-03,26.03
579,2013-06-04,26.59
580,2013-06-05,27.95
581,2013-06-06,27.92
582,2013-06-07,28.48
583,2013-06-10,28.04
584,2013-06-11,30.75
585,2013-06-12,32.59
586,2013-06-13,30.87
587,2013-06-14,31.35
588,2013-06-17,33.34
589,2013-06-18,32.67
590,2013-06-19,33.85
591,2013-06-20,40.35
592,2013-06-21,38.47
593,2013-06-24,40.02
594,2013-06-25,37.43
595,2013-06-26,35.14
596,2013-06-27,32.9
597,2013-06-28,32.25
598,2013-07-01,31.52
599,2013-07-02,35.04
600,2013-07-03,35.36
601,2013-07-04,
602,2013-07-05,35.3
603,2013-07-08,34.69
604,2013-07-09,32.11
605,2013-07-10,32.06
606,2013-07-11,30.6
607,2013-07-12,31.43
608,2013-07-15,28.89
609,2013-07-16,30.16
610,2013-07-17,29.79
611,2013-07-18,29.23
612,2013-07-19,28.91
613,2013-07-22,25.88
614,2013-07-23,25.42
615,2013-07-24,27.42
616,2013-07-25,25.77
617,2013-07-26,26.12
618,2013-07-29,27.29
619,2013-07-30,27.58
620,2013-07-31,27.57
621,2013-08-01,26.54
622,2013-08-02,25.71
623,2013-08-05,26.53
624,2013-08-06,26.77
625,2013-08-07,26.95
626,2013-08-08,26.95
627,2013-08-09,26.27
628,2013-08-12,27.84
629,2013-08-13,27.6
630,2013-08-14,28.25
631,2013-08-15,28.74
632,2013-08-16,30.04
633,2013-08-19,31.76
634,2013-08-20,31.35
635,2013-08-21,31.64
636,2013-08-22,30.56
637,2013-08-23,29.01
638,2013-08-26,31.57
639,2013-08-27,32.72
640,2013-08-28,32.41
641,2013-08-29,32.61
642,2013-08-30,32.18
643,2013-09-02,
644,2013-09-03,31.97
645,2013-09-04,30.67
646,2013-09-05,29.26
647,2013-09-06,29.49
648,2013-09-09,29.53
649,2013-09-10,29.65
650,2013-09-11,28.42
651,2013-09-12,27.96
652,2013-09-13,27.57
653,2013-09-16,28.56
654,2013-09-17,29.47
655,2013-09-18,26.96
656,2013-09-19,26.33
657,2013-09-20,27.55
658,2013-09-23,26.27
659,2013-09-24,25.37
660,2013-09-25,25.39
661,2013-09-26,25.17
662,2013-09-27,26.05
663,2013-09-30,27.66
664,2013-10-01,26.81
665,2013-10-02,26.46
666,2013-10-03,27.37
667,2013-10-04,26.92
668,2013-10-07,28.55
669,2013-10-08,29.25
670,2013-10-09,28.85
671,2013-10-10,27.1
672,2013-10-11,25.45
673,2013-10-14,25.69
674,2013-10-15,26.38
675,2013-10-16,24.92
676,2013-10-17,22.97
677,2013-10-18,22.09
678,2013-10-21,21.78
679,2013-10-22,21.45
680,2013-10-23,23.25
681,2013-10-24,23.98
682,2013-10-25,23.82
683,2013-10-28,24.03
684,2013-10-29,23.59
685,2013-10-30,23.65
686,2013-10-31,24.44
687,2013-11-01,25.42
688,2013-11-04,25.72
689,2013-11-05,27.59
690,2013-11-06,27.59
691,2013-11-07,28.85
692,2013-11-08,28.59
693,2013-11-11,28.51
694,2013-11-12,28.65
695,2013-11-13,27.75
696,2013-11-14,26.79
697,2013-11-15,26.78
698,2013-11-18,27.42
699,2013-11-19,28.01
700,2013-11-20,28.94
701,2013-11-21,29.05
702,2013-11-22,28.63
703,2013-11-25,29.09
704,2013-11-26,28.87
705,2013-11-27,28.97
706,2013-11-28,
707,2013-11-29,27.8
708,2013-12-02,28.91
709,2013-12-03,29.16
710,2013-12-04,28.82
711,2013-12-05,29.18
712,2013-12-06,27.55
713,2013-12-09,27.02
714,2013-12-10,26.56
715,2013-12-11,27.9
716,2013-12-12,27.9
717,2013-12-13,27.46
718,2013-12-16,27.24
719,2013-12-17,27.81
720,2013-12-18,26.06
721,2013-12-19,24.88
722,2013-12-20,24.59
723,2013-12-23,23.74
724,2013-12-24,23.13
725,2013-12-25,
726,2013-12-26,23.15
727,2013-12-27,22.67
728,2013-12-30,23.44
729,2013-12-31,23.39
730,2014-01-01,
731,2014-01-02,26.19
732,2014-01-03,25.2
733,2014-01-06,25.9
734,2014-01-07,24.48
735,2014-01-08,24.61
736,2014-01-09,25.67
737,2014-01-10,24.64
738,2014-01-13,24.3
739,2014-01-14,24.14
740,2014-01-15,23.78
741,2014-01-16,23.94
742,2014-01-17,23.0
743,2014-01-20,
744,2014-01-21,24.81
745,2014-01-22,23.86
746,2014-01-23,25.57
747,2014-01-24,28.28
748,2014-01-27,29.68
749,2014-01-28,29.43
750,2014-01-29,30.1
751,2014-01-30,29.28
752,2014-01-31,30.0
753,2014-02-03,31.95
754,2014-02-04,31.29
755,2014-02-05,31.13
756,2014-02-06,30.49
757,2014-02-07,28.78
758,2014-02-10,29.76
759,2014-02-11,28.5
760,2014-02-12,29.8
761,2014-02-13,29.1
762,2014-02-14,29.53
763,2014-02-17,
764,2014-02-18,32.03
765,2014-02-19,31.66
766,2014-02-20,31.16
767,2014-02-21,30.29
768,2014-02-24,30.41
769,2014-02-25,30.79
770,2014-02-26,30.56
771,2014-02-27,29.37
772,2014-02-28,30.25
773,2014-03-03,33.39
774,2014-03-04,32.1
775,2014-03-05,29.89
776,2014-03-06,30.05
777,2014-03-07,31.94
778,2014-03-10,33.66
779,2014-03-11,33.42
780,2014-03-12,31.9
781,2014-03-13,32.69
782,2014-03-14,33.63
783,2014-03-17,31.65
784,2014-03-18,29.67
785,2014-03-19,29.54
786,2014-03-20,28.79
787,2014-03-21,29.49
788,2014-03-24,30.1
789,2014-03-25,29.03
790,2014-03-26,28.58
791,2014-03-27,28.46
792,2014-03-28,28.16
793,2014-03-31,28.05
794,2014-04-01,26.77
795,2014-04-02,26.24
796,2014-04-03,27.09
797,2014-04-04,27.82
798,2014-04-07,28.94
799,2014-04-08,29.26
800,2014-04-09,29.4
801,2014-04-10,30.38
802,2014-04-11,30.35
803,2014-04-14,30.78
804,2014-04-15,32.19
805,2014-04-16,30.27
806,2014-04-17,30.43
807,2014-04-18,
808,2014-04-21,30.19
809,2014-04-22,30.1
810,2014-04-23,28.92
811,2014-04-24,27.67
812,2014-04-25,28.86
813,2014-04-28,29.25
814,2014-04-29,28.04
815,2014-04-30,27.17
816,2014-05-01,26.66
817,2014-05-02,25.51
818,2014-05-05,26.44
819,2014-05-06,26.04
820,2014-05-07,25.71
821,2014-05-08,25.35
822,2014-05-09,24.95
823,2014-05-12,23.15
824,2014-05-13,22.58
825,2014-05-14,22.73
826,2014-05-15,23.24
827,2014-05-16,22.82
828,2014-05-19,22.99
829,2014-05-20,24.64
830,2014-05-21,24.24
831,2014-05-22,23.47
832,2014-05-23,23.35
833,2014-05-26,
834,2014-05-27,24.98
835,2014-05-28,23.68
836,2014-05-29,23.65
837,2014-05-30,24.75
838,2014-06-02,25.81
839,2014-06-03,25.38
840,2014-06-04,25.41
841,2014-06-05,24.94
842,2014-06-06,24.26
843,2014-06-09,24.19
844,2014-06-10,24.48
845,2014-06-11,24.5
846,2014-06-12,24.9
847,2014-06-13,24.49
848,2014-06-16,24.83
849,2014-06-17,24.67
850,2014-06-18,24.87
851,2014-06-19,25.13
852,2014-06-20,25.04
853,2014-06-23,25.35
854,2014-06-24,24.35
855,2014-06-25,24.79
856,2014-06-26,24.81
857,2014-06-27,24.0
858,2014-06-30,24.92
859,2014-07-01,24.45
860,2014-07-02,24.69
861,2014-07-03,23.97
862,2014-07-04,
863,2014-07-07,24.52
864,2014-07-08,24.6
865,2014-07-09,24.77
866,2014-07-10,24.62
867,2014-07-11,23.85
868,2014-07-14,23.92
869,2014-07-15,23.86
870,2014-07-16,23.92
871,2014-07-17,25.57
872,2014-07-18,24.97
873,2014-07-21,25.86
874,2014-07-22,25.86
875,2014-07-23,25.15
876,2014-07-24,24.55
877,2014-07-25,24.62
878,2014-07-28,25.41
879,2014-07-29,25.88
880,2014-07-30,26.23
881,2014-07-31,28.17
882,2014-08-01,28.34
883,2014-08-04,28.42
884,2014-08-05,29.34
885,2014-08-06,29.1
886,2014-08-07,29.14
887,2014-08-08,27.51
888,2014-08-11,24.09
889,2014-08-12,25.09
890,2014-08-13,26.15
891,2014-08-14,26.31
892,2014-08-15,26.85
893,2014-08-18,24.25
894,2014-08-19,23.41
895,2014-08-20,23.5
896,2014-08-21,24.29
897,2014-08-22,24.4
898,2014-08-25,25.51
899,2014-08-26,25.44
900,2014-08-27,25.05
901,2014-08-28,26.35
902,2014-08-29,26.68
903,2014-09-01,
904,2014-09-02,28.19
905,2014-09-03,28.39
906,2014-09-04,28.23
907,2014-09-05,28.15
908,2014-09-08,30.11
909,2014-09-09,32.18
910,2014-09-10,32.47
911,2014-09-11,33.2
912,2014-09-12,34.76
913,2014-09-15,36.33
914,2014-09-16,36.15
915,2014-09-17,36.41
916,2014-09-18,36.74
917,2014-09-19,37.23
918,2014-09-22,39.24
919,2014-09-23,42.5
920,2014-09-24,40.27
921,2014-09-25,41.15
922,2014-09-26,39.71
923,2014-09-29,45.6
924,2014-09-30,44.24
925,2014-10-01,43.73
926,2014-10-02,43.49
927,2014-10-03,43.93
928,2014-10-06,51.03
929,2014-10-07,54.73
930,2014-10-08,57.61
931,2014-10-09,56.24
932,2014-10-10,54.42
933,2014-10-13,66.7
934,2014-10-14,66.56
935,2014-10-15,66.82
936,2014-10-16,68.51
937,2014-10-17,70.03
938,2014-10-20,72.83
939,2014-10-21,67.66
940,2014-10-22,61.17
941,2014-10-23,53.6
942,2014-10-24,58.16
943,2014-10-27,31.3
944,2014-10-28,31.18
945,2014-10-29,33.2
946,2014-10-30,33.87
947,2014-10-31,34.22
948,2014-11-03,34.82
949,2014-11-04,35.33
950,2014-11-05,35.72
951,2014-11-06,36.72
952,2014-11-07,35.76
953,2014-11-10,35.07
954,2014-11-11,32.83
955,2014-11-12,32.95
956,2014-11-13,32.65
957,2014-11-14,33.88
958,2014-11-17,34.74
959,2014-11-18,34.41
960,2014-11-19,35.39
961,2014-11-20,35.81
962,2014-11-21,35.61
963,2014-11-24,36.47
964,2014-11-25,35.32
965,2014-11-26,35.11
966,2014-11-27,
967,2014-11-28,34.28
968,2014-12-01,36.11
969,2014-12-02,35.01
970,2014-12-03,32.45
971,2014-12-04,32.43
972,2014-12-05,31.66
973,2014-12-08,33.26
974,2014-12-09,33.7
975,2014-12-10,34.01
976,2014-12-11,34.78
977,2014-12-12,35.38
978,2014-12-15,39.94
979,2014-12-16,41.27
980,2014-12-17,39.46
981,2014-12-18,37.34
982,2014-12-19,34.79
983,2014-12-22,33.9
984,2014-12-23,33.25
985,2014-12-24,32.7
986,2014-12-25,
987,2014-12-26,32.93
988,2014-12-29,34.27
989,2014-12-30,32.96
990,2014-12-31,34.21
991,2015-01-01,
992,2015-01-02,34.57
993,2015-01-05,37.12
994,2015-01-06,36.45
995,2015-01-07,35.0
996,2015-01-08,34.32
997,2015-01-09,33.85
998,2015-01-12,34.84
999,2015-01-13,33.99
1000,2015-01-14,35.81
1001,2015-01-15,35.1
1002,2015-01-16,34.16
1003,2015-01-19,
1004,2015-01-20,34.94
1005,2015-01-21,33.42
1006,2015-01-22,32.04
1007,2015-01-23,32.67
1008,2015-01-26,33.0
1009,2015-01-27,32.91
1010,2015-01-28,34.68
1011,2015-01-29,34.71
1012,2015-01-30,37.75
1013,2015-02-02,37.71
1014,2015-02-03,35.74
1015,2015-02-04,36.3
1016,2015-02-05,35.61
1017,2015-02-06,36.96
1018,2015-02-09,38.05
1019,2015-02-10,39.1
1020,2015-02-11,40.44
1021,2015-02-12,38.43
1022,2015-02-13,36.97
1023,2015-02-16,
1024,2015-02-17,37.44
1025,2015-02-18,37.78
1026,2015-02-19,36.02
1027,2015-02-20,34.56
1028,2015-02-23,34.54
1029,2015-02-24,33.52
1030,2015-02-25,33.69
1031,2015-02-26,33.61
1032,2015-02-27,32.7
1033,2015-03-02,34.32
1034,2015-03-03,34.15
1035,2015-03-04,35.42
1036,2015-03-05,35.04
1037,2015-03-06,36.19
1038,2015-03-09,38.13
1039,2015-03-10,39.09
1040,2015-03-11,38.28
1041,2015-03-12,37.59
1042,2015-03-13,40.17
1043,2015-03-16,40.3
1044,2015-03-17,39.41
1045,2015-03-18,38.89
1046,2015-03-19,38.84
1047,2015-03-20,37.08
1048,2015-03-23,37.1
1049,2015-03-24,37.23
1050,2015-03-25,38.51
1051,2015-03-26,38.52
1052,2015-03-27,36.93
1053,2015-03-30,36.16
1054,2015-03-31,35.0
1055,2015-04-01,35.92
1056,2015-04-02,35.79
1057,2015-04-03,
1058,2015-04-06,36.33
1059,2015-04-07,35.59
1060,2015-04-08,34.37
1061,2015-04-09,34.58
1062,2015-04-10,34.45
1063,2015-04-13,34.85
1064,2015-04-14,34.52
1065,2015-04-15,33.85
1066,2015-04-16,33.57
1067,2015-04-17,34.02
1068,2015-04-20,34.16
1069,2015-04-21,33.8
1070,2015-04-22,32.8
1071,2015-04-23,31.76
1072,2015-04-24,31.42
1073,2015-04-27,32.17
1074,2015-04-28,32.09
1075,2015-04-29,32.63
1076,2015-04-30,32.87
1077,2015-05-01,32.24
1078,2015-05-04,32.72
1079,2015-05-05,32.53
1080,2015-05-06,32.73
1081,2015-05-07,32.67
1082,2015-05-08,30.49
1083,2015-05-11,30.61
1084,2015-05-12,30.76
1085,2015-05-13,29.63
1086,2015-05-14,29.5
1087,2015-05-15,28.84
1088,2015-05-18,29.41
1089,2015-05-19,29.76
1090,2015-05-20,29.37
1091,2015-05-21,29.08
1092,2015-05-22,28.99
1093,2015-05-25,
1094,2015-05-26,31.56
1095,2015-05-27,31.56
1096,2015-05-28,31.94
1097,2015-05-29,32.07
1098,2015-06-01,32.52
1099,2015-06-02,31.66
1100,2015-06-03,31.32
1101,2015-06-04,31.56
1102,2015-06-05,31.62
1103,2015-06-08,31.65
1104,2015-06-09,31.34
1105,2015-06-10,30.29
1106,2015-06-11,30.63
1107,2015-06-12,31.28
1108,2015-06-15,32.01
1109,2015-06-16,31.32
1110,2015-06-17,30.33
1111,2015-06-18,30.01
1112,2015-06-19,29.77
1113,2015-06-22,29.17
1114,2015-06-23,28.15
1115,2015-06-24,27.63
1116,2015-06-25,29.14
1117,2015-06-26,29.22
1118,2015-06-29,30.83
1119,2015-06-30,30.3
1120,2015-07-01,29.62
1121,2015-07-02,29.35
1122,2015-07-03,
1123,2015-07-06,31.27
1124,2015-07-07,31.68
1125,2015-07-08,33.47
1126,2015-07-09,32.33
1127,2015-07-10,31.52
1128,2015-07-13,29.23
1129,2015-07-14,29.09
1130,2015-07-15,29.08
1131,2015-07-16,28.52
1132,2015-07-17,30.06
1133,2015-07-20,31.18
1134,2015-07-21,31.37
1135,2015-07-22,32.37
1136,2015-07-23,34.62
1137,2015-07-24,38.08
1138,2015-07-27,40.66
1139,2015-07-28,39.66
1140,2015-07-29,36.61
1141,2015-07-30,37.08
1142,2015-07-31,36.33
1143,2015-08-03,37.72
1144,2015-08-04,37.34
1145,2015-08-05,37.3
1146,2015-08-06,38.95
1147,2015-08-07,39.88
1148,2015-08-10,39.66
1149,2015-08-11,40.74
1150,2015-08-12,40.93
1151,2015-08-13,41.4
1152,2015-08-14,40.51
1153,2015-08-17,39.48
1154,2015-08-18,39.42
1155,2015-08-19,40.05
1156,2015-08-20,40.53
1157,2015-08-21,48.76
1158,2015-08-24,52.03
1159,2015-08-25,50.58
1160,2015-08-26,46.01
1161,2015-08-27,43.32
1162,2015-08-28,46.13
1163,2015-08-31,48.25
1164,2015-09-01,55.32
1165,2015-09-02,53.65
1166,2015-09-03,52.88
1167,2015-09-04,55.87
1168,2015-09-07,
1169,2015-09-08,53.57
1170,2015-09-09,52.1
1171,2015-09-10,53.91
1172,2015-09-11,53.11
1173,2015-09-14,53.68
1174,2015-09-15,52.46
1175,2015-09-16,49.34
1176,2015-09-17,47.23
1177,2015-09-18,48.97
1178,2015-09-21,50.22
1179,2015-09-22,52.61
1180,2015-09-23,55.07
1181,2015-09-24,58.54
1182,2015-09-25,55.48
1183,2015-09-28,59.38
1184,2015-09-29,59.33
1185,2015-09-30,55.23
1186,2015-10-01,53.5
1187,2015-10-02,51.42
1188,2015-10-05,49.44
1189,2015-10-06,48.7
1190,2015-10-07,48.96
1191,2015-10-08,47.95
1192,2015-10-09,46.8
1193,2015-10-12,48.57
1194,2015-10-13,51.11
1195,2015-10-14,49.84
1196,2015-10-15,49.5
1197,2015-10-16,49.39
1198,2015-10-19,49.86
1199,2015-10-20,48.39
1200,2015-10-21,48.22
1201,2015-10-22,46.94
1202,2015-10-23,46.51
1203,2015-10-26,47.26
1204,2015-10-27,46.05
1205,2015-10-28,45.86
1206,2015-10-29,45.56
1207,2015-10-30,43.32
1208,2015-11-02,42.69
1209,2015-11-03,40.44
1210,2015-11-04,41.75
1211,2015-11-05,41.2
1212,2015-11-06,41.63
1213,2015-11-09,43.67
1214,2015-11-10,44.01
1215,2015-11-11,44.28
1216,2015-11-12,45.55
1217,2015-11-13,46.71
1218,2015-11-16,45.75
1219,2015-11-17,44.88
1220,2015-11-18,42.29
1221,2015-11-19,40.41
1222,2015-11-20,40.71
1223,2015-11-23,40.62
1224,2015-11-24,40.15
1225,2015-11-25,42.73
1226,2015-11-26,
1227,2015-11-27,43.22
1228,2015-11-30,45.98
1229,2015-12-01,46.2
1230,2015-12-02,47.68
1231,2015-12-03,45.72
1232,2015-12-04,45.0
1233,2015-12-07,46.1
1234,2015-12-08,49.56
1235,2015-12-09,48.1
1236,2015-12-10,50.05
1237,2015-12-11,54.01
1238,2015-12-14,54.39
1239,2015-12-15,50.56
1240,2015-12-16,48.42
1241,2015-12-17,48.09
1242,2015-12-18,50.07
1243,2015-12-21,49.3
1244,2015-12-22,45.12
1245,2015-12-23,42.1
1246,2015-12-24,41.4
1247,2015-12-25,
1248,2015-12-28,42.88
1249,2015-12-29,41.62
1250,2015-12-30,43.55
1251,2015-12-31,43.79
1252,2016-01-01,
1253,2016-01-04,46.92
1254,2016-01-05,45.14
1255,2016-01-06,45.43
1256,2016-01-07,47.33
1257,2016-01-08,47.42
1258,2016-01-11,46.04
1259,2016-01-12,46.1
1260,2016-01-13,46.32
1261,2016-01-14,45.18
1262,2016-01-15,49.81
1263,2016-01-18,
1264,2016-01-19,49.56
1265,2016-01-20,51.09
1266,2016-01-21,52.29
1267,2016-01-22,49.31
1268,2016-01-25,50.97
1269,2016-01-26,48.86
1270,2016-01-27,46.09
1271,2016-01-28,45.25
1272,2016-01-29,42.95
1273,2016-02-01,44.99
1274,2016-02-02,49.19
1275,2016-02-03,50.97
1276,2016-02-04,50.94
1277,2016-02-05,52.72
1278,2016-02-08,55.7
1279,2016-02-09,56.35
1280,2016-02-10,53.0
1281,2016-02-11,55.61
1282,2016-02-12,53.1
1283,2016-02-15,
1284,2016-02-16,52.07
1285,2016-02-17,51.26
1286,2016-02-18,49.74
1287,2016-02-19,48.05
1288,2016-02-22,46.92
1289,2016-02-23,47.21
1290,2016-02-24,49.04
1291,2016-02-25,48.18
1292,2016-02-26,48.26
1293,2016-02-29,48.48
1294,2016-03-01,46.97
1295,2016-03-02,46.83
1296,2016-03-03,49.0
1297,2016-03-04,53.09
1298,2016-03-07,52.37
1299,2016-03-08,53.03
1300,2016-03-09,52.16
1301,2016-03-10,51.78
1302,2016-03-11,51.17
1303,2016-03-14,50.68
1304,2016-03-15,54.26
1305,2016-03-16,52.93
1306,2016-03-17,54.7
1307,2016-03-18,51.96
1308,2016-03-21,49.76
1309,2016-03-22,48.63
1310,2016-03-23,52.19
1311,2016-03-24,53.71
1312,2016-03-25,
1313,2016-03-28,54.48
1314,2016-03-29,52.2
1315,2016-03-30,50.02
1316,2016-03-31,51.49
1317,2016-04-01,50.94
1318,2016-04-04,55.37
1319,2016-04-05,57.2
1320,2016-04-06,56.59
1321,2016-04-07,53.18
1322,2016-04-08,53.93
1323,2016-04-11,58.05
1324,2016-04-12,57.79
1325,2016-04-13,55.63
1326,2016-04-14,52.41
1327,2016-04-15,55.43
1328,2016-04-18,47.77
1329,2016-04-19,44.69
1330,2016-04-20,44.3
1331,2016-04-21,44.24
1332,2016-04-22,42.55
1333,2016-04-25,43.41
1334,2016-04-26,40.72
1335,2016-04-27,40.27
1336,2016-04-28,40.26
1337,2016-04-29,40.81
1338,2016-05-02,43.09
1339,2016-05-03,44.3
1340,2016-05-04,42.73
1341,2016-05-05,43.2
1342,2016-05-06,43.09
1343,2016-05-09,45.53
1344,2016-05-10,42.03
1345,2016-05-11,41.43
1346,2016-05-12,40.81
1347,2016-05-13,44.1
1348,2016-05-16,43.4
1349,2016-05-17,43.64
1350,2016-05-18,44.05
1351,2016-05-19,43.19
1352,2016-05-20,41.89
1353,2016-05-23,43.27
1354,2016-05-24,42.77
1355,2016-05-25,42.53
1356,2016-05-26,40.89
1357,2016-05-27,40.02
1358,2016-05-30,
1359,2016-05-31,40.49
1360,2016-06-01,38.6
1361,2016-06-02,37.61
1362,2016-06-03,36.53
1363,2016-06-06,37.1
1364,2016-06-07,36.36
1365,2016-06-08,36.38
1366,2016-06-09,37.71
1367,2016-06-10,41.06
1368,2016-06-13,42.94
1369,2016-06-14,44.73
1370,2016-06-15,42.49
1371,2016-06-16,43.27
1372,2016-06-17,42.64
1373,2016-06-20,41.15
1374,2016-06-21,40.95
1375,2016-06-22,43.52
1376,2016-06-23,39.76
1377,2016-06-24,42.22
1378,2016-06-27,42.22
1379,2016-06-28,38.62
1380,2016-06-29,36.93
1381,2016-06-30,36.61
1382,2016-07-01,36.0
1383,2016-07-04,
1384,2016-07-05,38.37
1385,2016-07-06,37.82
1386,2016-07-07,37.0
1387,2016-07-08,36.26
1388,2016-07-11,35.5
1389,2016-07-12,35.6
1390,2016-07-13,34.59
1391,2016-07-14,34.42
1392,2016-07-15,34.24
1393,2016-07-18,34.08
1394,2016-07-19,33.12
1395,2016-07-20,32.66
1396,2016-07-21,33.0
1397,2016-07-22,32.37
1398,2016-07-25,33.61
1399,2016-07-26,33.17
1400,2016-07-27,32.19
1401,2016-07-28,32.73
1402,2016-07-29,31.42
1403,2016-08-01,33.06
1404,2016-08-02,33.61
1405,2016-08-03,33.03
1406,2016-08-04,33.3
1407,2016-08-05,33.0
1408,2016-08-08,33.56
1409,2016-08-09,32.82
1410,2016-08-10,33.15
1411,2016-08-11,31.89
1412,2016-08-12,31.82
1413,2016-08-15,32.37
1414,2016-08-16,33.64
1415,2016-08-17,33.18
1416,2016-08-18,32.4
1417,2016-08-19,31.6
1418,2016-08-22,32.9
1419,2016-08-23,32.43
1420,2016-08-24,33.52
1421,2016-08-25,34.17
1422,2016-08-26,33.78
1423,2016-08-29,32.96
1424,2016-08-30,33.53
1425,2016-08-31,33.06
1426,2016-09-01,32.71
1427,2016-09-02,30.58
1428,2016-09-05,
1429,2016-09-06,31.17
1430,2016-09-07,30.77
1431,2016-09-08,30.98
1432,2016-09-09,34.31
1433,2016-09-12,33.96
1434,2016-09-13,38.32
1435,2016-09-14,38.32
1436,2016-09-15,37.38
1437,2016-09-16,36.18
1438,2016-09-19,36.55
1439,2016-09-20,36.73
1440,2016-09-21,32.48
1441,2016-09-22,32.26
1442,2016-09-23,32.91
1443,2016-09-26,34.86
1444,2016-09-27,33.16
1445,2016-09-28,31.75
1446,2016-09-29,35.04
1447,2016-09-30,33.63
1448,2016-10-03,33.61
1449,2016-10-04,34.79
1450,2016-10-05,35.26
1451,2016-10-06,35.02
1452,2016-10-07,34.22
1453,2016-10-10,34.17
1454,2016-10-11,35.3
1455,2016-10-12,35.53
1456,2016-10-13,35.01
1457,2016-10-14,34.08
1458,2016-10-17,32.99
1459,2016-10-18,31.41
1460,2016-10-19,31.46
1461,2016-10-20,29.9
1462,2016-10-21,29.46
1463,2016-10-24,29.42
1464,2016-10-25,28.99
1465,2016-10-26,30.35
1466,2016-10-27,30.63
1467,2016-10-28,31.43
1468,2016-10-31,32.05
1469,2016-11-01,36.12
1470,2016-11-02,37.37
1471,2016-11-03,38.1
1472,2016-11-04,38.92
1473,2016-11-07,36.7
1474,2016-11-08,35.72
1475,2016-11-09,34.23
1476,2016-11-10,41.21
1477,2016-11-11,45.24
1478,2016-11-14,46.31
1479,2016-11-15,42.97
1480,2016-11-16,42.4
1481,2016-11-17,39.76
1482,2016-11-18,39.37
1483,2016-11-21,36.65
1484,2016-11-22,35.69
1485,2016-11-23,36.01
1486,2016-11-24,
1487,2016-11-25,37.68
1488,2016-11-28,38.08
1489,2016-11-29,38.92
1490,2016-11-30,38.53
1491,2016-12-01,44.98
1492,2016-12-02,42.87
1493,2016-12-05,39.49
1494,2016-12-06,37.73
1495,2016-12-07,37.08
1496,2016-12-08,37.53
1497,2016-12-09,37.79
1498,2016-12-12,40.17
1499,2016-12-13,37.29
1500,2016-12-14,38.12
1501,2016-12-15,35.92
1502,2016-12-16,36.16
1503,2016-12-19,35.6
1504,2016-12-20,35.53
1505,2016-12-21,35.3
1506,2016-12-22,35.07
1507,2016-12-23,34.35
1508,2016-12-26,
1509,2016-12-27,35.4
1510,2016-12-28,35.16
1511,2016-12-29,34.32
1512,2016-12-30,35.57
1513,2017-01-02,
1514,2017-01-03,35.65
1515,2017-01-04,34.66
1516,2017-01-05,33.98
1517,2017-01-06,34.22
1518,2017-01-09,34.79
1519,2017-01-10,33.62
1520,2017-01-11,33.87
1521,2017-01-12,32.74
1522,2017-01-13,32.13
1523,2017-01-16,
1524,2017-01-17,32.87
1525,2017-01-18,33.02
1526,2017-01-19,33.03
1527,2017-01-20,29.57
1528,2017-01-23,29.33
1529,2017-01-24,29.27
1530,2017-01-25,28.65
1531,2017-01-26,29.79
1532,2017-01-27,28.79
1533,2017-01-30,31.45
1534,2017-01-31,31.41
1535,2017-02-01,30.32
1536,2017-02-02,29.17
1537,2017-02-03,27.98
1538,2017-02-06,28.47
1539,2017-02-07,27.8
1540,2017-02-08,26.34
1541,2017-02-09,26.39
1542,2017-02-10,26.37
1543,2017-02-13,26.34
1544,2017-02-14,26.49
1545,2017-02-15,27.18
1546,2017-02-16,27.26
1547,2017-02-17,27.07
1548,2017-02-20,
1549,2017-02-21,27.12
1550,2017-02-22,27.91
1551,2017-02-23,28.58
1552,2017-02-24,30.09
1553,2017-02-27,30.42
1554,2017-02-28,32.27
1555,2017-03-01,31.32
1556,2017-03-02,33.46
1557,2017-03-03,33.21
1558,2017-03-06,32.65
1559,2017-03-07,31.36
1560,2017-03-08,33.08
1561,2017-03-09,33.21
1562,2017-03-10,32.55
1563,2017-03-13,30.69
1564,2017-03-14,31.3
1565,2017-03-15,30.24
1566,2017-03-16,29.9
1567,2017-03-17,29.77
1568,2017-03-20,30.07
1569,2017-03-21,33.3
1570,2017-03-22,34.35
1571,2017-03-23,35.68
1572,2017-03-24,34.59
1573,2017-03-27,35.55
1574,2017-03-28,33.68
1575,2017-03-29,32.02
1576,2017-03-30,31.53
1577,2017-03-31,30.75
1578,2017-04-03,30.6
1579,2017-04-04,29.69
1580,2017-04-05,30.62
1581,2017-04-06,31.65
1582,2017-04-07,31.6
1583,2017-04-10,32.17
1584,2017-04-11,33.96
1585,2017-04-12,34.03
1586,2017-04-13,34.94
1587,2017-04-14,
1588,2017-04-17,34.54
1589,2017-04-18,34.9
1590,2017-04-19,35.7
1591,2017-04-20,35.64
1592,2017-04-21,35.7
1593,2017-04-24,29.56
1594,2017-04-25,29.6
1595,2017-04-26,31.5
1596,2017-04-27,30.27
1597,2017-04-28,29.91
1598,2017-05-01,29.79
1599,2017-05-02,30.2
1600,2017-05-03,30.21
1601,2017-05-04,31.98
1602,2017-05-05,31.36
1603,2017-05-08,31.81
1604,2017-05-09,31.41
1605,2017-05-10,31.97
1606,2017-05-11,32.87
1607,2017-05-12,31.46
1608,2017-05-15,32.5
1609,2017-05-16,32.23
1610,2017-05-17,36.41
1611,2017-05-18,50.34
1612,2017-05-19,43.79
1613,2017-05-22,43.89
1614,2017-05-23,41.4
1615,2017-05-24,41.14
1616,2017-05-25,42.49
1617,2017-05-26,40.6
1618,2017-05-29,
1619,2017-05-30,38.62
1620,2017-05-31,38.29
1621,2017-06-01,38.48
1622,2017-06-02,37.69
1623,2017-06-05,37.51
1624,2017-06-06,36.13
1625,2017-06-07,34.9
1626,2017-06-08,35.23
1627,2017-06-09,35.93
1628,2017-06-12,37.37
1629,2017-06-13,33.19
1630,2017-06-14,32.9
1631,2017-06-15,32.33
1632,2017-06-16,30.25
1633,2017-06-19,31.2
1634,2017-06-20,33.55
1635,2017-06-21,34.25
1636,2017-06-22,30.94
1637,2017-06-23,29.95
1638,2017-06-26,30.99
1639,2017-06-27,32.7
1640,2017-06-28,31.67
1641,2017-06-29,32.28
1642,2017-06-30,30.62
1643,2017-07-03,30.18
1644,2017-07-04,
1645,2017-07-05,29.32
1646,2017-07-06,30.96
1647,2017-07-07,30.23
1648,2017-07-10,29.8
1649,2017-07-11,29.19
1650,2017-07-12,28.72
1651,2017-07-13,26.98
1652,2017-07-14,26.07
1653,2017-07-17,26.07
1654,2017-07-18,26.58
1655,2017-07-19,26.27
1656,2017-07-20,24.87
1657,2017-07-21,25.26
1658,2017-07-24,25.66
1659,2017-07-25,25.01
1660,2017-07-26,24.64
1661,2017-07-27,25.33
1662,2017-07-28,25.22
1663,2017-07-31,25.31
1664,2017-08-01,24.78
1665,2017-08-02,24.92
1666,2017-08-03,24.94
1667,2017-08-04,24.33
1668,2017-08-07,24.39
1669,2017-08-08,25.18
1670,2017-08-09,25.94
1671,2017-08-10,28.91
1672,2017-08-11,27.87
1673,2017-08-14,25.89
1674,2017-08-15,25.09
1675,2017-08-16,23.86
1676,2017-08-17,25.21
1677,2017-08-18,24.7
1678,2017-08-21,26.12
1679,2017-08-22,25.85
1680,2017-08-23,25.44
1681,2017-08-24,25.37
1682,2017-08-25,25.08
1683,2017-08-28,25.66
1684,2017-08-29,25.38
1685,2017-08-30,25.71
1686,2017-08-31,25.24
1687,2017-09-01,24.64
1688,2017-09-04,
1689,2017-09-05,27.43
1690,2017-09-06,27.07
1691,2017-09-07,26.43
1692,2017-09-08,27.43
1693,2017-09-11,29.39
1694,2017-09-12,29.71
1695,2017-09-13,29.88
1696,2017-09-14,29.17
1697,2017-09-15,28.88
1698,2017-09-18,28.28
1699,2017-09-19,28.39
1700,2017-09-20,28.68
1701,2017-09-21,28.87
1702,2017-09-22,28.69
1703,2017-09-25,31.38
1704,2017-09-26,31.11
1705,2017-09-27,32.75
1706,2017-09-28,31.88
1707,2017-09-29,30.63
1708,2017-10-02,30.77
1709,2017-10-03,28.07
1710,2017-10-04,28.06
1711,2017-10-05,29.07
1712,2017-10-06,30.34
1713,2017-10-09,32.17
1714,2017-10-10,29.57
1715,2017-10-11,28.95
1716,2017-10-12,28.94
1717,2017-10-13,27.27
1718,2017-10-16,28.0
1719,2017-10-17,27.1
1720,2017-10-18,27.43
1721,2017-10-19,28.05
1722,2017-10-20,27.97
1723,2017-10-23,29.97
1724,2017-10-24,29.86
1725,2017-10-25,29.52
1726,2017-10-26,31.87
1727,2017-10-27,31.55
1728,2017-10-30,35.04
1729,2017-10-31,33.06
1730,2017-11-01,32.04
1731,2017-11-02,30.37
1732,2017-11-03,31.64
1733,2017-11-06,31.23
1734,2017-11-07,32.52
1735,2017-11-08,32.54
1736,2017-11-09,34.28
1737,2017-11-10,33.62
1738,2017-11-13,34.65
1739,2017-11-14,34.49
1740,2017-11-15,33.49
1741,2017-11-16,33.0
1742,2017-11-17,33.96
1743,2017-11-20,32.55
1744,2017-11-21,33.45
1745,2017-11-22,32.6
1746,2017-11-23,
1747,2017-11-24,33.19
1748,2017-11-27,33.27
1749,2017-11-28,33.25
1750,2017-11-29,33.62
1751,2017-11-30,33.5
1752,2017-12-01,34.57
1753,2017-12-04,35.15
1754,2017-12-05,35.06
1755,2017-12-06,35.73
1756,2017-12-07,34.66
1757,2017-12-08,33.44
1758,2017-12-11,31.88
1759,2017-12-12,30.13
1760,2017-12-13,28.95
1761,2017-12-14,29.43
1762,2017-12-15,25.78
1763,2017-12-18,27.1
1764,2017-12-19,24.19
1765,2017-12-20,25.45
1766,2017-12-21,26.54
1767,2017-12-22,24.99
1768,2017-12-25,
1769,2017-12-26,25.86
1770,2017-12-27,26.22
1771,2017-12-28,25.63
1772,2017-12-29,27.22
1773,2018-01-01,
1774,2018-01-02,29.48
1775,2018-01-03,29.57
1776,2018-01-04,29.37
1777,2018-01-05,28.58
1778,2018-01-08,28.83
1779,2018-01-09,29.86
1780,2018-01-10,30.97
1781,2018-01-11,30.9
1782,2018-01-12,31.38
1783,2018-01-15,
1784,2018-01-16,33.06
1785,2018-01-17,32.86
1786,2018-01-18,33.19
1787,2018-01-19,33.08
1788,2018-01-22,32.14
1789,2018-01-23,34.21
1790,2018-01-24,27.16
1791,2018-01-25,27.8
1792,2018-01-26,27.7
1793,2018-01-29,29.82
1794,2018-01-30,29.51
1795,2018-01-31,29.09
1796,2018-02-01,28.39
1797,2018-02-02,32.11
1798,2018-02-05,30.09
1799,2018-02-06,36.42
1800,2018-02-07,38.08
1801,2018-02-08,42.6
1802,2018-02-09,39.86
1803,2018-02-12,35.71
1804,2018-02-13,35.64
1805,2018-02-14,29.79
1806,2018-02-15,29.62
1807,2018-02-16,29.69
1808,2018-02-19,
1809,2018-02-20,30.08
1810,2018-02-21,29.81
1811,2018-02-22,28.89
1812,2018-02-23,27.52
1813,2018-02-26,27.24
1814,2018-02-27,28.35
1815,2018-02-28,31.7
1816,2018-03-01,32.12
1817,2018-03-02,31.58
1818,2018-03-05,31.84
1819,2018-03-06,30.24
1820,2018-03-07,31.11
1821,2018-03-08,31.38
1822,2018-03-09,28.38
1823,2018-03-12,27.29
1824,2018-03-13,28.58
1825,2018-03-14,26.47
1826,2018-03-15,28.68
1827,2018-03-16,25.52
1828,2018-03-19,30.01
1829,2018-03-20,30.07
1830,2018-03-21,28.5
1831,2018-03-22,31.21
1832,2018-03-23,32.42
1833,2018-03-26,31.62
1834,2018-03-27,32.5
1835,2018-03-28,32.13
1836,2018-03-29,30.28
1837,2018-03-30,
1838,2018-04-02,32.94
1839,2018-04-03,33.42
1840,2018-04-04,33.96
1841,2018-04-05,30.42
1842,2018-04-06,31.13
1843,2018-04-09,33.54
1844,2018-04-10,32.02
1845,2018-04-11,31.04
1846,2018-04-12,30.04
1847,2018-04-13,30.15
1848,2018-04-16,30.08
1849,2018-04-17,28.34
1850,2018-04-18,26.59
1851,2018-04-19,26.44
1852,2018-04-20,26.69
1853,2018-04-23,27.58
1854,2018-04-24,27.64
1855,2018-04-25,30.24
1856,2018-04-26,27.7
1857,2018-04-27,26.53
1858,2018-04-30,27.75
1859,2018-05-01,27.9
1860,2018-05-02,28.4
1861,2018-05-03,28.81
1862,2018-05-04,27.96
1863,2018-05-07,28.24
1864,2018-05-08,28.47
1865,2018-05-09,28.22
1866,2018-05-10,26.61
1867,2018-05-11,27.25
1868,2018-05-14,27.87
1869,2018-05-15,28.29
1870,2018-05-16,28.87
1871,2018-05-17,31.83
1872,2018-05-18,32.32
1873,2018-05-21,31.41
1874,2018-05-22,31.96
1875,2018-05-23,31.58
1876,2018-05-24,31.01
1877,2018-05-25,31.0
1878,2018-05-28,
1879,2018-05-29,33.66
1880,2018-05-30,30.92
1881,2018-05-31,29.67
1882,2018-06-01,29.96
1883,2018-06-04,29.15
1884,2018-06-05,29.87
1885,2018-06-06,31.14
1886,2018-06-07,38.94
1887,2018-06-08,35.11
1888,2018-06-11,35.13
1889,2018-06-12,34.29
1890,2018-06-13,33.32
1891,2018-06-14,35.93
1892,2018-06-15,33.9
1893,2018-06-18,33.86
1894,2018-06-19,34.17
1895,2018-06-20,34.55
1896,2018-06-21,36.13
1897,2018-06-22,34.59
1898,2018-06-25,34.58
1899,2018-06-26,33.56
1900,2018-06-27,35.6
1901,2018-06-28,34.71
1902,2018-06-29,34.1
1903,2018-07-02,35.01
1904,2018-07-03,34.75
1905,2018-07-04,
1906,2018-07-05,34.78
1907,2018-07-06,33.54
1908,2018-07-09,33.08
1909,2018-07-10,31.34
1910,2018-07-11,32.7
1911,2018-07-12,32.54
1912,2018-07-13,32.96
1913,2018-07-16,31.97
1914,2018-07-17,31.14
1915,2018-07-18,31.79
1916,2018-07-19,33.31
1917,2018-07-20,32.23
1918,2018-07-23,33.29
1919,2018-07-24,32.51
1920,2018-07-25,32.0
1921,2018-07-26,32.13
1922,2018-07-27,31.29
1923,2018-07-30,31.65
1924,2018-07-31,32.18
1925,2018-08-01,31.64
1926,2018-08-02,32.42
1927,2018-08-03,32.71
1928,2018-08-06,34.23
1929,2018-08-07,35.41
1930,2018-08-08,34.79
1931,2018-08-09,35.11
1932,2018-08-10,38.56
1933,2018-08-13,34.17
1934,2018-08-14,31.82
1935,2018-08-15,34.71
1936,2018-08-16,34.81
1937,2018-08-17,37.07
1938,2018-08-20,37.9
1939,2018-08-21,40.85
1940,2018-08-22,40.08
1941,2018-08-23,43.36
1942,2018-08-24,43.6
1943,2018-08-27,44.98
1944,2018-08-28,46.13
1945,2018-08-29,45.98
1946,2018-08-30,47.91
1947,2018-08-31,46.65
1948,2018-09-03,
1949,2018-09-04,51.7
1950,2018-09-05,51.88
1951,2018-09-06,50.98
1952,2018-09-07,51.31
1953,2018-09-10,52.87
1954,2018-09-11,53.04
1955,2018-09-12,52.77
1956,2018-09-13,55.02
1957,2018-09-14,54.43
1958,2018-09-17,54.64
1959,2018-09-18,49.98
1960,2018-09-19,45.36
1961,2018-09-20,44.84
1962,2018-09-21,45.74
1963,2018-09-24,48.55
1964,2018-09-25,48.41
1965,2018-09-26,47.65
1966,2018-09-27,48.59
1967,2018-09-28,48.25
1968,2018-10-01,48.36
1969,2018-10-02,49.49
1970,2018-10-03,50.08
1971,2018-10-04,52.28
1972,2018-10-05,55.66
1973,2018-10-08,46.38
1974,2018-10-09,45.09
1975,2018-10-10,51.01
1976,2018-10-11,47.0
1977,2018-10-12,40.9
1978,2018-10-15,40.84
1979,2018-10-16,38.31
1980,2018-10-17,39.08
1981,2018-10-18,41.34
1982,2018-10-19,41.56
1983,2018-10-22,41.12
1984,2018-10-23,42.05
1985,2018-10-24,46.41
1986,2018-10-25,44.65
1987,2018-10-26,46.85
1988,2018-10-29,43.17
1989,2018-10-30,41.67
1990,2018-10-31,41.48
1991,2018-11-01,40.81
1992,2018-11-02,40.05
1993,2018-11-05,40.38
1994,2018-11-06,39.97
1995,2018-11-07,38.72
1996,2018-11-08,39.38
1997,2018-11-09,39.16
1998,2018-11-12,41.18
1999,2018-11-13,40.52
2000,2018-11-14,39.47
2001,2018-11-15,38.44
2002,2018-11-16,36.53
2003,2018-11-19,36.66
2004,2018-11-20,39.67
2005,2018-11-21,37.23
2006,2018-11-22,
2007,2018-11-23,37.82
2008,2018-11-26,39.76
2009,2018-11-27,37.41
2010,2018-11-28,36.47
2011,2018-11-29,36.38
2012,2018-11-30,35.04
2013,2018-12-03,32.8
2014,2018-12-04,33.9
2015,2018-12-05,
2016,2018-12-06,34.17
2017,2018-12-07,34.87
2018,2018-12-10,36.51
2019,2018-12-11,35.59
2020,2018-12-12,34.17
2021,2018-12-13,32.54
2022,2018-12-14,33.33
2023,2018-12-17,34.77
2024,2018-12-18,34.68
2025,2018-12-19,35.8
2026,2018-12-20,35.52
2027,2018-12-21,35.93
2028,2018-12-24,38.03
2029,2018-12-25,
2030,2018-12-26,37.09
2031,2018-12-27,37.43
2032,2018-12-28,37.28
2033,2018-12-31,37.02
2034,2019-01-01,
2035,2019-01-02,36.17
2036,2019-01-03,35.98
2037,2019-01-04,34.57
2038,2019-01-07,34.51
2039,2019-01-08,33.85
2040,2019-01-09,31.86
2041,2019-01-10,31.93
2042,2019-01-11,30.84
2043,2019-01-14,32.73
2044,2019-01-15,32.48
2045,2019-01-16,30.88
2046,2019-01-17,31.31
2047,2019-01-18,30.06
2048,2019-01-21,
2049,2019-01-22,33.35
2050,2019-01-23,32.46
2051,2019-01-24,32.08
2052,2019-01-25,32.37
2053,2019-01-28,33.9
2054,2019-01-29,33.02
2055,2019-01-30,32.19
2056,2019-01-31,32.0
2057,2019-02-01,30.61
2058,2019-02-04,31.3
2059,2019-02-05,30.7
2060,2019-02-06,33.2
2061,2019-02-07,32.26
2062,2019-02-08,31.51
2063,2019-02-11,31.91
2064,2019-02-12,31.77
2065,2019-02-13,30.92
2066,2019-02-14,29.89
2067,2019-02-15,31.04
2068,2019-02-18,
2069,2019-02-19,31.82
2070,2019-02-20,31.93
2071,2019-02-21,30.89
2072,2019-02-22,29.46
2073,2019-02-25,30.24
2074,2019-02-26,29.28
2075,2019-02-27,28.98
2076,2019-02-28,29.97
2077,2019-03-01,30.28
2078,2019-03-04,30.96
2079,2019-03-05,30.29
2080,2019-03-06,31.81
2081,2019-03-07,31.86
2082,2019-03-08,31.09
2083,2019-03-11,29.2
2084,2019-03-12,28.43
2085,2019-03-13,28.27
2086,2019-03-14,28.48
2087,2019-03-15,27.92
2088,2019-03-18,28.44
2089,2019-03-19,28.4
2090,2019-03-20,30.16
2091,2019-03-21,31.61
2092,2019-03-22,37.61
2093,2019-03-25,36.03
2094,2019-03-26,33.11
2095,2019-03-27,37.7
2096,2019-03-28,35.96
2097,2019-03-29,34.82
2098,2019-04-01,32.51
2099,2019-04-02,31.25
2100,2019-04-03,32.4
2101,2019-04-04,31.59
2102,2019-04-05,30.23
2103,2019-04-08,30.06
2104,2019-04-09,30.08
2105,2019-04-10,29.31
2106,2019-04-11,30.17
2107,2019-04-12,32.15
2108,2019-04-15,31.35
2109,2019-04-16,31.28
2110,2019-04-17,31.95
2111,2019-04-18,30.72
2112,2019-04-19,
2113,2019-04-22,31.7
2114,2019-04-23,31.02
2115,2019-04-24,31.63
2116,2019-04-25,30.66
2117,2019-04-26,30.48
2118,2019-04-29,31.12
2119,2019-04-30,30.24
2120,2019-05-01,31.03
2121,2019-05-02,30.55
2122,2019-05-03,29.73
2123,2019-05-06,32.39
2124,2019-05-07,33.7
2125,2019-05-08,33.21
2126,2019-05-09,34.36
2127,2019-05-10,33.48
2128,2019-05-13,36.77
2129,2019-05-14,34.21
2130,2019-05-15,33.98
2131,2019-05-16,34.35
2132,2019-05-17,34.93
2133,2019-05-20,35.55
2134,2019-05-21,33.29
2135,2019-05-22,33.01
2136,2019-05-23,32.93
2137,2019-05-24,32.3
2138,2019-05-27,
2139,2019-05-28,32.77
2140,2019-05-29,32.41
2141,2019-05-30,32.95
2142,2019-05-31,33.14
2143,2019-06-03,33.47
2144,2019-06-04,32.84
2145,2019-06-05,34.11
2146,2019-06-06,33.04
2147,2019-06-07,31.81
2148,2019-06-10,33.1
2149,2019-06-11,32.17
2150,2019-06-12,32.47
2151,2019-06-13,31.99
2152,2019-06-14,33.17
2153,2019-06-17,33.53
2154,2019-06-18,32.66
2155,2019-06-19,30.83
2156,2019-06-20,29.9
2157,2019-06-21,29.84
2158,2019-06-24,30.89
2159,2019-06-25,32.86
2160,2019-06-26,31.82
2161,2019-06-27,31.69
2162,2019-06-28,31.75
2163,2019-07-01,31.52
2164,2019-07-02,32.28
2165,2019-07-03,31.98
2166,2019-07-04,
2167,2019-07-05,30.35
2168,2019-07-08,31.38
2169,2019-07-09,30.9
2170,2019-07-10,28.86
2171,2019-07-11,27.34
2172,2019-07-12,27.94
2173,2019-07-15,27.28
2174,2019-07-16,27.12
2175,2019-07-17,26.99
2176,2019-07-18,25.84
2177,2019-07-19,26.77
2178,2019-07-22,27.59
2179,2019-07-23,27.84
2180,2019-07-24,27.21
2181,2019-07-25,28.49
2182,2019-07-26,27.28
2183,2019-07-29,28.4
2184,2019-07-30,28.71
2185,2019-07-31,29.44
2186,2019-08-01,30.53
2187,2019-08-02,29.5
2188,2019-08-05,34.21
2189,2019-08-06,32.41
2190,2019-08-07,32.38
2191,2019-08-08,30.38
2192,2019-08-09,29.86
2193,2019-08-12,32.93
2194,2019-08-13,31.32
2195,2019-08-14,35.31
2196,2019-08-15,35.36
2197,2019-08-16,33.52
2198,2019-08-19,35.06
2199,2019-08-20,34.13
2200,2019-08-21,33.13
2201,2019-08-22,32.85
2202,2019-08-23,36.42
2203,2019-08-26,37.35
2204,2019-08-27,36.94
2205,2019-08-28,34.94
2206,2019-08-29,33.15
2207,2019-08-30,31.47
2208,2019-09-02,
2209,2019-09-03,32.9
2210,2019-09-04,31.98
2211,2019-09-05,31.88
2212,2019-09-06,30.72
2213,2019-09-09,31.2
2214,2019-09-10,31.35
2215,2019-09-11,30.31
2216,2019-09-12,29.75
2217,2019-09-13,30.71
2218,2019-09-16,31.88
2219,2019-09-17,31.36
2220,2019-09-18,30.55
2221,2019-09-19,29.72
2222,2019-09-20,29.51
2223,2019-09-23,29.47
2224,2019-09-24,30.71
2225,2019-09-25,30.54
2226,2019-09-26,29.71
2227,2019-09-27,30.39
2228,2019-09-30,29.95
2229,2019-10-01,30.87
2230,2019-10-02,33.04
2231,2019-10-03,32.0
2232,2019-10-04,30.25
2233,2019-10-07,32.65
2234,2019-10-08,33.51
2235,2019-10-09,32.65
2236,2019-10-10,31.84
2237,2019-10-11,29.76
2238,2019-10-14,29.59
2239,2019-10-15,28.71
2240,2019-10-16,28.75
2241,2019-10-17,29.36
2242,2019-10-18,28.4
2243,2019-10-21,28.17
2244,2019-10-22,28.1
2245,2019-10-23,27.21
2246,2019-10-24,27.58
2247,2019-10-25,26.82
2248,2019-10-28,27.15
2249,2019-10-29,27.45
2250,2019-10-30,26.57
2251,2019-10-31,27.55
2252,2019-11-01,27.88
2253,2019-11-04,29.14
2254,2019-11-05,28.55
2255,2019-11-06,27.96
2256,2019-11-07,27.2
2257,2019-11-08,29.53
2258,2019-11-11,30.16
2259,2019-11-12,30.82
2260,2019-11-13,30.03
2261,2019-11-14,29.92
2262,2019-11-15,27.82
2263,2019-11-18,29.36
2264,2019-11-19,29.16
2265,2019-11-20,28.61
2266,2019-11-21,27.61
2267,2019-11-22,26.92
2268,2019-11-25,26.65
2269,2019-11-26,27.59
2270,2019-11-27,27.11
2271,2019-11-28,
2272,2019-11-29,26.74
2273,2019-12-02,25.84
2274,2019-12-03,26.46
2275,2019-12-04,25.25
2276,2019-12-05,25.57
2277,2019-12-06,24.44
2278,2019-12-09,25.44
2279,2019-12-10,26.0
2280,2019-12-11,25.25
2281,2019-12-12,24.36
2282,2019-12-13,23.95
2283,2019-12-16,23.86
2284,2019-12-17,23.73
2285,2019-12-18,24.26
2286,2019-12-19,23.95
2287,2019-12-20,24.36
2288,2019-12-23,23.73
2289,2019-12-24,24.13
2290,2019-12-25,
2291,2019-12-26,23.96
2292,2019-12-27,25.88
2293,2019-12-30,27.69
2294,2019-12-31,27.42
2295,2020-01-01,
2296,2020-01-02,25.39
2297,2020-01-03,26.32
2298,2020-01-06,27.86
2299,2020-01-07,27.55
2300,2020-01-08,28.14
2301,2020-01-09,26.8
2302,2020-01-10,26.68
2303,2020-01-13,25.82
2304,2020-01-14,25.08
2305,2020-01-15,25.89
2306,2020-01-16,24.9
2307,2020-01-17,23.96
2308,2020-01-20,
2309,2020-01-21,26.33
2310,2020-01-22,24.66
2311,2020-01-23,24.14
2312,2020-01-24,25.24
2313,2020-01-27,29.84
2314,2020-01-28,27.63
2315,2020-01-29,27.58
2316,2020-01-30,28.32
2317,2020-01-31,31.0
2318,2020-02-03,29.33
2319,2020-02-04,27.61
2320,2020-02-05,26.43
2321,2020-02-06,27.63
2322,2020-02-07,28.09
2323,2020-02-10,27.58
2324,2020-02-11,26.68
2325,2020-02-12,25.88
2326,2020-02-13,26.57
2327,2020-02-14,25.42
2328,2020-02-17,
2329,2020-02-18,26.05
2330,2020-02-19,24.77
2331,2020-02-20,25.34
2332,2020-02-21,27.26
2333,2020-02-24,32.37
2334,2020-02-25,34.23
2335,2020-02-26,34.17
2336,2020-02-27,40.03
2337,2020-02-28,46.45
2338,2020-03-02,37.63
2339,2020-03-03,40.98
2340,2020-03-04,36.28
2341,2020-03-05,42.87
2342,2020-03-06,48.23
2343,2020-03-09,64.79
2344,2020-03-10,58.14
2345,2020-03-11,77.2
2346,2020-03-12,100.13
2347,2020-03-13,103.74
2348,2020-03-16,144.42
2349,2020-03-17,125.96
2350,2020-03-18,144.17
2351,2020-03-19,140.83
2352,2020-03-20,134.93
2353,2020-03-23,134.61
2354,2020-03-24,117.11
2355,2020-03-25,105.55
2356,2020-03-26,87.04
2357,2020-03-27,97.32
2358,2020-03-30,90.9
2359,2020-03-31,84.5
2360,2020-04-01,89.73
2361,2020-04-02,85.32
2362,2020-04-03,87.19
2363,2020-04-06,80.26
2364,2020-04-07,79.14
2365,2020-04-08,76.53
2366,2020-04-09,73.97
2367,2020-04-10,
2368,2020-04-13,77.38
2369,2020-04-14,71.57
2370,2020-04-15,70.48
2371,2020-04-16,72.49
2372,2020-04-17,67.52
2373,2020-04-20,71.33
2374,2020-04-21,74.17
2375,2020-04-22,66.3
2376,2020-04-23,65.28
2377,2020-04-24,74.33
2378,2020-04-27,69.98
2379,2020-04-28,66.99
2380,2020-04-29,62.56
2381,2020-04-30,65.59
2382,2020-05-01,71.25
2383,2020-05-04,68.73
2384,2020-05-05,66.94
2385,2020-05-06,68.48
2386,2020-05-07,69.43
2387,2020-05-08,64.3
2388,2020-05-11,68.92
2389,2020-05-12,70.11
2390,2020-05-13,71.43
2391,2020-05-14,64.17
2392,2020-05-15,61.76
2393,2020-05-18,56.33
2394,2020-05-19,56.08
2395,2020-05-20,52.94
2396,2020-05-21,51.99
2397,2020-05-22,54.95
2398,2020-05-25,
2399,2020-05-26,52.17
2400,2020-05-27,51.15
2401,2020-05-28,52.92
2402,2020-05-29,50.32
2403,2020-06-01,50.23
2404,2020-06-02,48.33
2405,2020-06-03,49.7
2406,2020-06-04,49.24
2407,2020-06-05,47.35
2408,2020-06-08,46.64
2409,2020-06-09,49.35
2410,2020-06-10,51.19
2411,2020-06-11,61.62
2412,2020-06-12,60.49
2413,2020-06-15,60.67
2414,2020-06-16,61.17
2415,2020-06-17,60.5
2416,2020-06-18,58.27
2417,2020-06-19,56.7
2418,2020-06-22,57.01
2419,2020-06-23,55.56
2420,2020-06-24,60.79
2421,2020-06-25,58.17
2422,2020-06-26,63.15
2423,2020-06-29,59.68
2424,2020-06-30,57.52
2425,2020-07-01,54.85
2426,2020-07-02,55.18
2427,2020-07-03,
2428,2020-07-06,52.07
2429,2020-07-07,53.76
2430,2020-07-08,51.0
2431,2020-07-09,50.25
2432,2020-07-10,48.07
2433,2020-07-13,51.07
2434,2020-07-14,50.58
2435,2020-07-15,47.03
2436,2020-07-16,45.29
2437,2020-07-17,43.29
2438,2020-07-20,42.45
2439,2020-07-21,43.29
2440,2020-07-22,43.2
2441,2020-07-23,49.04
2442,2020-07-24,47.9
2443,2020-07-27,45.86
2444,2020-07-28,46.98
2445,2020-07-29,44.72
2446,2020-07-30,45.22
2447,2020-07-31,47.12
2448,2020-08-03,48.35
2449,2020-08-04,48.7
2450,2020-08-05,44.67
2451,2020-08-06,43.4
2452,2020-08-07,44.55
2453,2020-08-10,42.26
2454,2020-08-11,43.39
2455,2020-08-12,43.33
2456,2020-08-13,43.18
2457,2020-08-14,43.44
2458,2020-08-17,45.7
2459,2020-08-18,43.6
2460,2020-08-19,44.08
2461,2020-08-20,44.37
2462,2020-08-21,44.26
2463,2020-08-24,43.55
2464,2020-08-25,42.42
2465,2020-08-26,46.89
2466,2020-08-27,47.15
2467,2020-08-28,43.66
2468,2020-08-31,46.97
2469,2020-09-01,45.96
2470,2020-09-02,46.9
2471,2020-09-03,50.59
2472,2020-09-04,46.86
2473,2020-09-07,
2474,2020-09-08,50.51
2475,2020-09-09,45.96
2476,2020-09-10,46.5
2477,2020-09-11,44.3
2478,2020-09-14,41.01
2479,2020-09-15,41.12
2480,2020-09-16,40.47
2481,2020-09-17,40.68
2482,2020-09-18,44.25
2483,2020-09-21,45.3
2484,2020-09-22,45.65
2485,2020-09-23,47.79
2486,2020-09-24,46.1
2487,2020-09-25,44.78
2488,2020-09-28,49.23
2489,2020-09-29,49.23
2490,2020-09-30,46.65
2491,2020-10-01,46.37
2492,2020-10-02,48.52
2493,2020-10-05,46.56
2494,2020-10-06,47.31
2495,2020-10-07,47.77
2496,2020-10-08,45.84
2497,2020-10-09,43.59
2498,2020-10-12,41.25
2499,2020-10-13,41.29
2500,2020-10-14,41.76
2501,2020-10-15,41.32
2502,2020-10-16,41.14
2503,2020-10-19,43.11
2504,2020-10-20,42.54
2505,2020-10-21,42.7
2506,2020-10-22,42.66
2507,2020-10-23,42.84
2508,2020-10-26,45.38
2509,2020-10-27,46.38
2510,2020-10-28,57.22
2511,2020-10-29,52.42
2512,2020-10-30,57.9
2513,2020-11-02,55.79
2514,2020-11-03,54.7
2515,2020-11-04,46.6
2516,2020-11-05,44.52
2517,2020-11-06,42.54
2518,2020-11-09,42.76
2519,2020-11-10,41.21
2520,2020-11-11,40.96
2521,2020-11-12,44.95
2522,2020-11-13,41.46
2523,2020-11-16,42.03
2524,2020-11-17,41.9
2525,2020-11-18,43.81
2526,2020-11-19,44.4
2527,2020-11-20,43.46
2528,2020-11-23,41.72
2529,2020-11-24,41.66
2530,2020-11-25,39.9
2531,2020-11-26,
2532,2020-11-27,39.67
2533,2020-11-30,41.39
2534,2020-12-01,42.53
2535,2020-12-02,42.0
2536,2020-12-03,41.19
2537,2020-12-04,40.87
2538,2020-12-07,44.19
2539,2020-12-08,40.1
2540,2020-12-09,40.01
2541,2020-12-10,39.27
2542,2020-12-11,39.41
2543,2020-12-14,39.62
2544,2020-12-15,39.12
2545,2020-12-16,39.42
2546,2020-12-17,40.21
2547,2020-12-18,38.96
2548,2020-12-21,41.58
2549,2020-12-22,41.91
2550,2020-12-23,40.82
2551,2020-12-24,38.97
2552,2020-12-25,
2553,2020-12-28,39.15
2554,2020-12-29,39.23
2555,2020-12-30,39.05
2556,2020-12-31,39.48
2557,2021-01-01,
2558,2021-01-04,43.44
2559,2021-01-05,41.77
2560,2021-01-06,41.07
2561,2021-01-07,40.66
2562,2021-01-08,39.49
2563,2021-01-11,43.02
2564,2021-01-12,40.51
2565,2021-01-13,39.75
2566,2021-01-14,39.75
2567,2021-01-15,44.56
2568,2021-01-18,
2569,2021-01-19,45.36
2570,2021-01-20,43.94
2571,2021-01-21,45.59
2572,2021-01-22,47.13
2573,2021-01-25,47.15
2574,2021-01-26,46.02
2575,2021-01-27,50.64
2576,2021-01-28,47.7
2577,2021-01-29,50.11
2578,2021-02-01,47.51
2579,2021-02-02,43.56
2580,2021-02-03,41.53
2581,2021-02-04,41.11
2582,2021-02-05,39.59
2583,2021-02-08,40.81
2584,2021-02-09,40.93
2585,2021-02-10,41.41
2586,2021-02-11,41.14
2587,2021-02-12,40.7
2588,2021-02-15,
2589,2021-02-16,41.63
2590,2021-02-17,40.58
2591,2021-02-18,40.74
2592,2021-02-19,39.79
2593,2021-02-22,47.56
2594,2021-02-23,44.57
2595,2021-02-24,42.79
2596,2021-02-25,51.67
2597,2021-02-26,51.6
2598,2021-03-01,49.47
2599,2021-03-02,49.74
2600,2021-03-03,51.41
2601,2021-03-04,50.14
2602,2021-03-05,46.49
2603,2021-03-08,51.33
2604,2021-03-09,49.24
2605,2021-03-10,46.42
2606,2021-03-11,43.27
2607,2021-03-12,42.96
2608,2021-03-15,43.23
2609,2021-03-16,41.89
2610,2021-03-17,40.86
2611,2021-03-18,42.52
2612,2021-03-19,42.92
2613,2021-03-22,42.07
2614,2021-03-23,41.73
2615,2021-03-24,43.15
2616,2021-03-25,40.5
2617,2021-03-26,40.61
2618,2021-03-29,39.45
2619,2021-03-30,38.41
2620,2021-03-31,36.38
2621,2021-04-01,36.88
2622,2021-04-02,
2623,2021-04-05,37.6
2624,2021-04-06,35.74
2625,2021-04-07,35.06
2626,2021-04-08,36.29
2627,2021-04-09,41.22
2628,2021-04-12,42.57
2629,2021-04-13,42.1
2630,2021-04-14,40.96
2631,2021-04-15,39.43
2632,2021-04-16,38.32
2633,2021-04-19,38.64
2634,2021-04-20,37.89
2635,2021-04-21,38.16
2636,2021-04-22,40.42
2637,2021-04-23,34.58
2638,2021-04-26,34.77
2639,2021-04-27,35.16
2640,2021-04-28,34.63
2641,2021-04-29,35.67
2642,2021-04-30,39.61
2643,2021-05-03,40.97
2644,2021-05-04,47.68
2645,2021-05-05,40.97
2646,2021-05-06,37.16
2647,2021-05-07,35.68
2648,2021-05-10,38.38
2649,2021-05-11,38.26
2650,2021-05-12,42.49
2651,2021-05-13,41.0
2652,2021-05-14,38.45
2653,2021-05-17,37.56
2654,2021-05-18,38.27
2655,2021-05-19,38.77
2656,2021-05-20,38.43
2657,2021-05-21,36.49
2658,2021-05-24,38.55
2659,2021-05-25,35.4
2660,2021-05-26,35.38
2661,2021-05-27,36.55
2662,2021-05-28,31.62
2663,2021-05-31,
2664,2021-06-01,32.25
2665,2021-06-02,35.88
2666,2021-06-03,34.03
2667,2021-06-04,31.72
2668,2021-06-07,32.1
2669,2021-06-08,31.7
2670,2021-06-09,32.22
2671,2021-06-10,32.33
2672,2021-06-11,31.26
2673,2021-06-14,31.17
2674,2021-06-15,31.35
2675,2021-06-16,32.36
2676,2021-06-17,32.0
2677,2021-06-18,32.33
2678,2021-06-21,33.99
2679,2021-06-22,33.1
2680,2021-06-23,31.64
2681,2021-06-24,30.61
2682,2021-06-25,38.92
2683,2021-06-28,38.83
2684,2021-06-29,33.77
2685,2021-06-30,33.86
2686,2021-07-01,38.36
2687,2021-07-02,32.93
2688,2021-07-05,
2689,2021-07-06,41.1
2690,2021-07-07,35.33
2691,2021-07-08,37.03
2692,2021-07-09,34.38
2693,2021-07-12,30.35
2694,2021-07-13,31.47
2695,2021-07-14,30.52
2696,2021-07-15,32.32
2697,2021-07-16,31.99
2698,2021-07-19,37.8
2699,2021-07-20,36.3
2700,2021-07-21,34.71
2701,2021-07-22,33.33
2702,2021-07-23,32.14
2703,2021-07-26,33.82
2704,2021-07-27,35.28
2705,2021-07-28,32.59
2706,2021-07-29,34.06
2707,2021-07-30,45.0
2708,2021-08-02,35.27
2709,2021-08-03,35.04
2710,2021-08-04,38.11
2711,2021-08-05,37.51
2712,2021-08-06,33.16
2713,2021-08-09,32.96
2714,2021-08-10,32.69
2715,2021-08-11,32.26
2716,2021-08-12,33.14
2717,2021-08-13,32.73
2718,2021-08-16,33.24
2719,2021-08-17,35.14
2720,2021-08-18,37.73
2721,2021-08-19,38.39
2722,2021-08-20,37.22
2723,2021-08-23,35.37
2724,2021-08-24,34.08
2725,2021-08-25,34.25
2726,2021-08-26,35.59
2727,2021-08-27,35.55
2728,2021-08-30,34.0
2729,2021-08-31,33.02
2730,2021-09-01,32.84
2731,2021-09-02,34.6
2732,2021-09-03,35.28
2733,2021-09-06,
2734,2021-09-07,35.25
2735,2021-09-08,38.77
2736,2021-09-09,39.59
2737,2021-09-10,38.35
2738,2021-09-13,38.09
2739,2021-09-14,37.77
2740,2021-09-15,37.1
2741,2021-09-16,37.22
2742,2021-09-17,38.82
2743,2021-09-20,45.17
2744,2021-09-21,43.9
2745,2021-09-22,40.4
2746,2021-09-23,37.24
2747,2021-09-24,37.14
2748,2021-09-27,38.81
2749,2021-09-28,40.9
2750,2021-09-29,40.22
2751,2021-09-30,40.21
2752,2021-10-01,38.99
2753,2021-10-04,40.31
2754,2021-10-05,39.31
2755,2021-10-06,38.67
2756,2021-10-07,36.93
2757,2021-10-08,35.12
2758,2021-10-11,34.58
2759,2021-10-12,31.85
2760,2021-10-13,31.43
2761,2021-10-14,30.89
2762,2021-10-15,29.01
2763,2021-10-18,33.1
2764,2021-10-19,38.31
2765,2021-10-20,37.45
2766,2021-10-21,41.72
2767,2021-10-22,44.97
2768,2021-10-25,41.47
2769,2021-10-26,42.04
2770,2021-10-27,42.99
2771,2021-10-28,41.44
2772,2021-10-29,43.89
2773,2021-11-01,44.29
2774,2021-11-02,44.61
2775,2021-11-03,46.92
2776,2021-11-04,47.02
2777,2021-11-05,45.8
2778,2021-11-08,47.56
2779,2021-11-09,46.09
2780,2021-11-10,45.64
2781,2021-11-11,44.77
2782,2021-11-12,45.58
2783,2021-11-15,47.48
2784,2021-11-16,46.84
2785,2021-11-17,48.46
2786,2021-11-18,48.06
2787,2021-11-19,48.81
2788,2021-11-22,49.08
2789,2021-11-23,47.4
2790,2021-11-24,47.07
2791,2021-11-25,
2792,2021-11-26,50.45
2793,2021-11-29,47.88
2794,2021-11-30,48.86
2795,2021-12-01,48.78
2796,2021-12-02,47.52
2797,2021-12-03,47.11
2798,2021-12-06,45.9
2799,2021-12-07,43.38
2800,2021-12-08,41.71
2801,2021-12-09,41.71
2802,2021-12-10,39.38
2803,2021-12-13,38.15
2804,2021-12-14,37.09
2805,2021-12-15,39.06
2806,2021-12-16,38.41
2807,2021-12-17,39.97
2808,2021-12-20,40.87
2809,2021-12-21,37.96
2810,2021-12-22,36.14
2811,2021-12-23,34.54
2812,2021-12-24,
2813,2021-12-27,35.7
2814,2021-12-28,34.43
2815,2021-12-29,34.41
2816,2021-12-30,34.42
2817,2021-12-31,33.56
2818,2022-01-03,35.55
2819,2022-01-04,35.53
2820,2022-01-05,36.97
2821,2022-01-06,35.11
2822,2022-01-07,34.74
2823,2022-01-10,35.16
2824,2022-01-11,33.63
2825,2022-01-12,33.45
2826,2022-01-13,34.83
2827,2022-01-14,34.15
2828,2022-01-17,
2829,2022-01-18,37.4
2830,2022-01-19,36.62
2831,2022-01-20,37.5
2832,2022-01-21,40.31
2833,2022-01-24,42.34
2834,2022-01-25,39.94
2835,2022-01-26,39.21
2836,2022-01-27,39.46
2837,2022-01-28,38.96
2838,2022-01-31,36.49
2839,2022-02-01,34.69
2840,2022-02-02,34.35
2841,2022-02-03,36.26
2842,2022-02-04,34.03
2843,2022-02-07,34.14
2844,2022-02-08,32.67
2845,2022-02-09,31.98
2846,2022-02-10,33.47
2847,2022-02-11,37.22
2848,2022-02-14,39.25
2849,2022-02-15,35.11
2850,2022-02-16,32.4
2851,2022-02-17,34.23
2852,2022-02-18,37.87
2853,2022-02-21,
2854,2022-02-22,35.45
2855,2022-02-23,36.29
2856,2022-02-24,37.59
2857,2022-02-25,33.76
2858,2022-02-28,36.81
2859,2022-03-01,37.63
2860,2022-03-02,36.37
2861,2022-03-03,37.44
2862,2022-03-04,41.39
2863,2022-03-07,45.06
2864,2022-03-08,46.66
2865,2022-03-09,38.11
2866,2022-03-10,39.06
2867,2022-03-11,41.31
2868,2022-03-14,41.57
2869,2022-03-15,40.17
2870,2022-03-16,38.06
2871,2022-03-17,36.04
2872,2022-03-18,34.79
2873,2022-03-21,34.23
2874,2022-03-22,33.36
2875,2022-03-23,34.12
2876,2022-03-24,34.67
2877,2022-03-25,33.78
2878,2022-03-28,34.31
2879,2022-03-29,32.52
2880,2022-03-30,32.43
2881,2022-03-31,32.51
2882,2022-04-01,29.99
2883,2022-04-04,31.08
2884,2022-04-05,33.33
2885,2022-04-06,34.24
2886,2022-04-07,33.59
2887,2022-04-08,32.58
2888,2022-04-11,22.1
2889,2022-04-12,29.08
2890,2022-04-13,28.68
2891,2022-04-14,27.78
2892,2022-04-15,
2893,2022-04-18,29.77
2894,2022-04-19,29.46
2895,2022-04-20,30.3
2896,2022-04-21,33.62
2897,2022-04-22,38.75
2898,2022-04-25,43.18
2899,2022-04-26,46.63
2900,2022-04-27,43.86
2901,2022-04-28,42.26
2902,2022-04-29,43.97
2903,2022-05-02,46.74
2904,2022-05-03,45.17
2905,2022-05-04,41.46
2906,2022-05-05,47.45
2907,2022-05-06,46.17
2908,2022-05-09,51.9
2909,2022-05-10,50.09
2910,2022-05-11,47.27
2911,2022-05-12,48.16
2912,2022-05-13,46.3
2913,2022-05-16,45.29
2914,2022-05-17,44.54
2915,2022-05-18,46.73
2916,2022-05-19,45.59
2917,2022-05-20,45.73
2918,2022-05-23,42.54
2919,2022-05-24,42.64
2920,2022-05-25,40.85
2921,2022-05-26,38.75
2922,2022-05-27,37.91
2923,2022-05-30,
2924,2022-05-31,38.22
2925,2022-06-01,37.73
2926,2022-06-02,37.07
2927,2022-06-03,36.65
2928,2022-06-06,39.2
2929,2022-06-07,37.59
2930,2022-06-08,38.22
2931,2022-06-09,37.64
2932,2022-06-10,39.79
2933,2022-06-13,46.1
2934,2022-06-14,45.71
2935,2022-06-15,40.71
2936,2022-06-16,47.2
2937,2022-06-17,43.38
2938,2022-06-20,
2939,2022-06-21,41.25
2940,2022-06-22,40.92
2941,2022-06-23,40.5
2942,2022-06-24,39.75
2943,2022-06-27,39.39
2944,2022-06-28,39.3
2945,2022-06-29,39.66
2946,2022-06-30,39.27
2947,2022-07-01,38.77
2948,2022-07-04,
2949,2022-07-05,40.9
2950,2022-07-06,40.63
2951,2022-07-07,38.29
2952,2022-07-08,38.88
2953,2022-07-11,36.99
2954,2022-07-12,39.87
2955,2022-07-13,38.56
2956,2022-07-14,39.49
2957,2022-07-15,36.87
2958,2022-07-18,38.72
2959,2022-07-19,38.21
2960,2022-07-20,37.44
2961,2022-07-21,37.21
2962,2022-07-22,37.12
2963,2022-07-25,37.84
2964,2022-07-26,37.73
2965,2022-07-27,36.11
2966,2022-07-28,36.0
2967,2022-07-29,35.44
2968,2022-08-01,38.22
2969,2022-08-02,37.87
2970,2022-08-03,37.38
2971,2022-08-04,37.15
2972,2022-08-05,37.41
2973,2022-08-08,38.41
2974,2022-08-09,38.59
2975,2022-08-10,37.15
2976,2022-08-11,38.79
2977,2022-08-12,35.89
2978,2022-08-15,36.68
2979,2022-08-16,36.32
2980,2022-08-17,36.16
2981,2022-08-18,35.34
2982,2022-08-19,36.89
2983,2022-08-22,39.58
2984,2022-08-23,41.05
2985,2022-08-24,41.12
2986,2022-08-25,41.23
2987,2022-08-26,41.95
2988,2022-08-29,43.88
2989,2022-08-30,44.9
2990,2022-08-31,44.87
2991,2022-09-01,45.03
2992,2022-09-02,44.35
2993,2022-09-05,
2994,2022-09-06,47.36
2995,2022-09-07,46.66
2996,2022-09-08,45.6
2997,2022-09-09,44.06
2998,2022-09-12,43.42
2999,2022-09-13,44.62
3000,2022-09-14,44.69
3001,2022-09-15,43.26
3002,2022-09-16,42.22
3003,2022-09-19,43.17
3004,2022-09-20,43.27
3005,2022-09-21,44.04
3006,2022-09-22,44.23
3007,2022-09-23,46.49
3008,2022-09-26,50.97
3009,2022-09-27,51.79
3010,2022-09-28,52.0
3011,2022-09-29,55.76
3012,2022-09-30,55.47
3013,2022-10-03,48.56
3014,2022-10-04,46.62
3015,2022-10-05,45.83
3016,2022-10-06,45.29
3017,2022-10-07,46.66
3018,2022-10-10,48.73
3019,2022-10-11,48.92
3020,2022-10-12,48.23
3021,2022-10-13,47.44
3022,2022-10-14,48.8
3023,2022-10-17,48.61
3024,2022-10-18,49.88
3025,2022-10-19,50.83
3026,2022-10-20,53.61
3027,2022-10-21,54.54
3028,2022-10-24,60.01
3029,2022-10-25,58.05
3030,2022-10-26,59.88
3031,2022-10-27,59.57
3032,2022-10-28,59.61
3033,2022-10-31,49.84
3034,2022-11-01,49.58
3035,2022-11-02,49.92
3036,2022-11-03,48.29
3037,2022-11-04,47.93
3038,2022-11-07,53.2
3039,2022-11-08,52.42
3040,2022-11-09,53.55
3041,2022-11-10,58.91
3042,2022-11-11,57.46
3043,2022-11-14,58.34
3044,2022-11-15,56.74
3045,2022-11-16,58.23
3046,2022-11-17,57.03
3047,2022-11-18,55.11
3048,2022-11-21,53.69
3049,2022-11-22,53.69
3050,2022-11-23,52.39
3051,2022-11-24,
3052,2022-11-25,52.84
3053,2022-11-28,51.78
3054,2022-11-29,50.06
3055,2022-11-30,48.2
3056,2022-12-01,46.19
3057,2022-12-02,45.5
3058,2022-12-05,45.9
3059,2022-12-06,46.22
3060,2022-12-07,45.81
3061,2022-12-08,44.98
3062,2022-12-09,44.25
3063,2022-12-12,45.35
3064,2022-12-13,43.98
3065,2022-12-14,41.53
3066,2022-12-15,42.35
3067,2022-12-16,41.84
3068,2022-12-19,40.04
3069,2022-12-20,36.72
3070,2022-12-21,36.16
3071,2022-12-22,37.05
3072,2022-12-23,36.97
3073,2022-12-26,
3074,2022-12-27,38.71
3075,2022-12-28,39.2
3076,2022-12-29,39.4
3077,2022-12-30,39.99
3078,2023-01-02,
3079,2023-01-03,43.03
3080,2023-01-04,41.37
3081,2023-01-05,41.6
3082,2023-01-06,40.39
3083,2023-01-09,42.49
3084,2023-01-10,40.84
3085,2023-01-11,41.32
3086,2023-01-12,40.27
3087,2023-01-13,39.01
3088,2023-01-16,
3089,2023-01-17,39.56
3090,2023-01-18,39.7
3091,2023-01-19,39.72
3092,2023-01-20,37.73
3093,2023-01-23,38.22
3094,2023-01-24,36.08
3095,2023-01-25,35.88
3096,2023-01-26,34.94
3097,2023-01-27,35.62
3098,2023-01-30,35.9
3099,2023-01-31,36.16
3100,2023-02-01,35.77
3101,2023-02-02,35.99
3102,2023-02-03,36.85
3103,2023-02-06,37.14
3104,2023-02-07,36.5
3105,2023-02-08,35.61
3106,2023-02-09,38.06
3107,2023-02-10,36.59
3108,2023-02-13,36.6
3109,2023-02-14,34.64
3110,2023-02-15,33.86
3111,2023-02-16,33.96
3112,2023-02-17,34.64
3113,2023-02-20,
3114,2023-02-21,36.32
3115,2023-02-22,35.88
3116,2023-02-23,33.84
3117,2023-02-24,34.31
3118,2023-02-27,34.63
3119,2023-02-28,35.05
3120,2023-03-01,35.28
3121,2023-03-02,35.02
3122,2023-03-03,33.35
3123,2023-03-06,33.2
3124,2023-03-07,32.89
3125,2023-03-08,33.91
3126,2023-03-09,34.79
3127,2023-03-10,36.77
3128,2023-03-13,37.76
3129,2023-03-14,37.21
3130,2023-03-15,41.05
3131,2023-03-16,40.33
3132,2023-03-17,37.3
